Datetime,Timestamp,Price,VIX,3-Month-LIBOR,3-Month-VM,100-Calls,100-Calls-P,100-Calls-ROI,100-Puts,100-Puts-P,100-Puts-ROI,100-Calls,100-Calls-P,100-Calls-ROI
2015-11-19,1447909200000,13.07,16.99,0.3776,,,,,,,,,,
2015-11-20,1447995600000,12.85,15.47,0.3821,,,,,,,,,,
2015-11-23,1448254800000,12.12,15.62,0.3932,,,,,,,,,,
2015-11-24,1448341200000,12.02,15.93,0.4023,,,,,,,,,,
2015-11-25,1448427600000,11.9,15.19,0.4067,,,,,,,,,,
2015-11-27,1448600400000,12.05,15.12,0.4117,,,,,,,,,,
2015-11-30,1448859600000,12.04,16.13,0.4142,,,,,,,,,,
2015-12-01,1448946000000,11.91,14.67,0.4162,,,,,,,,,,
2015-12-02,1449032400000,11.93,15.91,0.4222,,,,,,,,,,
2015-12-03,1449118800000,11.92,18.11,0.436,,,,,,,,,,
2015-12-04,1449205200000,12.04,14.81,0.452,,,,,,,,,,
2015-12-07,1449464400000,12.36,15.84,0.462,,,,,,,,,,
2015-12-08,1449550800000,12.12,17.6,0.47700000000000004,,,,,,,,,,
2015-12-09,1449637200000,11.99,19.61,0.4865,,,,,,,,,,
2015-12-10,1449723600000,12.05,19.34,0.4920000000000001,,,,,,,,,,
2015-12-11,1449810000000,11.95,24.39,0.502,,,,,,,,,,
2015-12-14,1450069200000,12.33,22.73,0.512,,,,,,,,,,
2015-12-15,1450155600000,12.47,20.95,0.51775,,,,,,,,,,
2015-12-16,1450242000000,12.27,17.86,0.52575,,,,,,,,,,
2015-12-17,1450328400000,12.32,18.94,0.5325,,,,,,,,,,
2015-12-18,1450414800000,12.34,20.7,0.5695,,,,,,,,,,
2015-12-21,1450674000000,12.24,18.7,0.5855,,,,,,,,,,
2015-12-22,1450760400000,12.46,16.6,0.5931,,,,,,,,,,
2015-12-23,1450846800000,12.5,15.57,0.59435,,,,,,,,,,
2015-12-24,1450933200000,12.6,15.74,0.6031,,,,,,,,,,
2015-12-28,1451278800000,12.83,16.91,0.6031,,,,,,,,,,
2015-12-29,1451365200000,12.74,16.08,0.6031,,,,,,,,,,
2015-12-30,1451451600000,12.78,17.29,0.6031,,,,,,,,,,
2015-12-31,1451538000000,13.09,18.21,0.6122,,,,,,,,,,
2016-01-04,1451883600000,12.16,20.7,0.6127,,,,,,,,,,
2016-01-05,1451970000000,11.51,19.34,0.6127,,,,,,,,,,
2016-01-06,1452056400000,11.52,20.59,0.6117,,,,,,,,,,
2016-01-07,1452142800000,11.16,24.99,0.6171,,,,,,,,,,
2016-01-08,1452229200000,11.31,27.01,0.6201,,,,,,,,,,
2016-01-11,1452488400000,11.84,24.3,0.61685,,,,,,,,,,
2016-01-12,1452574800000,12.09,22.47,0.6211,,,,,,,,,,
2016-01-13,1452661200000,11.61,25.22,0.6221,,,,,,,,,,
2016-01-14,1452747600000,10.82,23.95,0.6236,,,,,,,,,,
2016-01-15,1452834000000,10.27,27.02,0.622,,,,,,,,,,
2016-01-19,1453179600000,9.47,26.05,0.6211,,,,,,,,,,
2016-01-20,1453266000000,9.49,27.59,0.6196,,,,,,,,,,
2016-01-21,1453352400000,10.02,26.69,0.6238,,,,,,,,,,
2016-01-22,1453438800000,9.85,22.34,0.6243,,,,,,,,,,
2016-01-25,1453698000000,9.81,24.15,0.6213,,,,,,,,,,
2016-01-26,1453784400000,9.54,22.5,0.6186,,,,,,,,,,
2016-01-27,1453870800000,9.05,23.11,0.6191,,,,,,,,,,
2016-01-28,1453957200000,8.74,22.42,0.6213,,,,,,,,,,
2016-01-29,1454043600000,8.77,20.2,0.6211,,,,,,,,,,
2016-02-01,1454302800000,8.76,19.98,0.6181,,,,,,,,,,
2016-02-02,1454389200000,8.47,21.98,0.6156,,,,,,,,,,
2016-02-03,1454475600000,8.43,21.65,0.6126,,,,,,,,,,
2016-02-04,1454562000000,8.9,21.84,0.6186,,,,,,,,,,
2016-02-05,1454648400000,8.63,23.38,0.6192,,,,,,,,,,
2016-02-08,1454907600000,8.37,26.0,0.6206,,,,,,,,,,
2016-02-09,1454994000000,8.62,26.54,0.6202,,,,,,,,,,
2016-02-10,1455080400000,8.88,26.29,0.6197,,,,,,,,,,
2016-02-11,1455166800000,8.62,28.14,0.621,,,,,,,,,,
2016-02-12,1455253200000,9.3,25.4,0.6176,,,,,,,,,,
2016-02-16,1455598800000,9.93,24.11,0.6172,,,,,,,,,,
2016-02-17,1455685200000,9.84,22.31,0.6182,,,,,,,,,,
2016-02-18,1455771600000,9.98,21.64,0.6182,,,,,,,,,,
2016-02-19,1455858000000,9.97,20.53,0.6182,,,,,,,,,,
2016-02-22,1456117200000,10.38,19.38,0.6194,,,,,,,,,,
2016-02-23,1456203600000,9.71,20.98,0.6182,,,,,,,,,,
2016-02-24,1456290000000,9.89,20.72,0.6182,,,,,,,,,,
2016-02-25,1456376400000,10.26,19.11,0.6246,,,,,,,,,,
2016-02-26,1456462800000,10.32,19.81,0.6291,,,,,,,,,,
2016-02-29,1456722000000,10.44,20.55,0.6346,,,,,,,,,,
2016-03-01,1456808400000,10.72,17.7,0.6356,,,,,,,,,,
2016-03-02,1456894800000,11.97,17.09,0.6351,,,,,,,,,,
2016-03-03,1456981200000,12.25,16.7,0.6331,,,,,,,,,,
2016-03-04,1457067600000,12.01,16.86,0.6316,,,,,,,,,,
2016-03-07,1457326800000,12.26,17.35,0.63485,,,,,,,,,,
2016-03-08,1457413200000,11.48,18.67,0.6356,,,,,,,,,,
2016-03-09,1457499600000,12.03,18.34,0.6335,,,,,,,,,,
2016-03-10,1457586000000,11.3,18.05,0.6361,,,,,,,,,,
2016-03-11,1457672400000,11.1,16.5,0.63515,,,,,,,,,,
2016-03-14,1457928000000,11.61,16.92,0.6346,,,,,,,,,,
2016-03-15,1458014400000,11.95,16.84,0.63235,,,,,,,,,,
2016-03-16,1458100800000,11.87,14.99,0.63385,,,,,,,,,,
2016-03-17,1458187200000,11.95,14.44,0.63955,,,,,,,,,,
2016-03-18,1458273600000,12.04,14.02,0.64195,,,,,,,,,,
2016-03-21,1458532800000,13.4,13.79,0.639,,,,,,,,,,
2016-03-22,1458619200000,13.06,14.17,0.6234,,,,,,,,,,
2016-03-23,1458705600000,12.59,14.94,0.6243,,,,,,,,,,
2016-03-24,1458792000000,12.88,14.74,0.6246,,,,,,,,,,
2016-03-25,1458878400000,13.4,15.24,0.6301,,,,,,,,,,
2016-03-28,1459137600000,13.74,13.82,0.6286,,,,,,,,,,
2016-03-29,1459224000000,15.02,13.56,0.6286,,,,,,,,,,
2016-03-30,1459310400000,15.28,13.95,0.6286,,,,,,,,,,
2016-03-31,1459396800000,14.22,13.1,0.63085,,,,,,,,,,
2016-04-01,1459483200000,14.28,14.12,0.6251,60.320358949698964,1.7097373734680508,-1.7097373734680508,-100.0,1.6877439571046082,1.5222560428953908,90.19472630830099,,,
2016-04-04,1459742400000,14.26,15.42,0.6286,59.472094691250525,1.6837166607001386,-1.6837166607001386,-100.0,1.6616311717580006,1.228368828242,73.92548052299655,,,
2016-04-05,1459828800000,14.97,14.09,0.6291,59.958316620294106,1.7818067843901346,-1.7818067843901346,-100.0,1.758603239748305,1.5513967602516958,88.21755386244682,,,
2016-04-06,1459915200000,14.81,16.16,0.6301,59.962628647705564,1.7629039215195323,-1.7629039215195323,-100.0,1.7399119161942798,1.5900880838057203,91.38899900655487,,,
2016-04-07,1460001600000,15.13,15.36,0.6266,60.02307987131598,1.802727768313713,-1.802727768313713,-100.0,1.7793693460407392,1.7106306539592608,96.1369070320095,,,
2016-04-08,1460088000000,15.36,16.26,0.6306,60.056942122368184,1.8312172478143705,-1.8312172478143705,-100.0,1.8073524792126772,2.1526475207873217,119.10501938863979,,,
2016-04-11,1460347200000,15.48,14.85,0.6288,60.0187370652172,1.8443355226182137,-1.8443355226182137,-100.0,1.820352909669632,1.9096470903303688,104.90532248919482,,,
2016-04-12,1460433600000,15.01,13.84,0.6308,60.283630277447855,1.7961540289377345,-1.7961540289377345,-100.0,1.7728256632022124,1.4371743367977867,81.06687344551709,,,
2016-04-13,1460520000000,14.82,13.72,0.62985,60.33544784266954,1.7749056982300109,-1.7749056982300109,-100.0,1.7519072896921788,1.2480927103078212,71.24193829498356,,,
2016-04-14,1460606400000,14.33,13.62,0.6296,60.62107015890726,1.7242282838252336,-1.7242282838252336,-100.0,1.7019991013636178,0.2380008986363817,13.983608948189149,,,
2016-04-15,1460692800000,14.51,13.35,0.62835,60.50859949041504,1.7426726411552391,-1.7426726411552391,-100.0,1.7202088898794852,0.6297911101205145,36.61131585970565,,,
2016-04-18,1460952000000,14.09,13.24,0.63285,60.62827577346074,1.695599325912997,-1.695599325912997,-100.0,1.673629702191204,0.10637029780879548,6.3556650356724615,,,
2016-04-19,1461038400000,13.63,13.28,0.6331,60.874092256543406,1.6468033727842952,-1.6468033727842952,-100.0,1.6255426082950333,-0.035542608295031634,-2.1865073307620557,,,
2016-04-20,1461124800000,13.24,13.95,0.63435,61.08349103191661,1.6051261198432618,-1.6051261198432618,-100.0,1.5844329526095544,-0.35443295260955393,-22.36970343401432,,,
2016-04-21,1461211200000,13.34,13.22,0.63485,61.072177431154564,1.6169613566230794,-1.6169613566230794,-100.0,1.596095475725086,-0.3260954757250865,-20.43082514076706,,,
2016-04-22,1461297600000,13.59,14.08,0.6351,60.93156949401507,1.6435286528356832,-1.6435286528356832,-100.0,1.6222633678996283,-0.222263367899628,-13.70081900988716,,,
2016-04-25,1461556800000,14.18,13.96,0.6381,61.302275055580864,1.7252134507368266,-1.7252134507368266,-100.0,1.7029202202390892,0.4770797797609108,28.015392270926768,,,
2016-04-26,1461643200000,14.69,13.77,0.63585,61.489181550759014,1.792598845571339,-1.792598845571339,-100.0,1.7695851848233577,0.8704148151766411,49.187505786195146,,,
2016-04-27,1461729600000,15.35,15.22,0.63385,61.8879825093563,1.8850802698340792,-1.8850802698340792,-100.0,1.8611082195298083,1.6588917804701913,89.1346222139245,,,
2016-04-28,1461816000000,14.89,15.7,0.63435,62.131877512675715,1.835701136538132,-1.835701136538132,-100.0,1.8124291380404047,1.147570861959596,63.31672989987061,,,
2016-04-29,1461902400000,14.0,14.68,0.63835,63.01962438533842,1.750344971880219,-1.750344971880219,-100.0,1.7283261136376602,0.4916738863623405,28.44798111205411,,,
2016-05-02,1462161600000,13.45,15.6,0.6366,63.33883230421111,1.6899503680922232,-1.6899503680922232,-100.0,1.6688544829395004,0.5111455170604993,30.628525272028128,,,
2016-05-03,1462248000000,13.39,16.05,0.6366,63.34377263269071,1.6825408875926628,-1.6825408875926628,-100.0,1.661539110477796,0.3984608895222044,23.981433058630923,,,
2016-05-04,1462334400000,13.05,15.91,0.6366,63.485961737121784,1.6434453776462383,-1.6434453776462383,-100.0,1.6229768794125556,0.19702312058744464,12.139613514319324,,,
2016-05-05,1462420800000,10.22,14.72,0.6341,75.47953588737576,1.526058555191768,-0.4660585551917693,-30.54001785227719,1.5100917207907285,-1.5100917207907285,-100.0,,,
2016-05-06,1462507200000,9.85,14.57,0.6318,75.69484091933924,1.4749106610053617,0.055089338994639185,3.7350966706748165,1.4595776567815353,-1.4595776567815353,-100.0,,,
2016-05-09,1462766400000,10.0,13.63,0.6318,75.74821699956065,1.4984092703709404,-0.1284092703709412,-8.569706081647016,1.4828427686208618,-1.4828427686208618,-100.0,,,
2016-05-10,1462852800000,9.68,14.69,0.6296,75.77436848723991,1.4509300880461788,0.41906991195382215,28.8828466241362,1.435914143438472,-1.435914143438472,-100.0,,,
2016-05-11,1462939200000,9.28,14.41,0.6281,75.1269980328912,1.3792747548760826,1.000725245123918,72.55445237332904,1.3649135739548064,-1.3649135739548064,-100.0,,,
2016-05-12,1463025600000,9.36,15.04,0.6266,74.63400095640901,1.3821726723041723,1.1578273276958289,83.76864561832605,1.3677222537664968,-1.3677222537664968,-100.0,,,
2016-05-13,1463112000000,9.16,14.68,0.6261,74.7016747761105,1.3538403845240423,1.1661596154759573,86.13715684703361,1.339710011335966,-1.339710011335966,-100.0,,,
2016-05-16,1463371200000,9.18,15.57,0.6276,74.54170771021252,1.35395352219071,1.2960464778092904,95.72311431431372,1.3397583956746004,-1.3397583956746004,-100.0,,,
2016-05-17,1463457600000,9.4,15.95,0.6261,74.62262015419046,1.387866281902571,0.7621337180974291,54.91405966377754,1.3733656805960313,-1.3733656805960313,-100.0,,,
2016-05-18,1463544000000,9.6,16.33,0.6251,74.28747520625501,1.411124432764009,0.7688755672359909,54.48673053799892,1.396338942771779,-1.396338942771779,-100.0,,,
2016-05-19,1463630400000,9.39,15.2,0.6356,74.2553714412605,1.3797734448495156,1.060226555150484,76.84062619904365,1.365068654062818,-1.365068654062818,-100.0,,,
2016-05-20,1463716800000,9.46,15.82,0.6539,73.99900139252587,1.3855220312473868,0.7944779687526129,57.34141723010666,1.3702814318712342,-1.3702814318712342,-100.0,,,
2016-05-23,1463976000000,10.14,14.42,0.6613,74.05095061527591,1.4862199975452937,0.03378000245470592,2.272880361621997,1.469699158887417,-1.469699158887417,-100.0,,,
2016-05-24,1464062400000,10.0,13.9,0.6623,73.57347686859595,1.4564171817809672,0.2135828182190327,14.664947714902318,1.4400998241571887,-1.4400998241571887,-100.0,,,
2016-05-25,1464148800000,9.75,13.43,0.6653,72.42195552854385,1.3981767731109749,0.4818232268890261,34.46082327751437,1.3821953440925867,-1.3821953440925867,-100.0,,,
2016-05-26,1464235200000,9.63,13.12,0.66655,72.45243770251285,1.3815529038211969,0.6784470961788021,49.10757266712734,1.3657385365042023,-1.3657385365042023,-100.0,,,
2016-05-27,1464321600000,9.53,14.19,0.67405,71.88946639826008,1.3568320531012494,0.6331679468987508,46.66516725128563,1.3410059569116817,-1.3410059569116817,-100.0,,,
2016-05-31,1464667200000,9.6,14.2,0.67305,71.8463921774147,1.3659825512104016,0.5140174487895992,37.62986930792979,1.3500638407260288,-1.3500638407260288,-100.0,,,
2016-06-01,1464753600000,9.65,13.63,0.67305,71.84930191106656,1.3731517440608272,0.4468482559391731,32.541797210096156,1.3571501236260157,-1.3571501236260157,-100.0,,,
2016-06-02,1464840000000,9.46,13.47,0.6858,71.77414060150083,1.3448584340600434,0.3751415659399555,27.894502234515986,1.3288749624145204,-1.3288749624145204,-100.0,,,
2016-06-03,1464926400000,9.51,13.65,0.6813,71.2238684086541,1.3417251354438555,0.41827486455614427,31.174407746171866,1.325762528775333,-1.325762528775333,-100.0,,,
2016-06-06,1465185600000,9.57,14.05,0.6801,70.97707798839572,1.3455756237934595,0.2744243762065395,20.394571018823875,1.3295405758971066,-1.3295405758971066,-100.0,,,
2016-06-07,1465272000000,9.55,14.08,0.68215,70.97776066379814,1.3427970747205429,0.22720292527945585,16.920123640181476,1.326747345614682,-1.326747345614682,-100.0,,,
2016-06-08,1465358400000,9.34,14.64,0.66065,71.08301509918604,1.3149719414129055,0.2750280585870941,20.915127534324654,1.2997694671899862,-1.2997694671899862,-100.0,,,
2016-06-09,1465444800000,9.14,17.03,0.6566,70.94674581872313,1.2843474452542742,0.9156525547457249,71.29321260606741,1.2695616324952166,-1.2695616324952166,-100.0,,,
2016-06-10,1465531200000,8.92,20.97,0.6579999999999999,71.06640313867665,1.255526546255588,1.1244734537444128,89.56190190466137,1.241065885870345,-1.241065885870345,-100.0,,,
2016-06-13,1465790400000,8.89,20.5,0.65605,70.48697319489091,1.2412456687168576,1.0587543312831411,85.29772614454579,1.2268763187145484,-1.2268763187145484,-100.0,,,
2016-06-14,1465876800000,9.06,20.14,0.6556,70.36303791125037,1.2627883486061866,0.9972116513938132,78.96902537107616,1.2481542557658312,-1.2481542557658312,-100.0,,,
2016-06-15,1465963200000,9.05,19.37,0.6525,70.16637051460579,1.2578948843162676,1.042105115683731,82.8451668479573,1.2433460091354225,-1.2433460091354225,-100.0,,,
2016-06-16,1466049600000,9.04,19.41,0.65635,70.00025456811504,1.2536142672175932,0.776385732782408,61.93178819714634,1.238995788428466,-1.238995788428466,-100.0,,,
2016-06-17,1466136000000,9.2,18.37,0.6466,69.88608561913843,1.2736585914108578,0.7363414085891438,57.81309163654942,1.2590022015559628,-1.2590022015559628,-100.0,,,
2016-06-20,1466395200000,9.35,18.48,0.6444,69.74799292121816,1.2918852054138918,0.5081147945861089,39.33126507345674,1.2770404925640362,-1.2770404925640362,-100.0,,,
2016-06-21,1466481600000,8.78,21.17,0.6465,69.38733923691075,1.2069731712137508,1.1530268287862504,95.5304439473786,1.192988038900301,-1.192988038900301,-100.0,,,
2016-06-22,1466568000000,9.13,17.25,0.64185,68.81163435324703,1.244789663985769,0.8252103360142296,66.29315456973973,1.2303515539731644,-1.2303515539731644,-100.0,,,
2016-06-23,1466654400000,8.77,25.76,0.6401,69.11271564723043,1.2008412163701867,1.099158783629814,91.53239984152685,1.18701019090643,-1.18701019090643,-100.0,,,
2016-06-24,1466740800000,8.62,23.85,0.6401,69.11411360407513,1.180325817167185,1.9796741828328148,167.7226875867282,1.1667313542826263,-1.1667313542826263,-100.0,,,
2016-06-27,1467000000000,8.9,18.75,0.6236,69.34235514043425,1.2224710991895242,1.867528900810476,152.7667117896376,1.2087965850130282,-1.2087965850130282,-100.0,,,
2016-06-28,1467086400000,9.3,16.64,0.6271,69.40719515294353,1.2786244099664863,1.6013755900335127,125.24206307585555,1.264255174271887,-1.264255174271887,-100.0,,,
2016-06-29,1467172800000,9.05,15.63,0.6311,68.66265872430023,1.2311483160310082,1.938851683968992,157.48319343192438,1.2170762281928649,-1.2170762281928649,-100.0,,,
2016-06-30,1467259200000,9.27,14.77,0.6461,68.71377396320732,1.2621497740756338,1.8078502259243665,143.23579206345698,1.247393278778123,-1.247393278778123,-100.0,,,
2016-07-01,1467345600000,8.94,15.58,0.6541,68.67270803277633,1.2165791128204675,1.8434208871795332,151.52494956993147,1.2021718614296355,-1.2021718614296355,-100.0,,,
2016-07-05,1467691200000,9.0,14.96,0.65335,68.67546238215347,1.2247852179128411,1.4252147820871592,116.36446629523094,1.2102978905882726,-1.2102978905882726,-100.0,,,
2016-07-06,1467777600000,9.08,14.76,0.65635,68.66233687892812,1.2354688147909827,1.564531185209018,126.63461565994335,1.2207856524673921,-1.2207856524673921,-100.0,,,
2016-07-07,1467864000000,9.3,13.2,0.6571,68.63444384997017,1.2649044805403706,1.7850955194596283,141.1249265792015,1.2498483879746658,-1.2498483879746658,-100.0,,,
2016-07-08,1467950400000,9.24,13.54,0.6611,65.9750976220066,1.208820113287059,1.58117988671294,130.8035719569018,1.1937701705449388,-1.1937701705449388,-100.0,,,
2016-07-11,1468209600000,9.4,13.55,0.6646,65.91615457722288,1.2287053602854705,1.4112946397145285,114.86029810976295,1.2133138216681587,-1.2133138216681587,-100.0,,,
2016-07-12,1468296000000,9.29,13.04,0.6671,65.87179150453585,1.213546966412049,1.7164530335879524,141.4410056713986,1.198278368366502,-1.198278368366502,-100.0,,,
2016-07-13,1468382400000,9.37,12.82,0.6691,65.78120880707725,1.2223597789243694,1.5676402210756315,128.24703889186338,1.2069135645593023,-1.2069135645593023,-100.0,,,
2016-07-14,1468468800000,9.17,12.67,0.67335,64.99886525903638,1.1822967996574123,1.8677032003425884,157.97244827895858,1.1670843427096935,-1.1670843427096935,-100.0,,,
2016-07-15,1468555200000,9.27,12.44,0.6801,64.50338218455876,1.1862828327077048,2.0037171672922964,168.90720425573284,1.1707504508896065,-1.1707504508896065,-100.0,,,
2016-07-18,1468814400000,9.35,11.97,0.6791,63.733007121289546,1.18243283625052,1.89756716374948,160.47991104227472,1.166789426338239,-1.166789426338239,-100.0,,,
2016-07-19,1468900800000,9.58,11.77,0.68785,63.828314736451,1.2133947235428932,1.9566052764571067,161.25051794721614,1.1971601587372058,-1.1971601587372058,-100.0,,,
2016-07-20,1468987200000,9.46,12.74,0.6956,63.36436916439125,1.1896956103274992,1.8803043896724996,158.04919958937143,1.173483932601461,-1.173483932601461,-100.0,,,
2016-07-21,1469073600000,9.73,12.02,0.6971,63.354423735925934,1.2234775997803,1.5065224002197004,123.13444892576919,1.206767294960513,-1.206767294960513,-100.0,,,
2016-07-22,1469160000000,9.85,12.87,0.7016,63.396372976002375,1.2394224760459478,1.8505775239540518,149.30966314713237,1.2223969769785938,-1.2223969769785938,-100.0,,,
2016-07-25,1469419200000,10.1,13.05,0.7145,63.54256414667958,1.2739072248147758,1.3360927751852252,104.88148188181371,1.2561289038643215,-1.2561289038643215,-100.0,,,
2016-07-26,1469505600000,10.13,12.83,0.721,63.52814988838985,1.2774769190171726,1.6525230809828269,129.35835132381072,1.2594837207239171,-1.2594837207239171,-100.0,,,
2016-07-27,1469592000000,10.12,12.72,0.7335,60.795950833208074,1.2222767347914516,1.8577232652085485,151.98876100063532,1.2039899398142948,-1.2039899398142948,-100.0,,,
2016-07-28,1469678400000,10.07,11.87,0.7515,60.67676195694988,1.2140866251403972,1.9859133748596018,163.57262601669387,1.1954440549984708,-1.1954440549984708,-100.0,,,
2016-07-29,1469764800000,10.19,12.44,0.7565,60.45495181348749,1.2241868868836256,2.705813113116374,221.0294148799844,1.2051967642050772,-1.2051967642050772,-100.0,,,
2016-08-01,1470024000000,10.05,13.37,0.7591,60.33442644511301,1.2050258522356705,2.6849741477643283,222.81465105357918,1.1862323242299313,-1.1862323242299313,-100.0,,,
2016-08-02,1470110400000,10.44,12.86,0.7591,60.30500458592439,1.2511869170024266,2.1988130829975745,175.73817733528222,1.2316640879098977,-1.2316640879098977,-100.0,,,
2016-08-03,1470196800000,11.32,12.42,0.7676,61.74256756207053,1.388594432949274,1.1414055670507253,82.19862761702582,1.3671891927587394,-1.3671891927587394,-100.0,,,
2016-08-04,1470283200000,11.15,11.39,0.7776,59.81529123350646,1.3258152993357657,1.5941847006642345,120.24183922624232,1.3044571076829363,-1.3044571076829363,-100.0,,,
2016-08-05,1470369600000,11.26,11.5,0.7876,59.75670854538578,1.337726847868027,1.232273152131973,92.11694854565272,1.3158808390146977,-1.3158808390146977,-100.0,,,
2016-08-08,1470628800000,11.3,11.66,0.79235,58.630749518774316,1.3176282745028782,1.5123717254971218,114.77984760669449,1.2955725681693266,-1.2955725681693266,-100.0,,,
2016-08-09,1470715200000,11.07,12.05,0.8065,58.69634026294958,1.292402514265941,2.0175974857340595,156.11216037288622,1.2704102531337762,-1.2704102531337762,-100.0,,,
2016-08-10,1470801600000,11.37,11.68,0.816,58.9042373268225,1.3321734637467433,1.6578265362532567,124.4452454105048,1.309319400257186,-1.309319400257186,-100.0,,,
2016-08-11,1470888000000,11.66,11.55,0.8176,58.45778470579504,1.3559789302520482,1.4640210697479519,107.9678332078376,1.3324960489497713,-1.3324960489497713,-100.0,,,
2016-08-12,1470974400000,11.48,11.81,0.8170000000000001,58.48190039338397,1.3355807360242693,1.5644192639757308,117.13400933234959,1.312477319101288,-1.312477319101288,-100.0,,,
2016-08-15,1471233600000,11.64,12.64,0.81825,58.40712721769676,1.3525066695061838,1.0574933304938163,78.18766105456024,1.3290454492855428,-1.3290454492855428,-100.0,,,
2016-08-16,1471320000000,11.4,12.19,0.80411,58.40295105247226,1.3243501532282471,1.3456498467717528,101.60831283868437,1.3017693448839127,-1.3017693448839127,-100.0,,,
2016-08-17,1471406400000,11.75,11.43,0.80128,58.64415290478885,1.3705234377833335,0.8794765622166665,64.17085165935727,1.3473311893502036,-1.3473311893502036,-100.0,,,
2016-08-18,1471492800000,11.8,11.34,0.81128,58.46732938310456,1.37239886044258,0.7776011395574187,56.659996009225274,1.3488175405636529,-1.3488175405636529,-100.0,,,
2016-08-19,1471579200000,11.82,12.27,0.8109999999999999,58.446850881257504,1.3742473321303574,0.5357526678696427,38.985170670778686,1.3506341882646016,-1.3506341882646016,-100.0,,,
2016-08-22,1471838400000,12.39,12.38,0.81711,58.790035330466786,1.448927048641285,-0.20892704864128486,-14.419431871135531,1.4239889094919225,-1.4239889094919225,-100.0,,,
2016-08-23,1471924800000,12.16,13.45,0.82544,58.81014728470952,1.422619788101129,0.22738021189887106,15.983203228346165,1.3978953267506729,-1.3978953267506729,-100.0,,,
2016-08-24,1472011200000,12.31,13.63,0.82544,58.67319550035842,1.436867599881337,0.5031324001186626,35.01591936238339,1.4118381492872458,-1.4118381492872458,-100.0,,,
2016-08-25,1472097600000,12.04,13.65,0.82544,58.53352362158768,1.4020593862177142,1.1179406137822872,79.73561068608626,1.3775789162621621,-1.3775789162621621,-100.0,,,
2016-08-26,1472184000000,12.01,12.94,0.8293299999999999,58.3466889484216,1.3942230519167556,1.5957769480832449,114.45635946769035,1.3696886172998326,-1.3696886172998326,-100.0,,,
2016-08-29,1472443200000,12.07,13.12,0.83344,58.33762286013706,1.4010284203076342,1.5889715796923658,113.41465716615969,1.3762493458018639,-1.3762493458018639,-100.0,,,
2016-08-30,1472529600000,12.19,13.42,0.83344,58.27279366232318,1.4134098773616095,1.306590122638391,92.44240779450209,1.3883844491739268,-1.3883844491739268,-100.0,,,
2016-08-31,1472616000000,12.0,13.48,0.84211,57.84910656588295,1.3815365103715678,1.5184634896284326,109.91120960097088,1.3566451345873567,-1.3566451345873567,-100.0,,,
2016-09-01,1472702400000,12.05,11.98,0.8393299999999999,57.515883563687154,1.3793912854948278,1.3106087145051717,95.01355621766294,1.3544786248651324,-1.3544786248651324,-100.0,,,
2016-09-02,1472788800000,11.83,12.02,0.83567,57.04386436003835,1.343220828049292,1.576779171950708,117.387933467396,1.3188695458330502,-1.3188695458330502,-100.0,,,
2016-09-06,1473134400000,11.93,11.94,0.83511,56.8831159854175,1.3508105998391216,1.4091894001608782,104.32176060276026,1.3262699134630989,-1.3262699134630989,-100.0,,,
2016-09-07,1473220800000,11.78,12.51,0.83344,56.02448393007518,1.313984332807726,1.5460156671922751,117.65860738147038,1.2898006130332471,-1.2898006130332471,-100.0,,,
2016-09-08,1473307200000,11.27,17.5,0.8335600000000001,56.109414081526936,1.2589744335791435,2.2010255664208573,174.82686762459133,1.235834389114288,-1.235834389114288,-100.0,,,
2016-09-09,1473393600000,11.33,15.16,0.84544,56.12091244701358,1.2660805874091017,2.293919412590899,181.18273318487246,1.2424861432936636,-1.2424861432936636,-100.0,,,
2016-09-12,1473652800000,11.23,17.85,0.8522200000000001,55.98869316237339,1.2520799063444077,2.1279200936555918,169.95082205801867,1.2285063612955307,-1.2285063612955307,-100.0,,,
2016-09-13,1473739200000,11.28,18.14,0.8557799999999999,38.04577685880295,0.8599436409146364,2.5200563590853644,293.049013817351,0.8361663294809984,-0.8361663294809984,-100.0,,,
2016-09-14,1473825600000,11.38,16.3,0.8502799999999999,37.51920218164328,0.8556896072639137,2.364310392736085,276.30467551148826,0.8318555112952772,-0.8318555112952772,-100.0,,,
2016-09-15,1473912000000,11.37,15.37,0.8538899999999999,37.451531400619395,0.8534689507734488,2.1865310492265517,256.193391364153,0.8295548024939636,-0.8295548024939636,-100.0,,,
2016-09-16,1473998400000,11.55,15.53,0.85656,37.08132430823347,0.8585908858845839,2.1214091141154148,247.08032067330674,0.8342222695512076,-0.8342222695512076,-100.0,,,
2016-09-19,1474257600000,11.66,15.92,0.85711,36.339515986252415,0.8497308737076521,1.940269126292347,228.33925261845815,0.8251143958105365,-0.8251143958105365,-100.0,,,
2016-09-20,1474344000000,11.9,13.3,0.86067,36.44846191668896,0.8698248351837785,1.8501751648162204,212.70663816184452,0.8445974334478832,-0.8445974334478832,-100.0,,,
2016-09-21,1474430400000,11.68,12.02,0.8658899999999999,36.39634327250432,0.8526147001495588,1.827385299850441,214.32721011377072,0.8277036710235288,-0.8277036710235288,-100.0,,,
2016-09-22,1474516800000,11.83,12.29,0.8633299999999999,36.435102460805886,0.8644330519314298,1.6655669480685695,192.67737904597018,0.8392766195854255,-0.8392766195854255,-100.0,,,
2016-09-23,1474603200000,11.55,14.5,0.85672,36.53449735865426,0.8461474233933322,1.8838525766066665,222.63881263761246,0.8217742599624449,-0.8217742599624449,-100.0,,,
2016-09-26,1474862400000,11.78,13.1,0.8529399999999999,36.5157516917169,0.8625106128737947,1.7574893871262065,203.7643781878157,0.8377616612752908,-0.8377616612752908,-100.0,,,
2016-09-27,1474948800000,11.83,12.39,0.8529399999999999,36.282844919469255,0.8607416197270226,1.7092583802729775,198.57972951453837,0.8358876216446536,-0.8358876216446536,-100.0,,,
2016-09-28,1475035200000,11.64,14.02,0.8537799999999999,36.408283285359786,0.8498061312243808,1.9801938687756195,233.01713132177602,0.8253272513065575,-0.8253272513065575,-100.0,,,
2016-09-29,1475121600000,11.66,13.29,0.8376899999999999,34.591957223761945,0.8093042868383273,2.2606957131616734,279.33816117463454,0.7852449818242109,-0.7852449818242109,-100.0,,,
2016-09-30,1475208000000,11.67,13.57,0.8456100000000001,34.49326898766239,0.8078348048205823,2.132165195179417,263.93579262197846,0.7835274375140333,-0.7835274375140333,-100.0,,,
2016-10-03,1475467200000,11.63,13.63,0.85367,34.200770937882034,0.7984676082005021,2.0715323917994968,259.43850076374264,0.7740129060532537,-0.7740129060532537,-100.0,,,
2016-10-04,1475553600000,11.69,12.99,0.8578899999999999,34.11830180237723,0.8007433470142136,1.8392566529857868,229.6936540083597,0.7760410976657521,-0.7760410976657521,-100.0,,,
2016-10-05,1475640000000,11.52,12.84,0.8643299999999999,34.16954075718625,0.7903484863060726,1.9996515136939284,253.0088370308509,0.7658229222778443,-0.7658229222778443,-100.0,,,
2016-10-06,1475726400000,11.48,13.48,0.8679399999999999,34.170677596012766,0.7876780004245179,1.6223219995754825,205.9625886086871,0.7631356248856189,-0.7631356248856189,-100.0,,,
2016-10-07,1475812800000,11.47,13.38,0.87156,34.169630867331264,0.7870163396797363,2.212983660320264,281.1864949615661,0.7623931803135422,-0.7623931803135422,-100.0,,,
2016-10-10,1476072000000,11.18,15.36,0.8760600000000001,34.286258078802206,0.7697469816970246,2.6802530183029765,348.19922416505614,0.7456225931746223,-0.7456225931746223,-100.0,,,
2016-10-11,1476158400000,11.27,15.91,0.87389,34.29708227832653,0.7761556724586667,2.993844327541333,385.72730107834997,0.7518972527098766,-0.7518972527098766,-100.0,,,
2016-10-12,1476244800000,11.19,16.69,0.8775,34.32176050759204,0.7712374004638072,5.188762599536191,672.7840994764739,0.7470517874170808,-0.7470517874170808,-100.0,,,
2016-10-13,1476331200000,11.12,16.12,0.8811100000000001,34.342108741722754,0.7669054889277378,5.543094511072263,722.7871740522337,0.742772402192589,-0.742772402192589,-100.0,,,
2016-10-14,1476417600000,10.93,16.21,0.88,34.25353819741561,0.7518792328388395,6.2481207671611605,831.0005775223219,0.7281883423879174,-0.7281883423879174,-100.0,,,
2016-10-17,1476676800000,11.34,15.28,0.8816700000000001,34.519210111751235,0.7860448078077438,5.193955192192257,660.7708798023929,0.7614186433907744,-0.7614186433907744,-100.0,,,
2016-10-18,1476763200000,11.3,14.41,0.87761,34.23678913217476,0.7769272309183729,5.143071769081624,661.9759952295939,0.7525008100175938,-0.7525008100175938,-100.0,,,
2016-10-19,1476849600000,11.19,13.75,0.8806700000000001,34.285380072418015,0.7704759135652548,5.029524086434744,652.7814819234802,0.7462030239597714,-0.7462030239597714,-100.0,,,
2016-10-20,1476936000000,11.32,13.34,0.8817799999999999,34.207579393997676,0.7777051460367161,4.792293853963283,616.2096108512873,0.7531193503203877,-0.7531193503203877,-100.0,,,
2016-10-21,1477022400000,11.35,13.02,0.8817799999999999,34.202225763793265,0.7796464024965388,4.730354597503462,606.7307669677167,0.7549954500777805,-0.7549954500777805,-100.0,,,
2016-10-24,1477281600000,11.07,13.46,0.8837200000000001,34.505751635774935,0.7670620331898874,4.922937966810113,641.791374595571,0.7429663711031029,-0.7429663711031029,-100.0,,,
2016-10-25,1477368000000,11.21,14.24,0.8856700000000001,34.45330496292693,0.7756291714158507,4.844370828584147,624.573057217681,0.7511749937899737,-0.7511749937899737,-100.0,,,
2016-10-26,1477454400000,11.15,15.36,0.89039,34.39435822387705,0.7702429607639658,5.149757039236034,668.5886533942804,0.7457901869624735,-0.7457901869624735,-100.0,,,
2016-10-27,1477540800000,11.14,16.19,0.88733,32.60203244089388,0.730142061444913,5.039857938555087,690.2571711293376,0.7057950879519712,-0.7057950879519712,-100.0,,,
2016-10-28,1477627200000,11.2,17.06,0.88594,32.01778582597653,0.7211506185045637,5.008849381495437,694.563556207189,0.6967108153185739,-0.6967108153185739,-100.0,,,
2016-10-31,1477886400000,11.07,18.56,0.88428,31.29291973582417,0.6969304226182009,5.003069577381798,717.8721741815291,0.6728195081151345,-0.6728195081151345,-100.0,,,
2016-11-01,1477972800000,11.78,19.32,0.88094,32.659102384021125,0.7733274340300973,4.396673565969904,568.5397119635599,0.7477669150328188,-0.7477669150328188,-100.0,,,
2016-11-02,1478059200000,11.99,22.08,0.8756700000000001,32.39243159821089,0.7807338456502029,4.439265154349797,568.6016020802497,0.7548731309942651,-0.7548731309942651,-100.0,,,
2016-11-03,1478145600000,12.18,22.51,0.88094,31.72677546424434,0.7771888429107277,4.322812157089275,556.2112987751443,0.7507603945756811,-0.7507603945756811,-100.0,,,
2016-11-04,1478232000000,12.22,18.71,0.88261,31.311219405229448,0.7697479077158942,4.250252092284104,552.1615648032171,0.7431824561186868,-0.7431824561186868,-100.0,,,
2016-11-07,1478494800000,12.34,18.74,0.8867799999999999,31.135027502727016,0.7730778251756867,3.3969221748243146,439.40235564929617,0.7461248959510902,-0.7461248959510902,-100.0,,,
2016-11-08,1478581200000,12.0,14.38,0.88233,30.86701703918581,0.7453703155762827,3.664629684423717,491.6522174069154,0.7192913959885958,-0.7192913959885958,-100.0,,,
2016-11-09,1478667600000,11.65,14.74,0.8865,31.346803464284932,0.7347138315930355,4.2252871684069655,575.0929119226637,0.7092760205676969,-0.7092760205676969,-100.0,,,
2016-11-10,1478754000000,11.88,14.17,0.9020600000000001,31.455571970960943,0.7519836945250686,3.978017305474931,529.0031332377935,0.7255888803323547,-0.7255888803323547,-100.0,,,
2016-11-11,1478840400000,12.35,14.48,0.9056700000000001,31.831867917601787,0.7909526269632429,3.449047373036757,436.06244615166327,0.7634038863040331,-0.7634038863040331,-100.0,,,
2016-11-14,1479099600000,12.03,13.37,0.91122,32.17146237455327,0.7785938511573702,4.4414061488426295,570.4394071749391,0.7515946626533818,-0.7515946626533818,-100.0,,,
2016-11-15,1479186000000,12.04,13.72,0.90622,32.082793651685336,0.7770653131434813,4.41293468685652,567.8975257568462,0.7501917875495199,-0.7501917875495199,-100.0,,,
2016-11-16,1479272400000,12.22,13.35,0.9087200000000001,32.050745665740514,0.7879457676970727,4.2120532323029245,534.5613118290466,0.7605953180313216,-0.7605953180313216,-100.0,,,
2016-11-17,1479358800000,12.16,12.85,0.91122,32.064391804676944,0.7844396915361056,4.375560308463895,557.7943538139414,0.7571487412278346,-0.7571487412278346,-100.0,,,
2016-11-18,1479445200000,12.22,12.42,0.91622,31.797229785080404,0.7819423268330361,4.2780586731669645,547.1066760759245,0.7543663987468125,-0.7543663987468125,-100.0,,,
2016-11-21,1479704400000,12.46,12.41,0.9198299999999999,31.888340808679075,0.7995912331928832,3.770409766807118,471.5421593295024,0.7713630553927882,-0.7713630553927882,-100.0,,,
2016-11-22,1479790800000,12.43,12.43,0.9248299999999999,31.889647011828256,0.7977705756074505,3.81223042439255,477.8604953547935,0.7694574644703298,-0.7694574644703298,-100.0,,,
2016-11-23,1479877200000,12.75,12.34,0.93011,31.911153524718408,0.8189278766398962,3.1810721233601034,388.44350205932767,0.7897202526924536,-0.7897202526924536,-100.0,,,
2016-11-25,1480050000000,12.53,13.15,0.93706,31.98838654672993,0.806807590143908,3.6631924098560926,454.03544223012324,0.7778897081755307,-0.7778897081755307,-100.0,,,
2016-11-28,1480309200000,12.46,12.9,0.9373299999999999,31.73847887914645,0.7961626977825098,3.433838302217492,431.29856645902845,0.7673980920870713,-0.7673980920870713,-100.0,,,
2016-11-29,1480395600000,12.94,13.33,0.93511,32.23900601592327,0.8395740723149423,3.2104259276850566,382.38745496666036,0.8097720296955302,-0.8097720296955302,-100.0,,,
2016-11-30,1480482000000,12.71,14.07,0.9341700000000001,32.209836153159856,0.8239060791208637,3.3860939208791367,410.98057250557207,0.7946631397615871,-0.7946631397615871,-100.0,,,
2016-12-01,1480568400000,13.06,14.12,0.9416700000000001,32.47206265491196,0.8534623810369553,3.3865366189630435,396.79975288991744,0.8231732053401162,-0.8231732053401162,-100.0,,,
2016-12-02,1480654800000,13.2,12.14,0.94639,32.49186609048065,0.8631993865355136,2.8568006134644888,330.9548938548689,0.8324322491823848,-0.8324322491823848,-100.0,,,
2016-12-05,1480914000000,13.27,11.79,0.94806,32.466498468354835,0.8671389278837909,2.9428610721162083,339.375961277406,0.8361541156311425,-0.8361541156311425,-100.0,,,
2016-12-06,1481000400000,14.12,12.22,0.95083,33.907635302497766,0.9628517936735914,1.8971482063264096,197.0342911330284,0.9297860562520626,-0.9297860562520626,-100.0,,,
2016-12-07,1481086800000,13.94,12.64,0.95083,33.89340615621596,0.9501864248496492,2.309814575150352,243.090673024069,0.9175422053272592,-0.9175422053272592,-100.0,,,
2016-12-08,1481173200000,13.89,11.75,0.95306,33.408364992157004,0.933531246444077,2.8864677535559222,309.1988366271397,0.9009279183185566,-0.9009279183185566,-100.0,,,
2016-12-09,1481259600000,13.85,12.64,0.9565,30.72078162164753,0.8574875247539059,2.7825124752460932,324.49597165214243,0.8248608845943721,-0.8248608845943721,-100.0,,,
2016-12-12,1481518800000,14.07,12.72,0.9587200000000001,30.66096545455972,0.8694845803129514,2.9105154196870497,334.740314617135,0.8362628459034499,-0.8362628459034499,-100.0,,,
2016-12-13,1481605200000,13.83,13.19,0.96344,30.813508538667737,0.8588913571304371,3.531107642869564,411.12389984538015,0.8260757272775779,-0.8260757272775779,-100.0,,,
2016-12-14,1481691600000,14.13,12.79,0.97039,30.97963612062337,0.8822677238679892,3.0677322761320083,347.7099063176228,0.8484986892397375,-0.8484986892397375,-100.0,,,
2016-12-15,1481778000000,14.38,12.2,0.9931700000000001,30.832750505633275,0.8940944210578472,2.9559055789421524,330.60329080734834,0.8589221462567176,-0.8589221462567176,-100.0,,,
2016-12-16,1481864400000,14.36,11.71,0.9973299999999999,30.57531350351316,0.8856286308622128,2.9943713691377862,338.10688417136936,0.8503583372257273,-0.8503583372257273,-100.0,,,
2016-12-19,1482123600000,14.48,11.45,0.9942799999999999,30.351899206852828,0.8865960527549959,3.243404947245004,365.82668478688737,0.85113965176288,-0.85113965176288,-100.0,,,
2016-12-20,1482210000000,14.38,11.27,0.9962200000000001,30.241443467998966,0.8773724721246285,3.5526265278753724,404.9165708689719,0.8420923167644867,-0.8420923167644867,-100.0,,,
2016-12-21,1482296400000,14.05,11.43,0.99761,30.482802072078535,0.8639505166787629,3.3660504833212346,389.6114902808504,0.829431952657357,-0.829431952657357,-100.0,,,
2016-12-22,1482382800000,14.07,11.44,0.9970600000000001,30.235363927745837,0.8583034315309366,4.971696568469061,579.246963932226,0.8237547651298902,-0.8237547651298902,-100.0,,,
2016-12-23,1482469200000,14.0,11.99,0.9970600000000001,29.88750876153593,0.8444257971957674,4.935575202804231,584.4889176994191,0.8100490147071655,-0.8100490147071655,-100.0,,,
2016-12-27,1482814800000,13.95,12.95,0.9970600000000001,29.89913655045321,0.8417300030567203,4.7682689969432825,566.4843809330116,0.8074759947912913,-0.8074759947912913,-100.0,,,
2016-12-28,1482901200000,13.73,13.37,0.9970600000000001,30.04641764506369,0.8324448006697747,5.237554199330225,629.1773574795775,0.7987309989863087,-0.7987309989863087,-100.0,,,
2016-12-29,1482987600000,13.63,14.04,0.9981700000000001,29.080787972612075,0.8004323411643384,5.519568658835661,689.5734186360703,0.7669268744570088,-0.7669268744570088,-100.0,,,
2016-12-30,1483074000000,13.81,12.85,0.9978899999999999,28.95502095707269,0.8075713836895604,5.092427616310439,630.5854465823948,0.7736329494722503,-0.7736329494722503,-100.0,,,
2017-01-03,1483419600000,14.25,11.85,0.9978899999999999,29.331654736631325,0.8438911249182626,4.986108875081737,590.8474124034283,0.8088713792559403,-0.8088713792559403,-100.0,,,
2017-01-04,1483506000000,14.56,11.67,0.9978899999999999,29.238830553723286,0.8595828271383681,4.8304171728616305,561.949008327975,0.8238012484125132,-0.8238012484125132,-100.0,,,
2017-01-05,1483592400000,15.0,11.32,0.99872,29.591291762322182,0.8960050277746614,4.4439949722253385,495.9787986081446,0.8591115144476769,-0.8591115144476769,-100.0,,,
2017-01-06,1483678800000,15.06,11.56,1.00511,29.58937257529973,0.8996450281037518,3.6003539718962485,400.197173265658,0.8623672383780701,-0.8623672383780701,-100.0,,,
2017-01-09,1483938000000,14.91,11.49,1.00928,29.63518206946713,0.8921049748134458,3.8778950251865534,434.6904383082817,0.8550455506005585,-0.8550455506005585,-100.0,,,
2017-01-10,1484024400000,14.9,11.26,1.01011,29.483761787262768,0.8870699175087697,4.12293008249123,464.78073499211746,0.8500049305637409,-0.8500049305637409,-100.0,,,
2017-01-11,1484110800000,14.74,11.54,1.01483,29.564664927735716,0.8799788060537752,5.330022193946224,605.6989278921916,0.8431407107606033,-0.8431407107606033,-100.0,,,
2017-01-12,1484197200000,14.75,11.23,1.02178,29.35868140433168,0.8747019487094514,6.015297051290548,687.6967703302374,0.8375867248274549,-0.8375867248274549,-100.0,,,
2017-01-13,1484283600000,14.69,11.87,1.02178,29.361223923869314,0.8712175285139665,6.358782471486036,729.8731101441673,0.8342532818138633,-0.8342532818138633,-100.0,,,
2017-01-17,1484629200000,14.64,12.48,1.0231700000000001,29.26841572373269,0.8655953975627311,6.8244046024372675,788.4058327542909,0.8287069144306951,-0.8287069144306951,-100.0,,,
2017-01-18,1484715600000,14.73,12.78,1.02372,28.187760909495253,0.8395172398982584,6.760482760101738,805.2821834749988,0.8023820573508784,-0.8023820573508784,-100.0,,,
2017-01-19,1484802000000,14.89,11.54,1.02483,28.215622926868672,0.8494743843380643,7.0005256156619335,824.100849270099,0.8118951816022602,-0.8118951816022602,-100.0,,,
2017-01-20,1484888400000,14.61,11.77,1.03011,28.386746098486046,0.8385247525487074,7.541475247451293,899.3741955176488,0.8014624815353857,-0.8014624815353857,-100.0,,,
2017-01-23,1485147600000,14.66,11.07,1.04122,28.385710761107386,0.8415564229921929,7.728443577007807,918.3512080543532,0.8039667338625032,-0.8039667338625032,-100.0,,,
2017-01-24,1485234000000,14.6,10.81,1.04344,28.391871323577124,0.8383278029056429,7.761673197094357,925.8518171760986,0.8008122448478661,-0.8008122448478661,-100.0,,,
2017-01-25,1485320400000,14.41,10.63,1.03789,28.509712906665676,0.8306745225177492,8.14932447748225,981.0490458744173,0.7938438751187258,-0.7938438751187258,-100.0,,,
2017-01-26,1485406800000,14.53,10.58,1.03178,28.440350144220524,0.8354987286084468,8.844500271391553,1058.5893154047508,0.7985797196799611,-0.7985797196799611,-100.0,,,
2017-01-27,1485493200000,14.45,11.88,1.0373299999999999,28.44763915761091,0.8312009183074736,9.008800081692527,1083.829418768765,0.7942879364447499,-0.7942879364447499,-100.0,,,
2017-01-30,1485752400000,14.62,11.99,1.0390000000000001,28.32905977184809,0.8375876645867217,9.322413335413277,1113.0074772547057,0.8001803639054366,-0.8001803639054366,-100.0,,,
2017-01-31,1485838800000,14.36,11.81,1.0390000000000001,28.31430764113354,0.8222741095872337,7.847726890412765,954.3930422851544,0.7855320550192966,-0.7855320550192966,-100.0,,,
2017-02-01,1485925200000,14.36,11.93,1.034,28.261223380943473,0.8206852741198105,8.419314725880191,1025.8883632230336,0.7841198087520889,-0.7841198087520889,-100.0,,,
2017-02-02,1486011600000,14.28,10.97,1.0345600000000001,27.946177750586337,0.8072448894542443,8.392755110545759,1039.6789400822177,0.7708634635001808,-0.7708634635001808,-100.0,,,
2017-02-03,1486098000000,14.4,11.37,1.0345600000000001,27.81075161418789,0.8101800454788961,8.259818954521105,1019.5041214127583,0.7734928932563117,-0.7734928932563117,-100.0,,,
2017-02-06,1486357200000,14.4,11.29,1.03372,27.811140181693823,0.8101768127674979,8.7798231872325,1083.692232222907,0.7735194103415141,-0.7735194103415141,-100.0,,,
2017-02-07,1486443600000,14.47,11.45,1.034,27.639837001675183,0.8092282316884559,8.280770768311545,1023.2923721696784,0.7723826687447977,-0.7723826687447977,-100.0,,,
2017-02-08,1486530000000,14.73,10.88,1.03844,27.75917993411809,0.8273150062711858,8.642685993728815,1044.6668957066909,0.7896465427905799,-0.7896465427905799,-100.0,,,
2017-02-09,1486616400000,14.61,10.85,1.03817,27.816347684340357,0.8222187589392425,8.417781241060759,1023.788517294433,0.7848668686387077,-0.7848668686387077,-100.0,,,
2017-02-10,1486702800000,14.5,11.07,1.03372,27.849781686659625,0.8169087545889377,8.843091245411062,1082.5066074681547,0.7799967868683275,-0.7799967868683275,-100.0,,,
2017-02-13,1486962000000,14.33,10.74,1.03372,27.947437404455513,0.8100927981065302,9.139908201893471,1128.2544695196186,0.7736135913867832,-0.7736135913867832,-100.0,,,
2017-02-14,1487048400000,14.31,11.97,1.0362200000000001,27.808004031689528,0.8050668631148971,9.054933136885102,1124.7429936254634,0.7685505819544733,-0.7685505819544733,-100.0,,,
2017-02-15,1487134800000,13.89,11.76,1.0390000000000001,28.309748092401083,0.7952362677837987,9.2447637322162,1162.5178713214295,0.7596967734976792,-0.7596967734976792,-100.0,,,
2017-02-16,1487221200000,14.47,11.49,1.0373299999999999,29.03869745260157,0.8492267135968472,8.000773286403152,942.1245420455948,0.8122626411017881,-0.8122626411017881,-100.0,,,
2017-02-17,1487307600000,14.63,11.57,1.04178,28.676269668425288,0.8482316623941131,8.821767337605886,1040.0186327290194,0.8106987466176037,-0.8106987466176037,-100.0,,,
2017-02-21,1487653200000,15.04,11.74,1.0565,28.960261831890755,0.8806910725504391,7.47930892744956,849.2545411854625,0.8415618317185061,-0.8415618317185061,-100.0,,,
2017-02-22,1487739600000,17.15,11.71,1.05233,35.97393921903665,1.2413303296674734,5.068668670332529,408.3255318260303,1.1968874294491778,-1.1968874294491778,-100.0,,,
2017-02-23,1487826000000,17.43,11.47,1.05011,35.97554323335822,1.2616072896449142,4.1383927103550855,328.02542790632236,1.2165339554075103,-1.2165339554075103,-100.0,,,
2017-02-24,1487912400000,17.93,12.09,1.054,35.98548259161674,1.2982297685405193,4.5317702314594825,349.0730486448586,1.2516919177556414,-1.2516919177556414,-100.0,,,
2017-02-27,1488171600000,17.32,12.92,1.05233,36.20945278094759,1.2616721007558418,4.638326899244159,367.63330951563665,1.2167886586694907,-1.2167886586694907,-100.0,,,
2017-02-28,1488258000000,17.219998999999998,12.54,1.054,36.22595941498785,1.254980811900614,5.115020188099388,407.57756131369933,1.2102857899275101,-1.2102857899275101,-100.0,,,
2017-03-01,1488344400000,16.99,11.81,1.05456,36.27254133170469,1.2397889397147397,5.7102120602852615,460.5793677752208,1.195667487762301,-1.195667487762301,-100.0,,,
2017-03-02,1488430800000,16.889999,10.96,1.064,36.295960410540346,1.2334552518123465,7.316546748187653,593.1748831128871,1.1892013750419288,-1.1892013750419288,-100.0,,,
2017-03-03,1488517200000,16.860001,11.24,1.0927799999999999,36.30971879069095,1.2322823300486505,8.117715669951346,658.754529867426,1.1869137693657548,-1.1869137693657548,-100.0,,,
2017-03-06,1488776400000,16.76,11.45,1.1,36.012198788466705,1.2152892661955228,8.004710733804476,658.6671137862771,1.1698922297336365,-1.1698922297336365,-100.0,,,
2017-03-07,1488862800000,16.83,11.86,1.1016700000000001,35.9870547846696,1.2195638329791718,8.280436167020827,678.9670161662004,1.1739080759034284,-1.1739080759034284,-100.0,,,
2017-03-08,1488949200000,17.07,12.3,1.10622,35.983564699839214,1.236927595197832,7.8830734048021665,637.3108204075082,1.1904297848585692,-1.1904297848585692,-100.0,,,
2017-03-09,1489035600000,16.91,11.66,1.10622,36.049487874394224,1.2275299418865435,8.452470058113455,688.5754692975702,1.1814679633958054,-1.1814679633958054,-100.0,,,
2017-03-10,1489122000000,16.93,11.35,1.109,36.053888129039436,1.2291829929246552,8.200818007075345,667.1763321068036,1.182950800297128,-1.182950800297128,-100.0,,,
2017-03-13,1489377600000,16.77,12.3,1.11956,36.027882821265564,1.2169120463756684,8.403086953624332,690.5254146058676,1.1706813142425192,-1.1706813142425192,-100.0,,,
2017-03-14,1489464000000,16.950001,11.63,1.12122,34.70502085169986,1.185824834298784,8.714174165701214,734.8618374023331,1.1390286965309937,-1.1390286965309937,-100.0,,,
2017-03-15,1489550400000,17.209999,11.21,1.1312200000000001,34.680221337124266,1.203373033683974,8.336627966316026,692.7717119266415,1.1554359052720873,-1.1554359052720873,-100.0,,,
2017-03-16,1489636800000,17.280001000000002,11.28,1.13733,34.62361460705018,1.206462725252928,8.40353527474707,696.5432995855977,1.1580710025225531,-1.1580710025225531,-100.0,,,
2017-03-17,1489723200000,17.24,11.34,1.1481700000000001,34.63905463688714,1.2044114827596175,8.865587517240385,736.0929087895306,1.155672273352665,-1.155672273352665,-100.0,,,
2017-03-20,1489982400000,16.51,12.47,1.15178,35.507239404815,1.1817256222123085,8.228274377787692,696.2931346435173,1.1349036505453274,-1.1349036505453274,-100.0,,,
2017-03-21,1490068800000,16.41,12.47,1.15178,35.15040752256801,1.1630304583602475,8.626970541639754,741.7665186346786,1.1164920843411579,-1.1164920843411579,-100.0,,,
2017-03-22,1490155200000,16.610001,12.81,1.15622,34.729453958095576,1.1635130144660255,8.576485985533974,737.1199014451939,1.1162261136361795,-1.1162261136361795,-100.0,,,
2017-03-23,1490241600000,16.610001,13.12,1.15622,34.63460536892557,1.160408478211176,9.039589521788825,779.0006443010287,1.113121577381329,-1.113121577381329,-100.0,,,
2017-03-24,1490328000000,16.59,12.96,1.15678,34.13069432760106,1.1425470598483818,8.727451940151617,763.8592970787363,1.0952942571280682,-1.0952942571280682,-100.0,,,
2017-03-27,1490587200000,17.25,12.5,1.15289,34.278606401733,1.1929514276296145,6.777047572370387,568.0908220912506,1.1439837543139575,-1.1439837543139575,-100.0,,,
2017-03-28,1490673600000,17.23,11.53,1.1512799999999999,34.28544406634428,1.1917682341247229,6.7882307658752765,569.5931953464758,1.142925541628598,-1.142925541628598,-100.0,,,
2017-03-29,1490760000000,17.219998999999998,11.42,1.1518899999999999,34.24425184693509,1.1896907653514504,7.270310234648551,611.1092433755932,1.1408505958369741,-1.1408505958369741,-100.0,,,
2017-03-30,1490846400000,17.32,11.54,1.15222,34.213800062774176,1.1955668116700942,7.504433188329905,627.6883161257143,1.146428961342525,-1.146428961342525,-100.0,,,
2017-03-31,1490932800000,17.280001000000002,12.37,1.14678,34.22927207731494,1.1932233863846928,7.116775613615304,596.4327966432322,1.1444301482311614,-1.1444301482311614,-100.0,,,
2017-04-03,1491192000000,17.030001000000002,12.38,1.14761,34.26366261681548,1.177130982563506,6.44286801743649,547.3365422262087,1.1290089103297545,-1.1290089103297545,-100.0,,,
2017-04-04,1491278400000,17.040001,11.79,1.1495600000000001,34.2527609860198,1.1774947148868904,6.602504285113111,560.7247490488603,1.1292626850733454,-1.1292626850733454,-100.0,,,
2017-04-05,1491364800000,16.75,12.89,1.14983,34.22254178172496,1.1564628243757769,7.293538175624223,630.6764058378661,1.1090405278152191,-1.1090405278152191,-100.0,,,
2017-04-06,1491451200000,17.0,12.39,1.15039,34.102206323407955,1.1697028270797458,6.660297172920253,569.4007929815988,1.1215493275507793,-1.1215493275507793,-100.0,,,
2017-04-07,1491537600000,16.690001000000002,12.87,1.15539,34.264669129961284,1.1538138730769267,7.1461851269230685,619.3533717761617,1.106333280918828,-1.106333280918828,-100.0,,,
2017-04-10,1491796800000,16.99,14.05,1.15761,33.85479564773135,1.160872854524296,6.389128145475706,550.3727751557986,1.1124460714800284,-1.1124460714800284,-100.0,,,
2017-04-11,1491883200000,16.92,15.07,1.15761,33.691207573738396,1.1506345669117302,6.759365433088266,587.4467556828411,1.102407305633978,-1.102407305633978,-100.0,,,
2017-04-12,1491969600000,17.299999,15.77,1.15511,33.60140685159853,1.1733637660802163,5.986636233919784,510.2114456728938,1.124159729680831,-1.124159729680831,-100.0,,,
2017-04-13,1492056000000,16.92,15.96,1.15844,33.84195628401154,1.1556781518556427,7.264321848144356,628.5765493169721,1.107416361259154,-1.107416361259154,-100.0,,,
2017-04-14,1492142400000,17.08,14.66,1.15844,33.85771263987042,1.1671369605741937,7.232863039425808,619.7098784248485,1.1184187937072858,-1.1184187937072858,-100.0,,,
2017-04-17,1492401600000,16.98,14.42,1.15844,32.365351835557185,1.1103527721627628,7.569647227837237,681.7335370895646,1.0619198404648662,-1.0619198404648662,-100.0,,,
2017-04-18,1492488000000,17.200001,14.93,1.15844,32.31650976137003,1.1230828121228669,6.66691618787713,593.6264107964785,1.0740223602007966,-1.0740223602007966,-100.0,,,
2017-04-19,1492574400000,17.709999,14.15,1.15622,32.61117678233998,1.1666256123561336,6.033375387643868,517.1646605168196,1.1162071345721944,-1.1162071345721944,-100.0,,,
2017-04-20,1492660800000,17.49,14.63,1.15567,32.697378510396106,1.1550944017110163,6.394906598288985,553.6263173656065,1.1053258894145053,-1.1053258894145053,-100.0,,,
2017-04-21,1492747200000,17.85,10.84,1.15317,32.75905349197946,1.1809881264637507,6.729011873536249,569.7781140006058,1.1303049408807837,-1.1303049408807837,-100.0,,,
2017-04-24,1493006400000,18.219998999999998,10.76,1.15622,32.719979631038534,1.2041293101797823,6.685872689820218,555.2454070586475,1.1522589168045538,-1.1522589168045538,-100.0,,,
2017-04-25,1493092800000,18.08,10.85,1.1665,32.619543403652855,1.1915141651512045,6.658485834848797,558.8255708234764,1.139585353640978,-1.139585353640978,-100.0,,,
2017-04-26,1493179200000,18.23,10.36,1.17039,32.53720892414087,1.1985233547419245,6.341476645258075,529.1074738066803,1.1459893628089317,-1.1459893628089317,-100.0,,,
2017-04-27,1493265600000,18.24,10.82,1.1717799999999998,32.53202790575064,1.1990241053704145,6.610974894629588,551.3629680186672,1.1463989606422071,-1.1463989606422071,-100.0,,,
2017-04-28,1493352000000,18.610001,10.11,1.16956,32.64931433329657,1.2276011474137984,6.462396852586202,526.4247973538153,1.1740100711249006,-1.1740100711249006,-100.0,,,
2017-05-01,1493611200000,18.809998999999998,10.59,1.1723299999999999,32.63393436419357,1.240284452260898,6.4797175477390985,522.4380210464872,1.1859893388102378,-1.1859893388102378,-100.0,,,
2017-05-02,1493697600000,18.280001000000002,10.68,1.1723299999999999,32.76796532256401,1.2101676068302218,8.07983139316978,667.6621773353519,1.1574023340530584,-1.1574023340530584,-100.0,,,
2017-05-03,1493784000000,19.9,10.46,1.17372,35.52201610938522,1.4254547913186553,5.944545208681347,417.02797204688505,1.3679453787921894,-1.3679453787921894,-100.0,,,
2017-05-04,1493870400000,19.780001000000002,10.57,1.1712200000000001,35.529933186181104,1.4171103784731258,6.292888621526874,444.06481789422674,1.3600693329994336,-1.3600693329994336,-100.0,,,
2017-05-05,1493956800000,19.559998999999998,9.77,1.1792799999999999,35.597638521328136,1.404140473265075,7.675859526734923,546.6589470842683,1.3473462537504926,-1.3473462537504926,-100.0,,,
2017-05-08,1494216000000,19.799999,9.96,1.18039,35.4686528231107,1.4163630100558446,7.283637989944157,514.2493794480679,1.3588178940167186,-1.3588178940167186,-100.0,,,
2017-05-09,1494302400000,19.950001,10.21,1.18456,35.420803074377616,1.4253088600936683,7.31469113990633,513.2004258659855,1.3671232578587948,-1.3671232578587948,-100.0,,,
2017-05-10,1494388800000,19.709999,10.6,1.182,35.49300061733248,1.4109072638655942,7.439092736134407,527.2559668984077,1.3535456981156138,-1.3535456981156138,-100.0,,,
2017-05-11,1494475200000,20.08,10.4,1.1809399999999999,35.27747250088552,1.4288417244103986,6.9611572755896045,487.1888297118477,1.3704556834879646,-1.3704556834879646,-100.0,,,
2017-05-12,1494561600000,20.25,10.42,1.1817799999999998,35.159200056879634,1.4362393261031985,6.7137606738968,467.45417367957486,1.3773171605819121,-1.3773171605819121,-100.0,,,
2017-05-15,1494820800000,20.34,10.65,1.17956,34.88102342798481,1.4314215728711712,6.978578427128829,487.52782264773816,1.3723485479934452,-1.3723485479934452,-100.0,,,
2017-05-16,1494907200000,19.559998999999998,15.59,1.17944,35.597779808000936,1.4041495444904548,6.485852455509543,461.9061040156634,1.3473476305623535,-1.3473476305623535,-100.0,,,
2017-05-17,1494993600000,19.68,14.66,1.17839,35.5343395918235,1.4102803316222214,6.519720668377778,462.29962385409266,1.353180741202575,-1.353180741202575,-100.0,,,
2017-05-18,1495080000000,19.91,12.04,1.17172,35.557069470167484,1.4274999724656503,6.73250002753435,471.6287325670232,1.370059563529109,-1.370059563529109,-100.0,,,
2017-05-19,1495166400000,20.950001,10.93,1.18644,36.358722875201906,1.5355079848934796,6.004491015106519,391.04264348863404,1.4743089785658672,-1.4743089785658672,-100.0,,,
2017-05-22,1495425600000,21.639999,10.72,1.192,36.66525386951585,1.5992856488822085,5.570714351117793,348.3251634885452,1.5357752180768447,-1.5357752180768447,-100.0,,,
2017-05-23,1495512000000,21.92,10.02,1.1886700000000001,36.66573794340783,1.6199154134472875,5.85008358655271,361.1351270560074,1.5557626748144244,-1.5557626748144244,-100.0,,,
2017-05-24,1495598400000,22.33,9.99,1.19761,36.71640083695638,1.6526739225165592,5.957327077483442,360.4659695006322,1.5868304538941869,-1.5868304538941869,-100.0,,,
2017-05-25,1495684800000,22.33,9.81,1.20039,36.723926246896156,1.6530766494957057,6.166923350504295,373.0573142138086,1.5870805651782138,-1.5870805651782138,-100.0,,,
2017-05-26,1495771200000,22.74,10.38,1.2017799999999998,36.779928712099206,1.6859735063560155,6.334026493643988,375.6895627223738,1.6186879627414896,-1.6186879627414896,-100.0,,,
2017-05-30,1496116800000,22.99,10.41,1.2017799999999998,36.574467040894866,1.6952051921896631,6.07479480781034,358.35159282184884,1.6271799218423482,-1.6271799218423482,-100.0,,,
2017-05-31,1496203200000,23.23,9.89,1.2017799999999998,36.58431076604636,1.7133523870530905,6.126647612946909,357.58245993309885,1.644616979042295,-1.644616979042295,-100.0,,,
2017-06-01,1496289600000,23.200001,9.75,1.21,36.567290972400116,1.7105825498433165,6.409416450156684,374.69202820663435,1.6414670731355017,-1.6414670731355017,-100.0,,,
2017-06-02,1496376000000,23.389999,10.07,1.2180600000000001,36.43975626433955,1.7189339455399395,6.891067054460062,400.8919058431583,1.648788980147847,-1.648788980147847,-100.0,,,
2017-06-05,1496635200000,24.209999,10.45,1.2225,36.76053113181962,1.7946160096232509,6.805385990376749,379.2112604526148,1.7217476683518385,-1.7217476683518385,-100.0,,,
2017-06-06,1496721600000,24.290001,10.39,1.21956,36.71408223756745,1.7982416477441063,6.721758352255892,373.79616697724333,1.725308069378917,-1.725308069378917,-100.0,,,
2017-06-07,1496808000000,24.780001000000002,10.16,1.219,36.777964065458995,1.837619145468583,6.602380854531423,359.28994703893613,1.7632483986554792,-1.7632483986554792,-100.0,,,
2017-06-08,1496894400000,23.030001000000002,10.7,1.2209999999999999,38.89443229440634,1.803873381696304,7.8561246183036975,435.5141939572307,1.7346415745866146,-1.7346415745866146,-100.0,,,
2017-06-09,1496980800000,23.6,11.46,1.22811,39.01598947774842,1.8543599283958925,7.0656400716041095,381.02851358075975,1.7830021184270777,-1.7830021184270777,-100.0,,,
2017-06-12,1497240000000,23.48,10.42,1.23644,39.01213447125488,1.844977650437297,6.795021349562703,368.29830149715616,1.7735018671784069,-1.7735018671784069,-100.0,,,
2017-06-13,1497326400000,23.469998999999998,10.64,1.24167,39.02174236880868,1.844776811270828,7.185224188729171,389.4901618900674,1.7730297289521602,-1.7730297289521602,-100.0,,,
2017-06-14,1497412800000,23.99,10.9,1.24556,39.10763457717209,1.8898130180221,6.650185981977898,351.89650608598635,1.8162469059659967,-1.8162469059659967,-100.0,,,
2017-06-15,1497499200000,23.559998999999998,10.38,1.25033,39.309087778515504,1.865411131503647,7.284588868496356,390.5084914243267,1.792887378499092,-1.792887378499092,-100.0,,,
2017-06-16,1497585600000,24.200001,10.37,1.26744,39.41802452504949,1.9217491635680373,6.778251836431964,352.712620613142,1.84623750880961,-1.84623750880961,-100.0,,,
2017-06-19,1497844800000,23.85,10.86,1.27356,39.49529534085289,1.8977500421530475,8.362250957846955,440.6402725387249,1.82297172060629,-1.82297172060629,-100.0,,,
2017-06-20,1497931200000,24.16,10.75,1.2802200000000001,39.45299358011585,1.9205901766748088,9.119410823325193,474.8233607605957,1.8444443873940823,-1.8444443873940823,-100.0,,,
2017-06-21,1498017600000,24.280001000000002,10.48,1.28722,39.3424350010746,1.925041612155054,9.544957387844947,495.8312239889463,1.848099857121129,-1.848099857121129,-100.0,,,
2017-06-22,1498104000000,24.17,10.02,1.28944,39.36236589217935,1.9173299679965223,11.102669032003476,579.0692899670785,1.840604912739204,-1.840604912739204,-100.0,,,
2017-06-23,1498190400000,23.93,9.9,1.29556,38.99271694537377,1.8810493659880356,10.658951634011967,566.6492239247146,1.8047262003145388,-1.8047262003145388,-100.0,,,
2017-06-26,1498449600000,23.32,11.06,1.29328,38.90199372308712,1.8288739725019292,10.92112602749807,597.1502788985397,1.754627047170528,-1.754627047170528,-100.0,,,
2017-06-27,1498536000000,24.299999,10.03,1.29483,39.35195547337671,1.9272950060734928,10.662704993926509,553.2471656038689,1.8498353533855705,-1.8498353533855705,-100.0,,,
2017-06-28,1498622400000,23.4,11.44,1.29639,39.83471039803407,1.8781876856060595,11.901812314393942,633.6859945151556,1.8035071831026352,-1.8035071831026352,-100.0,,,
2017-06-29,1498708800000,23.459999,11.18,1.29861,33.608867648741146,1.5954301218699438,11.704568878130061,733.6309323539392,1.5204301248958227,-1.5204301248958227,-100.0,,,
2017-06-30,1498795200000,22.83,11.22,1.2991700000000002,33.92752264739572,1.5669364787964266,12.313062521203577,785.8048292207299,1.4939191217640175,-1.4939191217640175,-100.0,,,
2017-07-03,1499054400000,23.76,11.07,1.30072,34.22788790833743,1.6448720730417603,12.55512692695824,763.2889592283502,1.5687897720046085,-1.5687897720046085,-100.0,,,
2017-07-05,1499227200000,23.219998999999998,12.54,1.30211,33.91884774790685,1.5933866714311478,14.396613328568854,903.5228916304483,1.5189541876142894,-1.5189541876142894,-100.0,,,
2017-07-06,1499313600000,23.59,11.19,1.3030000000000002,33.94826116299775,1.6201683107208442,14.769831689279153,911.6232919472279,1.5444981735802834,-1.5444981735802834,-100.0,,,
2017-07-07,1499400000000,23.940001000000002,11.11,1.30411,33.87738294273619,1.6408939154662132,14.159107084533785,862.8898523589735,1.5640357596020156,-1.5640357596020156,-100.0,,,
2017-07-10,1499659200000,25.440001000000002,10.89,1.30522,35.14936159829619,1.807494346097128,13.41250465390287,742.0496049054933,1.7257511112086448,-1.7257511112086448,-100.0,,,
2017-07-11,1499745600000,26.209999,10.3,1.30411,35.385112825923116,1.8743405878779773,13.815662412122025,737.094554824923,1.7901947188639171,-1.7901947188639171,-100.0,,,
2017-07-12,1499832000000,25.98,9.9,1.3035,35.41322623262169,1.8593131701108288,16.340686829889172,878.8560793615605,1.7759446525332887,-1.7759446525332887,-100.0,,,
2017-07-13,1499918400000,26.33,9.51,1.30389,35.441603136181776,1.885845376829573,16.99415362317043,901.1424707438367,1.8013284879789584,-1.8013284879789584,-100.0,,,
2017-07-14,1500004800000,26.190001000000002,9.82,1.30361,35.44861461888125,1.876171379503754,19.993828620496245,1065.6717631938611,1.79212189845164,-1.79212189845164,-100.0,,,
2017-07-17,1500264000000,26.59,9.89,1.30361,35.4088897755584,1.902745356238128,20.31725564376187,1067.7863738913877,1.8174121903029403,-1.8174121903029403,-100.0,,,
2017-07-18,1500350400000,26.360001,9.79,1.30611,35.47769816315827,1.889936299025754,20.610063700974244,1090.5163158990365,1.8051792793531172,-1.8051792793531172,-100.0,,,
2017-07-19,1500436800000,26.389999,9.58,1.30694,35.399898791833664,1.8880681589395376,12.741932841060464,674.8661472166963,1.8031608493461349,-1.8031608493461349,-100.0,,,
2017-07-20,1500523200000,26.85,9.36,1.30722,35.44690377117023,1.9234736928852476,13.776525307114749,716.2315428629387,1.8370678959789049,-1.8370678959789049,-100.0,,,
2017-07-21,1500609600000,26.75,9.43,1.3125,35.43570021177923,1.9158835016264144,10.464117498373586,546.1771286975687,1.829452374008346,-1.829452374008346,-100.0,,,
2017-07-24,1500868800000,26.889999,9.43,1.31444,35.43545228583454,1.925957902739844,10.40404409726016,540.2010128289663,1.838946214477355,-1.838946214477355,-100.0,,,
2017-07-25,1500955200000,27.309998999999998,9.6,1.31389,35.45791064987087,1.95723053368738,8.952771466312623,457.42038621509727,1.8688967103727008,-1.8688967103727008,-100.0,,,
2017-07-26,1501041600000,25.92,10.11,1.31667,35.83429691039417,1.8769133846903079,9.073085615309688,483.4045987053768,1.7928983934125942,-1.7928983934125942,-100.0,,,
2017-07-27,1501128000000,26.200001,10.29,1.31389,35.79745733423464,1.8952031829758087,9.50479381702419,501.5184599943505,1.810459633216672,-1.810459633216672,-100.0,,,
2017-07-28,1501214400000,26.35,10.26,1.31111,35.778461117259226,1.904982635841064,9.355018364158932,491.0815557134264,1.8199339565674568,-1.8199339565674568,-100.0,,,
2017-07-31,1501473600000,26.809998999999998,10.09,1.31056,35.8254057419789,1.9407003374521707,9.979300662547825,514.2113117602202,1.8542031820663527,-1.8542031820663527,-100.0,,,
2017-08-01,1501560000000,26.459999,10.28,1.31056,35.94243767911177,1.9214641558941297,9.708536844105874,505.26765301995056,1.83609620623432,-1.83609620623432,-100.0,,,
2017-08-02,1501646400000,25.219998999999998,10.44,1.31056,36.567335743553436,1.8624572298000643,11.217542770199932,602.2980066717636,1.781089894712391,-1.781089894712391,-100.0,,,
2017-08-03,1501732800000,25.209999,10.03,1.3127799999999998,36.56437797351934,1.8616366755380709,11.00836632446193,591.3273233768973,1.7801640502297378,-1.7801640502297378,-100.0,,,
2017-08-04,1501819200000,25.68,9.93,1.3116700000000001,36.63234386331653,1.8997482040611795,8.610250795938821,453.23115860998274,1.816826707843928,-1.816826707843928,-100.0,,,
2017-08-07,1502078400000,26.02,10.96,1.3119399999999999,36.660732037820814,1.9263634214579144,9.06363457854209,470.5049149906788,1.8423267880014649,-1.8423267880014649,-100.0,,,
2017-08-08,1502164800000,25.59,11.11,1.31139,36.81481989561138,1.90227762761495,9.537721372385047,501.3843002686896,1.8196643546913367,-1.8196643546913367,-100.0,,,
2017-08-09,1502251200000,24.65,16.04,1.3091700000000002,37.342425242460436,1.8579473871922008,11.2420526128078,605.0791691037714,1.7785032539721242,-1.7785032539721242,-100.0,,,
2017-08-10,1502337600000,24.82,15.51,1.30911,37.34045264555819,1.870662693951452,10.229335306048547,546.8294919829102,1.7906743303232826,-1.7906743303232826,-100.0,,,
2017-08-11,1502424000000,25.200001,12.33,1.315,37.20909104063581,1.892956377126234,8.567042622873762,452.5747516633057,1.811378565001416,-1.811378565001416,-100.0,,,
2017-08-14,1502683200000,24.83,12.04,1.31417,37.30723422774357,1.8699374463798757,9.170061553620128,490.39402742444673,1.7896080589222567,-1.7896080589222567,-100.0,,,
2017-08-15,1502769600000,24.99,11.74,1.31417,37.11194062129773,1.8723771597345331,8.277621840265471,442.0915838045726,1.7915301443271243,-1.7915301443271243,-100.0,,,
2017-08-16,1502856000000,24.540001,15.55,1.31667,37.2342832189677,1.8446436111098272,8.665354388890174,469.7576451462445,1.7651016369597468,-1.7651016369597468,-100.0,,,
2017-08-17,1502942400000,24.83,14.26,1.31639,37.22989111969328,1.8662197315204219,9.05378026847958,485.1400998264766,1.7857548654147453,-1.7857548654147453,-100.0,,,
2017-08-18,1503028800000,24.459999,13.19,1.31472,37.24281651635438,1.838985828476728,8.831016171523274,480.21121396232803,1.7598203944476225,-1.7598203944476225,-100.0,,,
2017-08-21,1503288000000,25.34,11.35,1.31444,37.34766967158764,1.9103707709516493,7.41962722904835,388.38676459398874,1.8283746287959204,-1.8283746287959204,-100.0,,,
2017-08-22,1503374400000,25.48,12.25,1.31722,37.33880891556696,1.920562586739015,8.769435413260982,456.6076353778655,1.8379393328276592,-1.8379393328276592,-100.0,,,
2017-08-23,1503460800000,25.66,12.23,1.31722,37.3002882525856,1.9321838886349632,9.717817111365036,502.94473360040365,1.8489769539659928,-1.8489769539659928,-100.0,,,
2017-08-24,1503547200000,24.99,11.28,1.31722,37.63204842456517,1.8980571949702918,11.211940805029707,590.7061617922001,1.8170228497879977,-1.8170228497879977,-100.0,,,
2017-08-25,1503633600000,24.91,11.32,1.31778,37.4109357875491,1.8811524228044745,14.348846577195527,762.7689496741507,1.8003432065777307,-1.8003432065777307,-100.0,,,
2017-08-28,1503892800000,25.040001,11.7,1.31778,37.30981081884422,1.8859840081212909,13.834012991878712,733.5169827690831,1.8047530625120205,-1.8047530625120205,-100.0,,,
2017-08-29,1503979200000,25.76,11.22,1.31694,37.43263608257275,1.9464183503376236,13.173582649662375,676.8114700201681,1.8629048759026483,-1.8629048759026483,-100.0,,,
2017-08-30,1504065600000,26.110001,10.59,1.3161100000000001,37.36369800895941,1.9692951835762853,12.760703816423714,647.9832948786268,1.8847002748530848,-1.8847002748530848,-100.0,,,
2017-08-31,1504152000000,25.93,10.13,1.31778,37.35687318456397,1.9554205375435103,14.414578462456491,737.1600218827992,1.871302393153325,-1.871302393153325,-100.0,,,
2017-09-01,1504238400000,25.77,12.23,1.3161100000000001,37.388515917354304,1.944910563937697,13.535089436062306,695.9234880527847,1.861417238993095,-1.861417238993095,-100.0,,,
2017-09-05,1504584000000,26.049999,11.63,1.3161100000000001,37.40229918211808,1.966749588541596,11.303251411458405,574.7173650022272,1.882349082863925,-1.882349082863925,-100.0,,,
2017-09-06,1504670400000,26.299999,11.55,1.31722,37.31517946740665,1.9811466055799087,11.778855394420091,594.5473879239877,1.8958643647932,-1.8958643647932,-100.0,,,
2017-09-07,1504756800000,26.530001000000002,12.12,1.31722,37.3063550315856,1.9980114025391862,11.74198759746082,587.6837130428003,1.911983340965735,-1.911983340965735,-100.0,,,
2017-09-08,1504843200000,27.57,10.73,1.31722,37.344093648079756,2.0783838430011627,12.911617156998837,621.2335224062657,1.9889834069597152,-1.9889834069597152,-100.0,,,
2017-09-11,1505102400000,27.27,10.58,1.31033,34.867083177150114,1.9225117693909135,16.097489230609085,837.3155102040837,1.8345459273848217,-1.8345459273848217,-100.0,,,
2017-09-12,1505188800000,27.49,10.5,1.31667,34.8374994709848,1.9366220167667016,15.583375983233305,804.6679139407192,1.8475181544895296,-1.8475181544895296,-100.0,,,
2017-09-13,1505275200000,28.639999,10.44,1.3191700000000002,35.298783289335596,2.043746081229795,13.636254918770206,667.2186454084739,1.9507387300713697,-1.9507387300713697,-100.0,,,
2017-09-14,1505361600000,28.5,10.17,1.32,35.30556181575429,2.03416379448924,14.58583520551076,717.0433002998723,1.9415529470505335,-1.9415529470505335,-100.0,,,
2017-09-15,1505448000000,28.690001000000002,10.15,1.32111,35.303350689676854,2.0476369747746634,15.23236302522534,743.8995882999046,1.954330449568712,-1.954330449568712,-100.0,,,
2017-09-18,1505707200000,28.559998999999998,10.18,1.32389,35.22806120791385,2.0342150549597413,14.835785945040257,729.3125625468283,1.9411361907972715,-1.9411361907972715,-100.0,,,
2017-09-19,1505793600000,28.469998999999998,9.78,1.325,35.16293950373164,2.024189216483069,15.025811783516932,742.312608977512,1.931326000141082,-1.931326000141082,-100.0,,,
2017-09-20,1505880000000,28.4,9.67,1.3230600000000001,35.17025611413714,2.0195576837523483,16.490442316247652,816.5373264114116,1.9270581999417489,-1.9270581999417489,-100.0,,,
2017-09-21,1505966400000,28.75,9.59,1.32833,35.19880526125407,2.046239457577732,13.653761542422268,667.2611796170289,1.9522276420932039,-1.9522276420932039,-100.0,,,
2017-09-22,1506052800000,27.450001,10.21,1.32944,35.46589970118401,1.9681915135726518,14.191808486427345,721.0583110718958,1.8783557793661296,-1.8783557793661296,-100.0,,,
2017-09-25,1506312000000,27.610001,10.17,1.32972,35.46536491008881,1.979643557006844,11.430355442993159,577.3946225084824,1.889265190268958,-1.889265190268958,-100.0,,,
2017-09-26,1506398400000,28.07,9.87,1.33083,35.505599587816235,2.0148863744458256,11.52511462555417,571.998241276709,1.9229256748738892,-1.9229256748738892,-100.0,,,
2017-09-27,1506484800000,28.49,9.55,1.3327799999999999,34.65361061078588,1.9972828009205248,11.182715199079475,559.8964349928559,1.903809593728461,-1.903809593728461,-100.0,,,
2017-09-28,1506571200000,28.809998999999998,9.51,1.335,34.33130625153656,2.001496715117968,8.68850428488203,434.1003519643515,1.906816431795594,-1.906816431795594,-100.0,,,
2017-09-29,1506657600000,29.389999,9.45,1.33389,34.408106539501354,2.0461997070348854,8.133801292965115,397.50769511895174,1.949693505557489,-1.949693505557489,-100.0,,,
2017-10-02,1506916800000,29.940001000000002,9.51,1.33556,34.40822424307352,2.0845572610881384,7.895439738911862,378.75859235406404,1.9861221684742263,-1.9861221684742263,-100.0,,,
2017-10-03,1507003200000,30.15,9.63,1.3425,34.40935979111154,2.0994893521375264,9.860511647862472,469.66237946495494,1.9998496002891117,-1.9998496002891117,-100.0,,,
2017-10-04,1507089600000,30.76,9.19,1.34667,34.43316815321857,2.1435587204698585,8.94643927953014,417.36385358125955,2.0415878066217523,-2.0415878066217523,-100.0,,,
2017-10-05,1507176000000,30.76,9.65,1.34861,34.41364216226446,2.142444888373685,11.38755611162631,531.5215422073481,2.04032732030433,-2.04032732030433,-100.0,,,
2017-10-06,1507262400000,31.07,10.33,1.35028,34.41159021974647,2.163971298940055,10.876029701059942,502.59583878895165,2.060697072328976,-2.060697072328976,-100.0,,,
2017-10-09,1507521600000,31.32,10.08,1.35639,34.412188788256266,2.1816430837805783,11.428356916219421,523.8417320038975,2.077067589479064,-2.077067589479064,-100.0,,,
2017-10-10,1507608000000,32.0,9.85,1.35667,34.537030319173915,2.2368903121887183,9.86310768781128,440.9294293094138,2.1300223216239798,-2.1300223216239798,-100.0,,,
2017-10-11,1507694400000,32.810001,9.91,1.35861,34.33247825618545,2.280363755600243,9.809637244399758,430.1786160347755,2.17063424154615,-2.17063424154615,-100.0,,,
2017-10-12,1507780800000,32.810001,9.61,1.35917,34.337129301372926,2.280685795241876,9.76931420475812,428.3498509588449,2.1709111279673703,-2.1709111279673703,-100.0,,,
2017-10-13,1507867200000,33.220001,9.91,1.35333,34.25670759601663,2.3036962603786737,11.026301739621324,478.6352232828149,2.193026598964636,-2.193026598964636,-100.0,,,
2017-10-16,1508126400000,32.689999,10.31,1.35389,31.896674900727053,2.114930675409056,11.10507032459094,525.0796375367278,2.0059816827749906,-2.0059816827749906,-100.0,,,
2017-10-17,1508212800000,32.52,10.07,1.35733,31.741191608479827,2.0940969842020074,11.43590201579799,546.1018330130419,1.9854396426174272,-1.9854396426174272,-100.0,,,
2017-10-18,1508299200000,32.119999,10.05,1.36261,31.820688754527463,2.073571154789292,11.816427845210711,569.8588070112044,1.9658335391676207,-1.9658335391676207,-100.0,,,
2017-10-19,1508385600000,32.5,9.97,1.3625,31.843653885560126,2.0995698306021837,11.420430169397822,543.9414304273126,1.9905663926696509,-1.9905663926696509,-100.0,,,
2017-10-20,1508472000000,32.529999,11.07,1.36476,31.69551648190281,2.092095543566419,15.797903456433588,755.1234218253111,1.9828108221651417,-1.9828108221651417,-100.0,,,
2017-10-23,1508731200000,32.709998999999996,11.16,1.36742,31.48820547998541,2.0904073244694668,14.799591675530527,707.9764552244177,1.9803040717267797,-1.9803040717267797,-100.0,,,
2017-10-24,1508817600000,32.900002,11.23,1.3706399999999999,31.246050857372843,2.0869698283361533,15.73302917166385,753.8695077449722,1.975966680684772,-1.975966680684772,-100.0,,,
2017-10-25,1508904000000,34.110001000000004,11.3,1.37446,31.56959932070844,2.1856319552978185,15.954367044702174,729.9658575191451,2.070226122029481,-2.070226122029481,-100.0,,,
2017-10-26,1508990400000,35.200001,9.8,1.37796,31.869275976468572,2.276411239088933,15.013589760911064,659.5288892932989,2.1570148102162463,-2.1570148102162463,-100.0,,,
2017-10-27,1509076800000,35.75,10.5,1.38009,31.92536193236365,2.3160213333142217,15.123977666685779,653.0154730933932,2.194572215092468,-2.194572215092468,-100.0,,,
2017-10-30,1509336000000,37.189999,10.18,1.37678,32.426390750495,2.4458899145793325,12.194113085420668,498.55527073130463,2.31985136485444,-2.31985136485444,-100.0,,,
2017-10-31,1509422400000,36.470001,10.2,1.38483,32.58894004773942,2.4105641084248792,15.729435891575115,652.5209529421356,2.2862442196968296,-2.2862442196968296,-100.0,,,
2017-11-01,1509508800000,36.07,9.93,1.39139,32.28952215143425,2.3631178745312376,16.406882125468766,694.2896206023296,2.2395800685850844,-2.2395800685850844,-100.0,,,
2017-11-02,1509595200000,36.889998999999996,9.14,1.39194,31.842712188185658,2.3843778662782142,15.615622133721786,654.9139024720221,2.2579817504296464,-2.2579817504296464,-100.0,,,
2017-11-03,1509681600000,37.18,9.4,1.39703,31.02807677031779,2.3436430042884133,15.056358995711589,642.4339785607859,2.21578822598422,-2.21578822598422,-100.0,,,
2017-11-06,1509944400000,36.759997999999996,9.89,1.40258,31.148119804905058,2.3261063856547644,18.603894614345233,799.7869198535609,2.19919458771728,-2.19919458771728,-100.0,,,
2017-11-07,1510030800000,36.709998999999996,9.78,1.40981,30.68808330950903,2.289964197318749,18.09003680268125,789.9702896605254,2.1625728395864807,-2.1625728395864807,-100.0,,,
2017-11-08,1510117200000,37.959998999999996,10.5,1.41289,30.50042816734444,2.354033926736289,14.845967073263704,630.6607098839331,2.2220175216529583,-2.2220175216529583,-100.0,,,
2017-11-09,1510203600000,39.209998999999996,11.29,1.41289,30.458804118518085,2.428333408552,10.031665591447997,413.1090712716346,2.2919697824280583,-2.2919697824280583,-100.0,,,
2017-11-13,1510549200000,39.98,11.5,1.4158600000000001,30.49864588631703,2.4793006210979907,11.090698378902012,447.3317307519711,2.339967337603543,-2.339967337603543,-100.0,,,
2017-11-14,1510635600000,39.740002000000004,11.59,1.41899,30.52546872340763,2.466665238552846,8.853333761447157,358.91914407652945,2.327862730355825,-2.327862730355825,-100.0,,,
2017-11-15,1510722000000,40.66,13.13,1.4219,29.218013950616783,2.419099118713856,4.310899881286152,178.20269735694396,2.2767925438674936,-2.2767925438674936,-100.0,,,
2017-11-16,1510808400000,41.900002,11.76,1.43567,29.22335194530632,2.4939965629612004,4.806002437038799,192.7028492506213,2.3459324402273936,-2.3459324402273936,-100.0,,,
2017-11-17,1510894800000,44.18,11.43,1.4406700000000001,30.196933569132096,2.7147704983224017,0.7852295016775983,28.92434193471723,2.5581066763585056,-2.5581066763585056,-100.0,,,
2017-11-20,1511154000000,45.209998999999996,10.65,1.44594,30.3078349623643,2.7882266101250504,-0.4182236101250538,-14.999627670374204,2.6273249805333805,-2.6273249805333805,-100.0,,,
2017-11-21,1511240400000,48.060001,9.73,1.454,31.616092925972104,3.088382080741084,-3.088382080741084,-100.0,2.9163856073952807,-2.5263826073952806,-86.62717992397705,,,
2017-11-22,1511326800000,48.810001,9.88,1.46233,31.61860741549955,3.13729701805654,-3.13729701805654,-100.0,2.961617509084832,-2.171616509084835,-73.32535354154783,,,
2017-11-24,1511499600000,48.860001000000004,9.67,1.4620600000000001,31.52598732644825,3.131576408988824,-3.131576408988824,-100.0,2.9557493490462283,0.034252650953767734,1.1588482956046486,,,
2017-11-27,1511758800000,41.02,9.87,1.46763,43.801752934165954,3.6205178931351765,1.249481106864824,34.51111536374261,3.47234242662784,-3.47234242662784,-100.0,,,
2017-11-28,1511845200000,42.549999,10.03,1.47725,44.075208322324116,3.7788933746816937,1.4711066253183065,38.92956163237132,3.624185481587897,-3.624185481587897,-100.0,,,
2017-11-29,1511931600000,39.130001,10.7,1.47882,46.4994433755178,3.6616003618809394,4.968396638119064,135.68921092106382,3.519176337504049,-3.519176337504049,-100.0,,,
2017-11-30,1512018000000,39.220001,11.28,1.48063,46.50024643838014,3.6701642740411664,6.79983372595883,185.2732798380065,3.527238268866625,-3.527238268866625,-100.0,,,
2017-12-01,1512104400000,38.220001,11.43,1.48738,46.729400572463945,3.5940777443251686,5.685921255674828,158.20251146911198,3.454162147370156,-3.454162147370156,-100.0,,,
2017-12-04,1512363600000,36.869999,11.68,1.49463,46.25431616326839,3.4330286417209064,6.7269713582790915,195.94859409349402,3.297398430020809,-3.297398430020809,-100.0,,,
2017-12-05,1512450000000,37.599998,11.33,1.5084899999999999,46.31508710769216,3.5060777106212986,8.023925289378703,228.85759962111092,3.3664818760299084,-3.3664818760299084,-100.0,,,
2017-12-06,1512536400000,37.610001000000004,11.02,1.51532,46.318401722620784,3.5075459877851034,10.262454012214901,292.58216564953125,3.367281978754708,-3.367281978754708,-100.0,,,
2017-12-07,1512622800000,38.73,10.16,1.52263,46.460248336935166,3.6231080159022033,8.276892984097799,228.4473150612579,3.477971559523468,-3.477971559523468,-100.0,,,
2017-12-08,1512709200000,38.09,9.58,1.53606,46.50094598935546,3.5668604801430845,9.803138519856915,274.8394161877524,3.4228657486833964,-3.4228657486833964,-100.0,,,
2017-12-11,1512968400000,38.299999,9.34,1.5487799999999998,45.65963773455763,3.5237907254509864,8.526208274549012,241.96125533129668,3.3778054217692848,-3.3778054217692848,-100.0,,,
2017-12-12,1513054800000,38.080002,9.92,1.5634700000000001,45.68521408483405,3.5060972043700467,4.423898795629956,126.17730022190912,3.3595763988323317,-3.3595763988323317,-100.0,,,
2017-12-13,1513141200000,36.189999,10.18,1.58849,46.55474870555786,3.394909276296321,5.165091723703679,152.14226075986747,3.2534366384820683,-3.2534366384820683,-100.0,,,
2017-12-14,1513227600000,37.009997999999996,10.49,1.6004200000000002,46.63299079858578,3.4780174793574083,6.2519865206425855,179.7571909212397,3.332254900591405,-3.332254900591405,-100.0,,,
2017-12-15,1513314000000,37.029999,9.42,1.61331,46.506715463130725,3.4712553880127643,7.068745611987238,203.63657587389375,3.3242417447415384,-3.3242417447415384,-100.0,,,
2017-12-18,1513573200000,37.75,9.53,1.62548,46.03832038946242,3.5045469869893933,6.0854530130106115,173.64449772261048,3.3535465553839465,-3.3535465553839465,-100.0,,,
2017-12-19,1513659600000,36.919998,10.03,1.6420299999999999,46.25714222399607,3.444050668921172,7.835952331078828,227.52140094191452,3.2948696726278723,-3.2948696726278723,-100.0,,,
2017-12-20,1513746000000,35.66,9.72,1.65793,46.67992147568278,3.3567580018488385,9.64324199815116,287.2784392809922,3.2112758325237913,-3.2112758325237913,-100.0,,,
2017-12-21,1513832400000,35.869999,9.62,1.6746400000000001,46.57411449074311,3.369752390469607,9.970247609530396,295.87478408587015,3.221941605481732,-3.221941605481732,-100.0,,,
2017-12-22,1513918800000,35.139998999999996,9.9,1.68577,46.75432534500355,3.314049590187892,10.645949409812104,321.23687712254554,3.168286553014248,-3.168286553014248,-100.0,,,
2017-12-26,1514264400000,35.049999,10.25,1.68577,46.61952265726989,3.2962852591575005,12.7737147408425,387.5184863129031,3.1508955479291867,-3.1508955479291867,-100.0,,,
2017-12-27,1514350800000,35.75,10.47,1.68577,46.67679778050524,3.366137159051576,14.203862840948426,421.96328223744837,3.21784379743373,-3.21784379743373,-100.0,,,
2017-12-28,1514437200000,35.130001,10.18,1.6933900000000002,46.70732797951812,3.3101682155345284,15.819828784465475,477.91615876871316,3.163789335836505,-3.163789335836505,-100.0,,,
2017-12-29,1514523600000,34.669998,11.04,1.69465,46.49122086438789,3.2521629606054785,16.727841039394526,514.3604807638601,3.1075935453507344,-3.1075935453507344,-100.0,,,
2018-01-02,1514869200000,36.169998,9.77,1.69428,46.94331322837244,3.424957044324426,15.135044955675573,441.90466507474014,3.27416568408508,-3.27416568408508,-100.0,,,
2018-01-03,1514955600000,37.310001,9.15,1.69428,47.16001783769763,3.548776798421393,13.421221201578605,378.19288064407954,3.393232808584255,-3.393232808584255,-100.0,,,
2018-01-04,1515042000000,38.099998,9.22,1.6969299999999998,46.95533788326328,3.6087234293155888,12.94128057068441,358.61103861702105,3.4496380556322213,-3.4496380556322213,-100.0,,,
2018-01-05,1515128400000,41.139998999999996,9.22,1.69593,48.45760870849003,4.017921083138867,11.432079916861134,284.5272388458711,3.846243296125831,-3.846243296125831,-100.0,,,
2018-01-08,1515387600000,40.759997999999996,9.52,1.7038099999999998,48.5213105016915,3.9862654654209138,10.073736534579083,252.71113080561955,3.815384768085593,-3.815384768085593,-100.0,,,
2018-01-09,1515474000000,40.880001,10.08,1.70393,48.367285073974244,3.9856513800882993,10.174348619911695,255.27442442008788,3.814255541358115,-3.814255541358115,-100.0,,,
2018-01-10,1515560400000,40.84,9.82,1.70802,48.35705332626708,3.9811197546101766,11.568879245389823,290.59360075749913,3.809481486657997,-3.809481486657997,-100.0,,,
2018-01-11,1515646800000,42.299999,9.88,1.7045700000000001,48.57564405030875,4.141421262152019,8.188580737847982,197.72392663075593,3.964005385347505,-3.964005385347505,-100.0,,,
2018-01-12,1515733200000,41.25,10.16,1.70911,48.80695909626253,4.057553399245844,9.78244660075416,241.0922454544251,3.8840816239425284,-3.8840816239425284,-100.0,,,
2018-01-16,1516078800000,39.32,11.66,1.72019,49.59963846557847,3.92934584577943,12.30065315422057,313.0458258703007,3.7629207351396476,-3.7629207351396476,-100.0,,,
2018-01-17,1516165200000,40.060001,11.91,1.7215200000000002,49.64879179926116,4.0072183669494335,11.702780633050567,292.04249834679007,3.8375303230697324,-3.8375303230697324,-100.0,,,
2018-01-18,1516251600000,40.27,12.22,1.73133,49.64420551175691,4.0283064158948525,12.621691584105143,313.3250125735865,3.8567588934887813,-3.8567588934887813,-100.0,,,
2018-01-19,1516338000000,42.560001,11.27,1.7340799999999998,50.047784138615675,4.291201940051433,11.058797059948564,257.70861437986804,4.109611804218397,-4.109611804218397,-100.0,,,
2018-01-22,1516597200000,45.290001000000004,11.03,1.73918,50.88398109641272,4.640985641473815,8.319013358526187,179.25100401483596,4.447180350767621,-4.447180350767621,-100.0,,,
2018-01-23,1516683600000,45.009997999999996,11.1,1.7447,50.92073291580962,4.615814894754372,9.78418710524562,211.97095915533416,4.422597791340087,-4.422597791340087,-100.0,,,
2018-01-24,1516770000000,44.32,11.47,1.74447,50.681641425299816,4.524265891134711,12.35573510886529,273.0992255136093,4.334035810308858,-4.334035810308858,-100.0,,,
2018-01-25,1516856400000,45.119999,11.58,1.7413,50.70094707932483,4.607478922848358,11.842522077151642,257.02824202678187,4.41416625564495,-4.41416625564495,-100.0,,,
2018-01-26,1516942800000,45.970001,11.08,1.75246,50.75114585999147,4.699377920998288,12.050622079001712,256.4301548329572,4.501163938400442,-4.501163938400442,-100.0,,,
2018-01-29,1517202000000,45.43,13.84,1.7603099999999998,50.805408908379185,4.6494086786468385,10.59058932135316,227.7835753607153,4.45264752813307,-4.45264752813307,-100.0,,,
2018-01-30,1517288400000,45.52,14.79,1.7669,50.78887960814883,4.657480490227815,11.602518509772176,249.11577266112502,4.45959308287479,-4.45959308287479,-100.0,,,
2018-01-31,1517374800000,46.91,13.54,1.77225,50.94128237974592,4.814000174679634,9.566000825320367,198.71209967201492,4.609453939717992,-4.609453939717992,-100.0,,,
2018-02-01,1517461200000,44.450001,13.47,1.7734,51.88856845700154,4.644151419143395,14.115846580856607,303.94888768420583,4.4502062636770985,-4.4502062636770985,-100.0,,,
2018-02-02,1517547600000,43.610001000000004,17.31,1.77777,51.3265864701912,4.5085599401549885,14.381439059845016,318.9807666026201,4.317812030064072,-4.317812030064072,-100.0,,,
2018-02-05,1517806800000,41.02,37.32,1.78698,52.51398187666525,4.336684932814563,18.523316067185434,427.13077740613187,4.156338092132483,-4.156338092132483,-100.0,,,
2018-02-06,1517893200000,41.610001000000004,29.98,1.78902,52.50066056244404,4.398069120267892,18.471932879732112,420.0009680295103,4.214919922252289,-4.214919922252289,-100.0,,,
2018-02-07,1517979600000,41.669998,27.73,1.79345,52.47282846883032,4.402344063167803,20.127654936832194,457.2031319684928,4.218477616925888,-4.218477616925888,-100.0,,,
2018-02-08,1518066000000,39.5,33.46,1.7907,53.33856670402602,4.239971367403303,22.220027632596693,524.0607944530758,4.065946572846978,-4.065946572846978,-100.0,,,
2018-02-09,1518152400000,39.57,29.06,1.7998900000000002,53.2667348438994,4.242321950043667,23.777674049956328,560.4872598061913,4.067096050628585,-4.067096050628585,-100.0,,,
2018-02-12,1518411600000,39.919998,25.61,1.8105,53.21277192168515,4.276097208937498,22.903902791062503,535.6263356967404,4.098281696039948,-4.098281696039948,-100.0,,,
2018-02-13,1518498000000,42.110001000000004,24.97,1.82,53.86928813211022,4.565284439997317,19.074714560002686,417.8209443618785,4.376731997021391,-4.376731997021391,-100.0,,,
2018-02-14,1518584400000,41.849998,19.26,1.83338,53.82306811202527,4.533931284393624,15.506069715606381,342.00054528793305,4.345168534172359,-4.345168534172359,-100.0,,,
2018-02-15,1518670800000,44.290001000000004,19.13,1.83875,54.551424019701074,4.861717100507184,13.39828089949282,275.5874235893956,4.661365014739887,-4.661365014739887,-100.0,,,
2018-02-16,1518757200000,44.110001000000004,19.46,1.85,54.55870228017209,4.843138643888693,11.136860356111312,229.95130172794745,4.6423827662643395,-4.6423827662643395,-100.0,,,
2018-02-20,1519102800000,44.93,20.6,1.8725,54.608710173280194,4.93869506229434,11.68130393770566,236.52612259642018,4.731725881768536,-4.731725881768536,-100.0,,,
2018-02-21,1519189200000,44.099998,20.02,1.88494,54.65799517907168,4.8523268559336685,12.687674144066337,261.47608190390577,4.64783459346017,-4.64783459346017,-100.0,,,
2018-02-22,1519275600000,44.900002,18.72,1.8921299999999999,54.592637255945824,4.934964248968715,13.305032751031288,269.60748000984427,4.725970034082359,-4.725970034082359,-100.0,,,
2018-02-23,1519362000000,44.860001000000004,16.49,1.9039400000000002,54.594452230149635,4.931316066249778,11.958682933750223,242.50489672718743,4.721207794118951,-4.721207794118951,-100.0,,,
2018-02-26,1519621200000,46.549999,15.8,1.91975,54.86241798078822,5.142332234318037,12.457670765681966,242.2572132260153,4.922502463071692,-4.922502463071692,-100.0,,,
2018-02-27,1519707600000,45.91,18.59,1.94363,54.840777304439676,5.070905224033428,15.459096775966582,304.85872034639067,4.851407376212553,-4.851407376212553,-100.0,,,
2018-02-28,1519794000000,46.049999,19.85,1.95625,54.81986292316046,5.085128875491449,15.344875124508548,301.75980786771214,4.863535584204151,-4.863535584204151,-100.0,,,
2018-03-01,1519880400000,46.009997999999996,22.47,1.9841900000000001,54.75711064833352,5.076488265691118,13.673515734308882,269.349893443462,4.851933047754269,-4.851933047754269,-100.0,,,
2018-03-02,1519966800000,46.02,19.59,2.00625,54.7448106531694,5.077612358918604,14.232389641081399,280.296892221062,4.850517374617457,-4.850517374617457,-100.0,,,
2018-03-05,1520226000000,50.419998,18.73,2.0171900000000003,56.66303661999505,5.7529696630568266,11.107031336943177,193.0660508826928,5.502808633203937,-5.502808633203937,-100.0,,,
2018-03-06,1520312400000,49.599998,18.36,2.02457,56.77448443638489,5.670625816034538,11.699377183965462,206.31545024331766,5.423635154428816,-5.423635154428816,-100.0,,,
2018-03-07,1520398800000,50.720001,17.76,2.0251900000000003,56.85149155111993,5.806347850824742,10.42364814917525,179.5215928665841,5.553702812673742,-5.553702812673742,-100.0,,,
2018-03-08,1520485200000,52.25,16.54,2.0349,56.76173244641009,5.972886750840497,10.10711524915951,169.21658941109584,5.7113757773133536,-5.7113757773133536,-100.0,,,
2018-03-09,1520571600000,52.490002000000004,14.64,2.05725,56.581415769458225,5.9831053057685635,9.816893694231444,164.07689974579858,5.717514978330192,-5.717514978330192,-100.0,,,
2018-03-12,1520827200000,53.189999,15.78,2.0714,56.57018062795701,6.06255914909536,9.037442850904645,149.0697678760493,5.791580559381683,-5.791580559381683,-100.0,,,
2018-03-13,1520913600000,51.830002,16.35,2.08875,56.48033836747735,5.899434195580678,,,5.633178178674591,,,,,
2018-03-14,1521000000000,54.610001000000004,17.23,2.10688,56.919980359652776,6.263920465066858,,,5.980954613184153,,,,,
2018-03-15,1521086400000,54.84,16.59,2.1245,56.85946026735032,6.284879829188597,,,5.998352007058441,,,,,
2018-03-16,1521172800000,54.889998999999996,15.8,2.145,56.78250988577003,6.283594154639587,,,5.994045087618332,,,,,
2018-03-19,1521432000000,54.580002,19.02,2.1775,56.80442177268817,6.252409882999167,,,5.960145444561371,,,,,
2018-03-20,1521518400000,57.689999,18.2,2.20175,57.38037938916009,6.675200704641043,,,6.362851914304212,,,,,
2018-03-21,1521604800000,57.09,17.86,2.22249,57.429113663252146,6.612525293439624,,,6.30052136969671,,,,,
2018-03-22,1521691200000,55.16,23.34,2.2481400000000002,57.59562430583583,6.4085022257910325,,,6.10357648588187,,,,,
2018-03-23,1521777600000,51.669998,24.87,2.27108,58.55318814396132,6.101054900990263,,,5.81251552911862,,,,,
2018-03-26,1522036800000,53.549999,21.03,2.28557,58.74537859569679,6.344008765666999,,,6.043068397872283,,,,,
2018-03-27,1522123200000,51.060001,22.5,2.29155,59.340455591648045,6.108727814421581,,,5.821032087672489,,,,,
2018-03-28,1522209600000,47.389998999999996,22.87,2.2949599999999997,60.633128180819426,5.789489625804182,,,5.522076173739856,,,,,
2018-03-29,1522296000000,49.200001,19.97,2.302,60.744290311015405,6.0216719903168405,,,5.743195783015563,,,,,
2018-03-30,1522382400000,47.68,23.62,2.3080000000000003,60.370067890712576,5.801106311716065,,,5.530532034970182,,,,,
2018-04-02,1522641600000,47.580002,21.1,2.31175,60.25478180860525,5.778423014234169,,,5.507978752333447,,,,,
2018-04-03,1522728000000,47.669998,20.06,2.31175,59.37781779463447,5.7076936218407415,,,5.436737823564008,,,,,
2018-04-04,1522814400000,48.02,18.94,2.31175,59.332859370626075,5.745382797744802,,,5.472437591553508,,,,,
2018-04-05,1522900800000,45.869999,21.49,2.32084,59.82138373007781,5.532378545198117,,,5.270631662402682,,,,,
2018-04-06,1522987200000,45.889998999999996,21.77,2.32461,52.055362067023104,4.837923200992755,,,4.575638040474676,,,,,
2018-04-09,1523246400000,47.799999,20.47,2.3306299999999998,52.13995361727371,5.047525031611722,,,4.7736177551028005,,,,,
2018-04-10,1523332800000,47.759997999999996,20.24,2.3374599999999996,50.11551755698793,4.854262314149448,,,4.5797845395521035,,,,,
2018-04-11,1523419200000,49.689999,18.49,2.3373,50.504790502582686,5.088317274689771,,,4.80276723233067,,,,,
2018-04-12,1523505600000,47.5,17.41,2.3390299999999997,50.91287054916769,4.9021277365091365,,,4.628961349796602,,,,,
2018-04-13,1523592000000,47.029999,16.56,2.34163,50.54238915539883,4.819623797103311,,,4.54886055315254,,,,,
2018-04-16,1523851200000,49.130001,15.25,2.34769,50.92948548114622,5.072425882361394,,,4.788842520245152,,,,,
2018-04-17,1523937600000,51.380001,15.6,2.35281,51.40497558049707,5.3528796695688605,,,5.055664171892005,,,,,
2018-04-18,1524024000000,50.630001,15.96,2.35509,51.30544536360336,5.26500211474033,,,4.971842116738081,,,,,
2018-04-19,1524110400000,51.459998999999996,16.88,2.35866,51.244340065062545,5.345360448208577,,,5.046944196196018,,,,,
2018-04-20,1524196800000,50.349998,16.34,2.36156,51.41521703583751,5.247076664012461,,,4.954739353872267,,,,,
2018-04-23,1524456000000,46.009997999999996,18.02,2.3592299999999997,53.71154491509077,5.001547552131857,,,4.734671534969222,,,,,
2018-04-24,1524542400000,44.75,17.84,2.35954,53.20208838149106,4.81996768843764,,,4.560366145656001,,,,,
2018-04-25,1524628800000,46.740002000000004,16.24,2.36167,53.54334114264715,5.065642172789048,,,4.794252269997188,,,,,
2018-04-26,1524715200000,47.57,15.41,2.3656099999999998,53.600899410299796,5.161165443008481,,,4.884496801749403,,,,,
2018-04-27,1524801600000,47.34,15.93,2.35878,53.54285645275383,5.130471672921613,,,4.8559333462965775,,,,,
2018-04-30,1525060800000,48.200001,15.49,2.35805,53.4394953152609,5.2138829785319984,,,4.934443514766682,,,,,
2018-05-01,1525147200000,48.66,15.97,2.36294,53.067509431291796,5.228474140450665,,,4.945784518290684,,,,,
2018-05-02,1525233600000,49.209998999999996,15.9,2.35375,53.08203426711861,5.288464450021234,,,5.0036882623851575,,,,,
2018-05-03,1525320000000,49.099998,14.77,2.36294,52.935079457338645,5.2630217612680745,,,4.9777759765850496,,,,,
2018-05-04,1525406400000,51.119999,14.75,2.36313,53.276222867977886,5.5136964681721246,,,5.216691704342821,,,,,
2018-05-07,1525665600000,53.32,14.71,2.3690599999999997,53.591853944178936,5.784280222621256,,,5.473718452259387,,,,,
2018-05-08,1525752000000,54.259997999999996,13.42,2.3690599999999997,53.505952276145905,5.877130081657896,,,5.561093302987387,,,,,
2018-05-09,1525838400000,54.650002,13.23,2.3525,53.42027115697806,5.909195959681353,,,5.593106171522557,,,,,
2018-05-10,1525924800000,54.73,12.65,2.35575,53.048783485160854,5.878243679668057,,,5.561255140379122,,,,,
2018-05-11,1526011200000,54.279999,12.93,2.355,52.90171128201035,5.814237013541857,,,5.499954616906528,,,,,
2018-05-14,1526270400000,54.650002,14.63,2.3425,52.827493472349865,5.8451645137313255,,,5.53041448239113,,,,,
2018-05-15,1526356800000,56.59,13.42,2.33,51.64582845304668,5.920915902934784,,,5.5967268828387615,,,,,
2018-05-16,1526443200000,54.82,13.43,2.32063,51.9403456431905,5.766769547956398,,,5.453979711893389,,,,,
2018-05-17,1526529600000,55.040001000000004,13.42,2.32563,51.94044653279065,5.790232017949215,,,5.47551220928138,,,,,
2018-05-18,1526616000000,56.389998999999996,13.08,2.33125,52.05276641259449,5.945012059404683,,,5.621795982862935,,,,,
2018-05-21,1526875200000,54.630001,13.22,2.32938,52.107460887782466,5.765198304509305,,,5.4523206342132085,,,,,
2018-05-22,1526961600000,55.09,12.58,2.33,51.89932459889494,5.791325190084759,,,5.475729270008952,,,,,
2018-05-23,1527048000000,55.549999,12.53,2.33,51.178632119936026,5.761266207937363,,,5.443035076250754,,,,,
2018-05-24,1527134400000,55.77,13.22,2.33,51.11729743997078,5.777382339461987,,,5.457890880710352,,,,,
2018-05-25,1527220800000,56.919998,17.02,2.3193799999999998,51.19342373910668,5.9043231427252065,,,5.57972565689202,,,,,
2018-05-29,1527566400000,57.91,14.94,2.31813,50.50152121662893,5.9284348543611705,,,5.598369159497653,,,,,
2018-05-30,1527652800000,58.25,15.43,2.31813,49.51611302769969,5.8507571794107625,,,5.518753609633532,,,,,
2018-05-31,1527739200000,59.41,13.46,2.3003099999999996,49.572673565722354,5.972661499192232,,,5.636641993671996,,,,,
2018-06-01,1527825600000,61.200001,12.74,2.32125,49.67010160320369,6.165747439514733,,,5.816461813821903,,,,,
2018-06-04,1528084800000,61.57,12.4,2.3178099999999997,49.61300608975144,6.195895300353455,,,5.8450172563909515,,,,,
2018-06-05,1528171200000,62.720001,11.64,2.3138099999999997,49.6116434114349,6.311171332120434,,,5.954354693679161,,,,,
2018-06-06,1528257600000,60.669998,12.13,2.3191900000000003,49.92666397661243,6.1427152099878315,,,5.7967608728534925,,,,,
2018-06-07,1528344000000,61.779999,12.18,2.32088,49.98846165551777,6.2627000783704725,,,5.910160282908831,,,,,
2018-06-08,1528430400000,61.290001000000004,12.35,2.32713,49.818466582155615,6.1930421984340756,,,5.842359374377639,,,,,
2018-06-11,1528689600000,63.209998999999996,12.34,2.32631,49.09332280072051,6.297152462179056,,,5.935611065324843,,,,,
2018-06-12,1528776000000,62.5,12.94,2.33263,49.00732414222239,6.216330933620463,,,5.8578821144349895,,,,,
2018-06-13,1528862400000,63.880001,12.12,2.33563,47.834081063452174,6.206869580737384,,,5.840036380718371,,,,,
2018-06-14,1528948800000,64.480003,11.98,2.34063,47.81387280630002,6.2629789016632245,,,5.891909779621336,,,,,
2018-06-15,1529035200000,66.199997,12.31,2.33469,47.94452168777188,6.446556226754499,,,6.066552924327443,,,,,
2018-06-18,1529294400000,65.959999,13.35,2.32594,46.93362033226549,6.291767394569213,,,5.914556692054454,,,,,
2018-06-19,1529380800000,67.589996,12.79,2.3246900000000004,47.03279038074457,6.4602996636852135,,,6.073974501717711,,,,,
2018-06-20,1529467200000,67.099998,14.64,2.33025,47.082086479183396,6.420376528352718,,,6.0359374061970605,,,,,
2018-06-21,1529553600000,65.75,13.77,2.33188,46.58365010543454,6.227045835092078,,,5.850078572531675,,,,,
2018-06-22,1529640000000,61.889998999999996,17.33,2.33506,47.82144288265378,6.011938272820089,,,5.656619216425284,,,,,
2018-06-25,1529899200000,62.549999,15.92,2.33888,47.00877963521185,5.97663570561217,,,5.6169417134867485,,,,,
2018-06-26,1529985600000,60.09,17.91,2.3369999999999997,47.564264926754205,5.8069164074849935,,,5.461645601381296,,,,,
2018-06-27,1530072000000,61.549999,16.85,2.33563,47.623254147454176,5.9550305630266,,,5.601577483175556,,,,,
2018-06-28,1530158400000,61.639998999999996,16.09,2.33438,47.477166406957856,5.945992200123506,,,5.592211187626329,,,,,
2018-06-29,1530244800000,63.139998999999996,15.6,2.33738,47.53954723642295,6.098625848196778,,,5.7357712479778895,,,,,
2018-07-02,1530504000000,61.75,16.14,2.33575,47.73318564816358,5.987700631619493,,,5.6330808725358565,,,,,
2018-07-03,1530590400000,64.150002,14.97,2.3425,47.75636671151371,6.223828080883418,,,5.854363956436111,,,,,
2018-07-05,1530763200000,66.440002,13.37,2.33725,47.95262571851083,6.471176398973181,,,6.089378429887803,,,,,
2018-07-06,1530849600000,66.480003,12.69,2.33731,47.95589991446664,6.475503767586051,,,6.093466153576784,,,,,
2018-07-09,1531108800000,64.760002,12.64,2.3386299999999998,48.21675788221616,6.341185844878273,,,5.968822913624901,,,,,
2018-07-10,1531195200000,65.33000200000001,13.63,2.33144,48.21999320726484,6.396881752471835,,,6.0223929544958095,,,,,
2018-07-11,1531281600000,67.279999,12.58,2.33313,46.10877828880734,6.309370540726127,,,5.9234250894128815,,,,,
2018-07-12,1531368000000,66.970001,12.18,2.3369999999999997,46.00900866417814,6.267486742442845,,,5.882684175792225,,,,,
2018-07-13,1531454400000,66.949997,12.83,2.3391900000000003,45.90018999425767,6.2514887039244265,,,5.866441626449134,,,,,
2018-07-16,1531713600000,68.33000200000001,12.06,2.336,45.773414208741045,6.363103673426852,,,5.97065420142991,,,,,
2018-07-17,1531800000000,68.290001,12.1,2.33263,45.77646372966426,6.35952499064808,,,5.967869467118084,,,,,
2018-07-18,1531886400000,68.290001,12.1,2.34194,45.74553111962138,6.35610509210634,,,5.962890900886805,,,,,
