DATE,USD1WKD156N
2013-08-21,0.14883
2013-08-22,0.14833
2013-08-23,0.14833
2013-08-26,.
2013-08-27,0.14833
2013-08-28,0.14833
2013-08-29,0.14883
2013-08-30,0.14783
2013-09-02,0.14783
2013-09-03,0.14783
2013-09-04,0.14783
2013-09-05,0.14797
2013-09-06,0.14747
2013-09-09,0.14837
2013-09-10,0.14747
2013-09-11,0.14547
2013-09-12,0.14607
2013-09-13,0.14297
2013-09-16,0.14185
2013-09-17,0.14000
2013-09-18,0.14000
2013-09-19,0.13950
2013-09-20,0.14015
2013-09-23,0.14000
2013-09-24,0.13950
2013-09-25,0.13950
2013-09-26,0.13950
2013-09-27,0.13940
2013-09-30,0.13920
2013-10-01,0.13800
2013-10-02,0.13660
2013-10-03,0.13555
2013-10-04,0.13525
2013-10-07,0.13710
2013-10-08,0.13765
2013-10-09,0.13930
2013-10-10,0.13880
2013-10-11,0.13950
2013-10-14,0.14190
2013-10-15,0.13940
2013-10-16,0.13925
2013-10-17,0.13580
2013-10-18,0.13575
2013-10-21,0.13740
2013-10-22,0.13785
2013-10-23,0.13890
2013-10-24,0.13300
2013-10-25,0.13350
2013-10-28,0.13580
2013-10-29,0.13480
2013-10-30,0.13235
2013-10-31,0.13025
2013-11-01,0.13040
2013-11-04,0.13255
2013-11-05,0.13280
2013-11-06,0.12725
2013-11-07,0.12715
2013-11-08,0.12715
2013-11-11,0.13130
2013-11-12,0.12650
2013-11-13,0.12750
2013-11-14,0.12750
2013-11-15,0.12925
2013-11-18,0.13025
2013-11-19,0.12900
2013-11-20,0.12900
2013-11-21,0.12875
2013-11-22,0.12875
2013-11-25,0.12825
2013-11-26,0.13015
2013-11-27,0.13195
2013-11-28,0.12965
2013-11-29,0.12790
2013-12-02,0.12650
2013-12-03,0.12700
2013-12-04,0.12735
2013-12-05,0.12790
2013-12-06,0.12760
2013-12-09,0.12650
2013-12-10,0.12720
2013-12-11,0.12895
2013-12-12,0.12615
2013-12-13,0.12625
2013-12-16,0.12425
2013-12-17,0.12450
2013-12-18,0.12740
2013-12-19,0.12675
2013-12-20,0.12675
2013-12-23,0.12900
2013-12-24,0.13055
2013-12-25,.
2013-12-26,.
2013-12-27,0.12810
2013-12-30,0.12805
2013-12-31,0.12930
2014-01-01,.
2014-01-02,0.12930
2014-01-03,0.12445
2014-01-06,0.12250
2014-01-07,0.12620
2014-01-08,0.12205
2014-01-09,0.12395
2014-01-10,0.12150
2014-01-13,0.12575
2014-01-14,0.12490
2014-01-15,0.11925
2014-01-16,0.11825
2014-01-17,0.11995
2014-01-20,0.11800
2014-01-21,0.12000
2014-01-22,0.11800
2014-01-23,0.12105
2014-01-24,0.11775
2014-01-27,0.118
2014-01-28,0.122
2014-01-29,0.12495
2014-01-30,0.1239
2014-01-31,0.12215
2014-02-03,0.12075
2014-02-04,0.11985
2014-02-05,0.11975
2014-02-06,0.11925
2014-02-07,0.12175
2014-02-10,0.1195
2014-02-11,0.11875
2014-02-12,0.119
2014-02-13,0.11925
2014-02-14,0.118
2014-02-17,0.1165
2014-02-18,0.118
2014-02-19,0.118
2014-02-20,0.12
2014-02-21,0.11725
2014-02-24,0.1209
2014-02-25,0.1217
2014-02-26,0.1195
2014-02-27,0.12015
2014-02-28,0.12
2014-03-03,0.11815
2014-03-04,0.12135
2014-03-05,0.12115
2014-03-06,0.11805
2014-03-07,0.12
2014-03-10,0.1204
2014-03-11,0.124
2014-03-12,0.12075
2014-03-13,0.1234
2014-03-14,0.12125
2014-03-17,0.11975
2014-03-18,0.1213
2014-03-19,0.123
2014-03-20,0.12
2014-03-21,0.11975
2014-03-24,0.1195
2014-03-25,0.11875
2014-03-26,0.12275
2014-03-27,0.12275
2014-03-28,0.1201
2014-03-31,0.1195
2014-04-01,0.11885
2014-04-02,0.121
2014-04-03,0.1206
2014-04-04,0.12135
2014-04-07,0.1182
2014-04-08,0.1185
2014-04-09,0.11925
2014-04-10,0.12045
2014-04-11,0.11875
2014-04-14,0.1204
2014-04-15,0.12065
2014-04-16,0.1215
2014-04-17,0.11875
2014-04-18,.
2014-04-21,.
2014-04-22,0.11925
2014-04-23,0.1213
2014-04-24,0.11925
2014-04-25,0.11975
2014-04-28,0.122
2014-04-29,0.12075
2014-04-30,0.12175
2014-05-01,0.1225
2014-05-02,0.1195
2014-05-05,.
2014-05-06,0.1225
2014-05-07,0.11905
2014-05-08,0.12175
2014-05-09,0.11875
2014-05-12,0.1205
2014-05-13,0.12075
2014-05-14,0.11875
2014-05-15,0.121
2014-05-16,0.119
2014-05-19,0.1178
2014-05-20,0.11635
2014-05-21,0.1183
2014-05-22,0.1205
2014-05-23,0.1203
2014-05-26,.
2014-05-27,0.11925
2014-05-28,0.1202
2014-05-29,0.121
2014-05-30,0.119
2014-06-02,0.1209
2014-06-03,0.119
2014-06-04,0.122
2014-06-05,0.12
2014-06-06,0.122
2014-06-09,0.123
2014-06-10,0.123
2014-06-11,0.12255
2014-06-12,0.12025
2014-06-13,0.1235
2014-06-16,0.1235
2014-06-17,0.12375
2014-06-18,0.123
2014-06-19,0.123
2014-06-20,0.123
2014-06-23,0.123
2014-06-24,0.1235
2014-06-25,0.12325
2014-06-26,0.1225
2014-06-27,0.123
2014-06-30,0.123
2014-07-01,0.123
2014-07-02,0.123
2014-07-03,0.123
2014-07-04,0.123
2014-07-07,0.123
2014-07-08,0.12225
2014-07-09,0.1225
2014-07-10,0.12225
2014-07-11,0.12275
2014-07-14,0.1225
2014-07-15,0.12275
2014-07-16,0.12275
2014-07-17,0.12275
2014-07-18,0.122
2014-07-21,0.123
2014-07-22,0.123
2014-07-23,0.123
2014-07-24,0.12325
2014-07-25,0.122
2014-07-28,0.12175
2014-07-29,0.12225
2014-07-30,0.12325
2014-07-31,0.12325
2014-08-01,0.122
2014-08-04,0.1205
2014-08-05,0.122
2014-08-06,0.12
2014-08-07,0.1215
2014-08-08,0.1205
2014-08-11,0.12025
2014-08-12,0.12125
2014-08-13,0.1205
2014-08-14,0.1215
2014-08-15,0.12175
2014-08-18,0.12175
2014-08-19,0.12225
2014-08-20,0.12125
2014-08-21,0.1225
2014-08-22,0.121
2014-08-25,.
2014-08-26,0.123
2014-08-27,0.1235
2014-08-28,0.12425
2014-08-29,0.12325
2014-09-01,0.12445
2014-09-02,0.12225
2014-09-03,0.12125
2014-09-04,0.12125
2014-09-05,0.11825
2014-09-08,0.11985
2014-09-09,0.11955
2014-09-10,0.12125
2014-09-11,0.1215
2014-09-12,0.11925
2014-09-15,0.1193
2014-09-16,0.12175
2014-09-17,0.122
2014-09-18,0.12175
2014-09-19,0.11975
2014-09-22,0.1215
2014-09-23,0.122
2014-09-24,0.122
2014-09-25,0.12175
2014-09-26,0.1175
2014-09-29,0.1225
2014-09-30,0.1185
2014-10-01,0.11775
2014-10-02,0.1195
2014-10-03,0.11845
2014-10-06,0.1205
2014-10-07,0.11875
2014-10-08,0.1173
2014-10-09,0.12
2014-10-10,0.1186
2014-10-13,0.11955
2014-10-14,0.1193
2014-10-15,0.12
2014-10-16,0.12025
2014-10-17,0.1205
2014-10-20,0.1204
2014-10-21,0.11875
2014-10-22,0.11875
2014-10-23,0.1187
2014-10-24,0.1205
2014-10-27,0.1205
2014-10-28,0.11775
2014-10-29,0.1207
2014-10-30,0.122
2014-10-31,0.12075
2014-11-03,0.11975
2014-11-04,0.1185
2014-11-05,0.1207
2014-11-06,0.12225
2014-11-07,0.122
2014-11-10,0.11985
2014-11-11,0.12175
2014-11-12,0.122
2014-11-13,0.1215
2014-11-14,0.12025
2014-11-17,0.12
2014-11-18,0.1218
2014-11-19,0.12175
2014-11-20,0.124
2014-11-21,0.12575
2014-11-24,0.1239
2014-11-25,0.12525
2014-11-26,0.1248
2014-11-27,0.1246
2014-11-28,0.1241
2014-12-01,0.1262
2014-12-02,0.13075
2014-12-03,0.133
2014-12-04,0.1341
2014-12-05,0.134
2014-12-08,0.1366
2014-12-09,0.136
2014-12-10,0.135
2014-12-11,0.1345
2014-12-12,0.1335
2014-12-15,0.1319
2014-12-16,0.131
2014-12-17,0.1305
2014-12-18,0.1308
2014-12-19,0.132
2014-12-22,0.134
2014-12-23,0.13425
2014-12-24,0.133
2014-12-25,.
2014-12-26,.
2014-12-29,0.1326
2014-12-30,0.136
2014-12-31,0.135
2015-01-01,.
2015-01-02,0.1348
2015-01-05,0.13475
2015-01-06,0.1335
2015-01-07,0.1342
2015-01-08,0.1341
2015-01-09,0.1349
2015-01-12,0.1319
2015-01-13,0.133
2015-01-14,0.1345
2015-01-15,0.1351
2015-01-16,0.135
2015-01-19,0.1355
2015-01-20,0.1355
2015-01-21,0.1361
2015-01-22,0.1347
2015-01-23,0.1344
2015-01-26,0.1369
2015-01-27,0.1371
2015-01-28,0.1367
2015-01-29,0.1368
2015-01-30,0.1351
2015-02-02,0.136
2015-02-03,0.136
2015-02-04,0.137
2015-02-05,0.136
2015-02-06,0.1365
2015-02-09,0.134
2015-02-10,0.1362
2015-02-11,0.1375
2015-02-12,0.138
2015-02-13,0.138
2015-02-16,0.1375
2015-02-17,0.1379
2015-02-18,0.14
2015-02-19,0.1414
2015-02-20,0.1395
2015-02-23,0.1406
2015-02-24,0.13875
2015-02-25,0.138
2015-02-26,0.139
2015-02-27,0.135
2015-03-02,0.1365
2015-03-03,0.1385
2015-03-04,0.1385
2015-03-05,0.139
2015-03-06,0.1389
2015-03-09,0.1387
2015-03-10,0.1385
2015-03-11,0.1385
2015-03-12,0.139
2015-03-13,0.14
2015-03-16,0.14
2015-03-17,0.141
2015-03-18,0.1415
2015-03-19,0.1435
2015-03-20,0.142
2015-03-23,0.142
2015-03-24,0.14025
2015-03-25,0.13975
2015-03-26,0.1415
2015-03-27,0.1425
2015-03-30,0.14425
2015-03-31,0.1407
2015-04-01,0.1444
2015-04-02,0.1438
2015-04-03,.
2015-04-06,.
2015-04-07,0.142
2015-04-08,0.1413
2015-04-09,0.14575
2015-04-10,0.14625
2015-04-13,0.147
2015-04-14,0.14675
2015-04-15,0.14375
2015-04-16,0.147
2015-04-17,0.1475
2015-04-20,0.14775
2015-04-21,0.14925
2015-04-22,0.14645
2015-04-23,0.146
2015-04-24,0.144
2015-04-27,0.14525
2015-04-28,0.1495
2015-04-29,0.1476
2015-04-30,0.14975
2015-05-01,0.1475
2015-05-04,.
2015-05-05,0.149
2015-05-06,0.1453
2015-05-07,0.1485
2015-05-08,0.1485
2015-05-11,0.14825
2015-05-12,0.14875
2015-05-13,0.14575
2015-05-14,0.14675
2015-05-15,0.149
2015-05-18,0.1485
2015-05-19,0.1485
2015-05-20,0.1465
2015-05-21,0.1485
2015-05-22,0.14775
2015-05-25,.
2015-05-26,0.148
2015-05-27,0.14575
2015-05-28,0.15
2015-05-29,0.15025
2015-06-01,0.147
2015-06-02,0.1473
2015-06-03,0.1445
2015-06-04,0.14725
2015-06-05,0.1475
2015-06-08,0.1475
2015-06-09,0.147
2015-06-10,0.144
2015-06-11,0.1475
2015-06-12,0.1475
2015-06-15,0.1477
2015-06-16,0.1475
2015-06-17,0.144
2015-06-18,0.1472
2015-06-19,0.147
2015-06-22,0.148
2015-06-23,0.148
2015-06-24,0.146
2015-06-25,0.146
2015-06-26,0.146
2015-06-29,0.1475
2015-06-30,0.148
2015-07-01,0.149
2015-07-02,0.148
2015-07-03,0.148
2015-07-06,0.147
2015-07-07,0.1495
2015-07-08,0.149
2015-07-09,0.148
2015-07-10,0.1481
2015-07-13,0.149
2015-07-14,0.1485
2015-07-15,0.15
2015-07-16,0.15
2015-07-17,0.1481
2015-07-20,0.15
2015-07-21,0.149
2015-07-22,0.147
2015-07-23,0.149
2015-07-24,0.15
2015-07-27,0.151
2015-07-28,0.1505
2015-07-29,0.1469
2015-07-30,0.1495
2015-07-31,0.1491
2015-08-03,0.15
2015-08-04,0.1502
2015-08-05,0.149
2015-08-06,0.1505
2015-08-07,0.1497
2015-08-10,0.1491
2015-08-11,0.1506
2015-08-12,0.15075
2015-08-13,0.1518
2015-08-14,0.153
2015-08-17,0.1535
2015-08-18,0.1535
2015-08-19,0.155
2015-08-20,0.1541
2015-08-21,0.15275
2015-08-24,0.153
2015-08-25,0.1525
2015-08-26,0.1525
2015-08-27,0.1536
2015-08-28,0.1542
2015-08-31,.
2015-09-01,0.154
2015-09-02,0.1555
2015-09-03,0.1545
2015-09-04,0.1535
2015-09-07,0.1543
2015-09-08,0.154
2015-09-09,0.1551
2015-09-10,0.157
2015-09-11,0.1593
2015-09-14,0.161
2015-09-15,0.1621
2015-09-16,0.1646
2015-09-17,0.166
2015-09-18,0.1555
2015-09-21,0.15525
2015-09-22,0.1569
2015-09-23,0.1553
2015-09-24,0.15545
2015-09-25,0.1542
2015-09-28,0.1571
2015-09-29,0.15375
2015-09-30,0.15115
2015-10-01,0.15365
2015-10-02,0.15595
2015-10-05,0.157
2015-10-06,0.15645
2015-10-07,0.156
2015-10-08,0.1553
2015-10-09,0.15645
2015-10-12,0.1553
2015-10-13,0.15595
2015-10-14,0.1538
2015-10-15,0.1545
2015-10-16,0.1555
2015-10-19,0.1558
2015-10-20,0.15625
2015-10-21,0.15605
2015-10-22,0.15625
2015-10-23,0.1545
2015-10-26,0.1529
2015-10-27,0.1528
2015-10-28,0.1531
2015-10-29,0.1575
2015-10-30,0.1559
2015-11-02,0.15365
2015-11-03,0.1541
2015-11-04,0.15490
2015-11-05,0.15605
2015-11-06,0.15495
2015-11-09,0.1556
2015-11-10,0.1562
2015-11-11,0.15495
2015-11-12,0.15625
2015-11-13,0.1559
2015-11-16,0.1563
2015-11-17,0.15675
2015-11-18,0.1561
2015-11-19,0.15845
2015-11-20,0.1564
2015-11-23,0.1569
2015-11-24,0.1563
2015-11-25,0.15705
2015-11-26,0.15675
2015-11-27,0.1552
2015-11-30,0.1556
2015-12-01,0.1552
2015-12-02,0.15785
2015-12-03,0.15885
2015-12-04,0.15845
2015-12-07,0.16395
2015-12-08,0.1621
2015-12-09,0.1755
2015-12-10,0.2222
2015-12-11,0.2639
2015-12-14,0.2988
2015-12-15,0.3318
2015-12-16,0.341
2015-12-17,0.373
2015-12-18,0.38635
2015-12-21,0.3904
2015-12-22,0.39
2015-12-23,0.3906
2015-12-24,0.3897
2015-12-25,.
2015-12-28,.
2015-12-29,0.385
2015-12-30,0.392
2015-12-31,0.38975
2016-01-01,.
2016-01-04,0.3875
2016-01-05,0.38625
2016-01-06,0.38715
2016-01-07,0.3847
2016-01-08,0.38485
2016-01-11,0.38595
2016-01-12,0.3864
2016-01-13,0.3859
2016-01-14,0.3851
2016-01-15,0.3875
2016-01-18,0.3853
2016-01-19,0.3875
2016-01-20,0.3866
2016-01-21,0.3864
2016-01-22,0.3893
2016-01-25,0.38765
2016-01-26,0.38975
2016-01-27,0.39135
2016-01-28,0.3955
2016-01-29,0.39385
2016-02-01,0.3894
2016-02-02,0.3925
2016-02-03,0.3874
2016-02-04,0.3876
2016-02-05,0.3866
2016-02-08,0.3905
2016-02-09,0.3972
2016-02-10,0.3939
2016-02-11,0.3952
2016-02-12,0.3912
2016-02-15,0.3934
2016-02-16,0.3905
2016-02-17,0.3916
2016-02-18,0.392
2016-02-19,0.39305
2016-02-22,0.3923
2016-02-23,0.3907
2016-02-24,0.3951
2016-02-25,0.39405
2016-02-26,0.39745
2016-02-29,0.3973
2016-03-01,0.39275
2016-03-02,0.3964
2016-03-03,0.3989
2016-03-04,0.3979
2016-03-07,0.3991
2016-03-08,0.3974
2016-03-09,0.39485
2016-03-10,0.3971
2016-03-11,0.3982
2016-03-14,0.4018
2016-03-15,0.402
2016-03-16,0.3994
2016-03-17,0.39765
2016-03-18,0.3987
2016-03-21,0.4017
2016-03-22,0.39725
2016-03-23,0.39405
2016-03-24,0.39355
2016-03-25,.
2016-03-28,.
2016-03-29,0.3925
2016-03-30,0.39685
2016-03-31,0.3961
2016-04-01,0.3961
2016-04-04,0.396
2016-04-05,0.3958
2016-04-06,0.3935
2016-04-07,0.39625
2016-04-08,0.395
2016-04-11,0.39525
2016-04-12,0.397
2016-04-13,0.39725
2016-04-14,0.3975
2016-04-15,0.4015
2016-04-18,0.4011
2016-04-19,0.4021
2016-04-20,0.399
2016-04-21,0.399
2016-04-22,0.399
2016-04-25,0.3994
2016-04-26,0.4003
2016-04-27,0.401
2016-04-28,0.404
2016-04-29,0.4055
2016-05-02,.
2016-05-03,0.405
2016-05-04,0.4032
2016-05-05,0.4068
2016-05-06,.
2016-05-09,0.40415
2016-05-10,0.40415
2016-05-11,0.4034
2016-05-12,0.4049
2016-05-13,0.4058
2016-05-16,0.4045
2016-05-17,0.4055
2016-05-18,0.4035
2016-05-19,0.407
2016-05-20,0.4061
2016-05-23,0.4046
2016-05-24,0.4059
2016-05-25,0.4055
2016-05-26,0.4061
2016-05-27,0.407
2016-05-30,.
2016-05-31,0.40820
2016-06-01,0.4083
2016-06-02,0.408
2016-06-03,0.40915
2016-06-06,0.40775
2016-06-07,0.408
2016-06-08,0.408
2016-06-09,0.41075
2016-06-10,0.41185
2016-06-13,0.41075
2016-06-14,0.4104
2016-06-15,0.40995
2016-06-16,0.4075
2016-06-17,0.4102
2016-06-20,0.4121
2016-06-21,0.41545
2016-06-22,0.41165
2016-06-23,0.4162
2016-06-24,0.42095
2016-06-27,0.43195
2016-06-28,0.43645
2016-06-29,0.4404
2016-06-30,0.4402
2016-07-01,0.43645
2016-07-04,0.4362
2016-07-05,0.43545
2016-07-06,0.4383
2016-07-07,0.4378
2016-07-08,0.4358
2016-07-11,0.4368
2016-07-12,0.4368
2016-07-13,0.4358
2016-07-14,0.43655
2016-07-15,0.4378
2016-07-18,0.4385
2016-07-19,0.439
2016-07-20,0.4386
2016-07-21,0.4371
2016-07-22,0.4366
2016-07-25,0.4391
2016-07-26,0.4391
2016-07-27,0.4386
2016-07-28,0.4461
2016-07-29,0.4456
2016-08-01,0.4461
2016-08-02,0.4441
2016-08-03,0.4441
2016-08-04,0.4431
2016-08-05,0.44235
2016-08-08,0.4431
2016-08-09,0.44245
2016-08-10,0.4437
2016-08-11,0.44345
2016-08-12,0.4427
2016-08-15,0.44078
2016-08-16,0.44133
2016-08-17,0.44078
2016-08-18,0.44106
2016-08-19,0.44272
2016-08-22,0.44467
2016-08-23,0.44356
2016-08-24,0.443
2016-08-25,0.44217
2016-08-26,0.44244
2016-08-29,.
2016-08-30,0.44383
2016-08-31,0.44356
2016-09-01,0.443
2016-09-02,0.443
2016-09-05,0.44328
2016-09-06,0.443
2016-09-07,0.44383
2016-09-08,0.44522
2016-09-09,0.44506
2016-09-12,0.44533
2016-09-13,0.44589
2016-09-14,0.44922
2016-09-15,0.45367
2016-09-16,0.45228
2016-09-19,0.45478
2016-09-20,0.45756
2016-09-21,0.45783
2016-09-22,0.45589
2016-09-23,0.45339
2016-09-26,0.45228
2016-09-27,0.45256
2016-09-28,0.44788
2016-09-29,0.44867
2016-09-30,0.45672
2016-10-03,0.46256
2016-10-04,0.45756
2016-10-05,0.45589
2016-10-06,0.45644
2016-10-07,0.45533
2016-10-10,0.45533
2016-10-11,0.45644
2016-10-12,0.45867
2016-10-13,0.45867
2016-10-14,0.45922
2016-10-17,0.46033
2016-10-18,0.45811
2016-10-19,0.45756
2016-10-20,0.45756
2016-10-21,0.45644
2016-10-24,0.45589
2016-10-25,0.45478
2016-10-26,0.45589
2016-10-27,0.457
2016-10-28,0.45978
2016-10-31,0.45978
2016-11-01,0.45867
2016-11-02,0.46033
2016-11-03,0.4595
2016-11-04,0.45839
2016-11-07,0.45894
2016-11-08,0.45978
2016-11-09,0.45728
2016-11-10,0.45978
2016-11-11,0.45922
2016-11-14,0.45922
2016-11-15,0.45894
2016-11-16,0.457
2016-11-17,0.45922
2016-11-18,0.45978
2016-11-21,0.45978
2016-11-22,0.45811
2016-11-23,0.45589
2016-11-24,0.45822
2016-11-25,0.45822
2016-11-28,0.45878
2016-11-29,0.46044
2016-11-30,0.45822
2016-12-01,0.45822
2016-12-02,0.461
2016-12-05,0.46156
2016-12-06,0.47044
2016-12-07,0.49378
2016-12-08,0.56628
2016-12-09,0.60822
2016-12-12,0.64544
2016-12-13,0.67317
2016-12-14,0.68406
2016-12-15,0.70389
2016-12-16,0.70444
2016-12-19,0.70306
2016-12-20,0.705
2016-12-21,0.70778
2016-12-22,0.71144
2016-12-23,0.71144
2016-12-26,.
2016-12-27,.
2016-12-28,0.71533
2016-12-29,0.72333
2016-12-30,0.72333
2017-01-02,.
2017-01-03,0.72333
2017-01-04,0.71833
2017-01-05,0.71867
2017-01-06,0.71811
2017-01-09,0.71844
2017-01-10,0.71956
2017-01-11,0.71733
2017-01-12,0.71733
2017-01-13,0.72078
2017-01-16,0.71944
2017-01-17,0.72033
2017-01-18,0.72428
2017-01-19,0.724
2017-01-20,0.72344
2017-01-23,0.72206
2017-01-24,0.72289
2017-01-25,0.72344
2017-01-26,0.72178
2017-01-27,0.72011
2017-01-30,0.72206
2017-01-31,0.7215
2017-02-01,0.7215
2017-02-02,0.72056
2017-02-03,0.72167
2017-02-06,0.72222
2017-02-07,0.72111
2017-02-08,0.71972
2017-02-09,0.71611
2017-02-10,0.71417
2017-02-13,0.71528
2017-02-14,0.715
2017-02-15,0.71778
2017-02-16,0.71889
2017-02-17,0.71444
2017-02-20,0.71444
2017-02-21,0.71444
2017-02-22,0.71389
2017-02-23,0.71222
2017-02-24,0.71111
2017-02-27,0.71167
2017-02-28,0.71111
2017-03-01,0.71111
2017-03-02,0.71167
2017-03-03,0.71
2017-03-06,0.71
2017-03-07,0.71389
2017-03-08,0.735
2017-03-09,0.81567
2017-03-10,0.84611
2017-03-13,0.87889
2017-03-14,0.90889
2017-03-15,0.92278
2017-03-16,0.94567
2017-03-17,0.94611
2017-03-20,0.94667
2017-03-21,0.94611
2017-03-22,0.945
2017-03-23,0.94389
2017-03-24,0.94389
2017-03-27,0.94389
2017-03-28,0.94389
2017-03-29,0.94778
2017-03-30,0.95667
2017-03-31,0.95111
2017-04-03,0.95222
2017-04-04,0.94889
2017-04-05,0.94778
2017-04-06,0.94722
2017-04-07,0.94722
2017-04-10,.
2017-04-11,0.94722
2017-04-12,0.94722
2017-04-13,0.94556
2017-04-14,.
2017-04-17,.
2017-04-18,0.94722
2017-04-19,0.94611
2017-04-20,0.94389
2017-04-21,0.945
2017-04-24,0.945
2017-04-25,0.945
2017-04-26,0.94611
2017-04-27,0.94667
2017-04-28,0.95
2017-05-01,.
2017-05-02,0.94778
2017-05-03,0.94833
2017-05-04,0.9475
2017-05-05,0.94722
2017-05-08,0.94667
2017-05-09,0.94667
2017-05-10,0.94722
2017-05-11,0.94556
2017-05-12,0.94667
2017-05-15,0.94778
2017-05-16,0.94667
2017-05-17,0.94667
2017-05-18,0.94722
2017-05-19,0.9475
2017-05-22,0.94833
2017-05-23,0.94944
2017-05-24,0.94967
2017-05-25,0.94967
2017-05-26,0.94922
2017-05-29,.
2017-05-30,0.95061
2017-05-31,0.95156
2017-06-01,0.95156
2017-06-02,0.95156
2017-06-05,0.951
2017-06-06,0.95322
2017-06-07,0.975
2017-06-08,1.03544
2017-06-09,1.076
2017-06-12,1.11211
2017-06-13,1.15111
2017-06-14,1.16189
2017-06-15,1.18833
2017-06-16,1.19
2017-06-19,1.19278
2017-06-20,1.19389
2017-06-21,1.19222
2017-06-22,1.195
2017-06-23,1.18611
2017-06-26,1.18778
2017-06-27,1.18889
2017-06-28,1.18889
2017-06-29,1.19056
2017-06-30,1.19
2017-07-03,1.18833
2017-07-04,1.19056
2017-07-05,1.19111
2017-07-06,1.19111
2017-07-07,1.19
2017-07-10,1.18889
2017-07-11,1.18889
2017-07-12,1.18889
2017-07-13,1.18889
2017-07-14,1.18889
2017-07-17,1.19111
2017-07-18,1.18944
2017-07-19,1.19
2017-07-20,1.19056
2017-07-21,1.19222
2017-07-24,1.19444
2017-07-25,1.19389
2017-07-26,1.19389
2017-07-27,1.19444
2017-07-28,1.19667
2017-07-31,1.19667
2017-08-01,1.19611
2017-08-02,1.19778
2017-08-03,1.19611
2017-08-04,1.19944
2017-08-07,1.19722
2017-08-08,1.19611
2017-08-09,1.19667
2017-08-10,1.19667
2017-08-11,1.19889
2017-08-14,1.19722
2017-08-15,1.19722
2017-08-16,1.19722
2017-08-17,1.19778
2017-08-18,1.19944
2017-08-21,1.19778
2017-08-22,1.19722
2017-08-23,1.19444
2017-08-24,1.19667
2017-08-25,1.19667
2017-08-28,.
2017-08-29,1.20167
2017-08-30,1.20167
2017-08-31,1.20167
2017-09-01,1.20056
2017-09-04,1.19722
2017-09-05,1.19667
2017-09-06,1.195
2017-09-07,1.195
2017-09-08,1.195
2017-09-11,1.19667
2017-09-12,1.19667
2017-09-13,1.19556
2017-09-14,1.19667
2017-09-15,1.19611
2017-09-18,1.19556
2017-09-19,1.19667
2017-09-20,1.19556
2017-09-21,1.19444
2017-09-22,1.19444
2017-09-25,1.19444
2017-09-26,1.19556
2017-09-27,1.19722
2017-09-28,1.20167
2017-09-29,1.205
2017-10-02,1.20333
2017-10-03,1.20333
2017-10-04,1.20167
2017-10-05,1.20222
2017-10-06,1.20222
2017-10-09,1.20333
2017-10-10,1.205
2017-10-11,1.20389
2017-10-12,1.205
2017-10-13,1.20444
2017-10-16,1.20594
2017-10-17,1.20667
2017-10-18,1.20494
2017-10-19,1.20557
2017-10-20,1.20444
2017-10-23,1.20172
2017-10-24,1.20239
2017-10-25,1.20247
2017-10-26,1.20517
2017-10-27,1.20326
2017-10-30,1.20467
2017-10-31,1.20767
2017-11-01,1.20656
2017-11-02,1.20467
2017-11-03,1.20444
2017-11-06,1.205
2017-11-07,1.2055
2017-11-08,1.205
2017-11-09,1.20272
2017-11-10,1.20422
2017-11-13,1.2035
2017-11-14,1.20406
2017-11-15,1.20356
2017-11-16,1.20372
2017-11-17,1.20267
2017-11-20,1.20367
2017-11-21,1.20212
2017-11-22,1.19969
2017-11-23,1.2008
2017-11-24,1.20341
2017-11-27,1.20106
2017-11-28,1.20219
2017-11-29,1.205
2017-11-30,1.20688
2017-12-01,1.21014
2017-12-04,1.21313
2017-12-05,1.21444
2017-12-06,1.22813
2017-12-07,1.29936
2017-12-08,1.34168
2017-12-11,1.38151
2017-12-12,1.42375
2017-12-13,1.43475
2017-12-14,1.44918
2017-12-15,1.45386
2017-12-18,1.45533
2017-12-19,1.45658
2017-12-20,1.45806
2017-12-21,1.47538
2017-12-22,1.486
2017-12-25,.
2017-12-26,.
2017-12-27,1.48913
2017-12-28,1.48413
2017-12-29,1.48038
2018-01-01,.
2018-01-02,1.48038
2018-01-03,1.47188
2018-01-04,1.46971
2018-01-05,1.4697
2018-01-08,1.46832
2018-01-09,1.46438
2018-01-10,1.4647
2018-01-11,1.46438
2018-01-12,1.46581
2018-01-15,1.46596
2018-01-16,1.46606
2018-01-17,1.46534
2018-01-18,1.46533
2018-01-19,1.46596
2018-01-22,1.46586
2018-01-23,1.46563
2018-01-24,1.465
2018-01-25,1.46813
2018-01-26,1.4675
2018-01-29,1.4675
2018-01-30,1.46875
2018-01-31,1.47011
2018-02-01,1.46963
2018-02-02,1.46869
2018-02-05,1.46871
2018-02-06,1.46875
2018-02-07,1.46875
2018-02-08,1.46861
2018-02-09,1.46938
2018-02-12,1.46938
2018-02-13,1.47063
2018-02-14,1.47188
2018-02-15,1.47063
2018-02-16,1.47125
2018-02-19,1.47313
2018-02-20,1.4725
2018-02-21,1.47125
2018-02-22,1.47125
2018-02-23,1.4725
2018-02-26,1.47375
2018-02-27,1.475
2018-02-28,1.47875
2018-03-01,1.4775
2018-03-02,1.47781
2018-03-05,1.47813
2018-03-06,1.47875
2018-03-07,1.48219
2018-03-08,1.48
2018-03-09,1.4825
2018-03-12,1.48344
2018-03-13,1.48875
2018-03-14,1.51563
2018-03-15,1.58906
2018-03-16,1.63
2018-03-19,1.67734
2018-03-20,1.71088
2018-03-21,1.73125
2018-03-22,1.74163
2018-03-23,1.73688
2018-03-26,1.73625
2018-03-27,1.73125
2018-03-28,1.73875
2018-03-29,1.745
2018-03-30,.
2018-04-02,.
2018-04-03,1.74063
2018-04-04,1.74375
2018-04-05,1.74375
2018-04-06,1.74375
2018-04-09,1.73938
2018-04-10,1.73938
2018-04-11,1.73938
2018-04-12,1.74
2018-04-13,1.73875
2018-04-16,1.7425
2018-04-17,1.74188
2018-04-18,1.7425
2018-04-19,1.7425
2018-04-20,1.7425
2018-04-23,1.74375
2018-04-24,1.7425
2018-04-25,1.7475
2018-04-26,1.74938
2018-04-27,1.75188
2018-04-30,1.75
2018-05-01,1.75048
2018-05-02,1.75128
2018-05-03,1.75375
2018-05-04,1.755
2018-05-07,.
2018-05-08,1.755
2018-05-09,1.75375
2018-05-10,1.755
2018-05-11,1.75094
2018-05-14,1.755
2018-05-15,1.75438
2018-05-16,1.75063
2018-05-17,1.75128
2018-05-18,1.75125
2018-05-21,1.75125
2018-05-22,1.75159
2018-05-23,1.75031
2018-05-24,1.75
2018-05-25,1.75469
2018-05-28,.
2018-05-29,1.75438
2018-05-30,1.75
2018-05-31,1.75156
2018-06-01,1.75406
2018-06-04,1.75188
2018-06-05,1.75188
2018-06-06,1.77261
2018-06-07,1.82625
2018-06-08,1.85999
2018-06-11,1.90688
2018-06-12,1.94094
2018-06-13,1.955
2018-06-14,1.966
2018-06-15,1.97188
2018-06-18,1.97188
2018-06-19,1.97438
2018-06-20,1.97256
2018-06-21,1.98244
2018-06-22,1.98538
2018-06-25,1.9875
2018-06-26,1.98688
2018-06-27,1.98106
2018-06-28,1.97969
2018-06-29,1.97906
2018-07-02,1.97688
2018-07-03,1.97306
2018-07-04,1.97263
2018-07-05,1.97269
2018-07-06,1.96875
2018-07-09,1.96
2018-07-10,1.96163
2018-07-11,1.95675
2018-07-12,1.96388
2018-07-13,1.96463
2018-07-16,1.9565
2018-07-17,1.94913
2018-07-18,1.95213
2018-07-19,1.95413
2018-07-20,1.95263
2018-07-23,1.94938
2018-07-24,1.95
2018-07-25,1.94338
2018-07-26,1.95275
2018-07-27,1.95325
2018-07-30,1.95538
2018-07-31,1.95363
2018-08-01,1.94525
2018-08-02,1.949
2018-08-03,1.95025
2018-08-06,1.9505
2018-08-07,1.95
2018-08-08,1.95138
2018-08-09,1.95425
2018-08-10,1.95188
2018-08-13,1.95288
2018-08-14,1.95163
2018-08-15,1.952
2018-08-16,1.96006
2018-08-17,1.96269
2018-08-20,1.95719
