Date,1 Month Treasury Bill,3 Month Treasury Bill,6 Month Treasury Bill,1 Year Treasury Bill,2 Year Treasury Bill,,
7/19/10,0.15,0.17,0.2,0.28,0.61,,
7/20/10,0.16,0.16,0.19,0.27,0.61,,
7/21/10,0.16,0.16,0.19,0.27,0.58,,
7/22/10,0.15,0.16,0.2,0.27,0.6,,
7/23/10,0.15,0.16,0.2,0.27,0.6,,
7/26/10,0.15,0.16,0.2,0.29,0.62,,
7/27/10,0.16,0.15,0.21,0.3,0.65,,
7/28/10,0.15,0.15,0.2,0.3,0.61,,
7/29/10,0.15,0.15,0.2,0.3,0.59,,
7/30/10,0.14,0.15,0.2,0.29,0.55,,
8/2/10,0.14,0.16,0.2,0.28,0.56,,
8/3/10,0.15,0.16,0.2,0.27,0.53,,
8/4/10,0.15,0.16,0.2,0.28,0.56,,
8/5/10,0.15,0.15,0.19,0.27,0.53,,
8/6/10,0.14,0.15,0.19,0.25,0.5,,
8/9/10,0.14,0.15,0.19,0.26,0.54,,
8/10/10,0.15,0.15,0.19,0.25,0.52,,
8/11/10,0.15,0.15,0.19,0.25,0.54,,
8/12/10,0.15,0.16,0.18,0.25,0.55,,
8/13/10,0.14,0.15,0.19,0.26,0.54,,
8/16/10,0.15,0.16,0.19,0.25,0.51,,
8/17/10,0.16,0.17,0.19,0.26,0.52,,
8/18/10,0.16,0.16,0.19,0.25,0.51,,
8/19/10,0.16,0.16,0.19,0.25,0.49,,
8/20/10,0.15,0.15,0.19,0.26,0.49,,
8/23/10,0.15,0.16,0.19,0.25,0.49,,
8/24/10,0.17,0.16,0.2,0.27,0.5,,
8/25/10,0.17,0.16,0.19,0.26,0.53,,
8/26/10,0.17,0.16,0.19,0.25,0.51,,
8/27/10,0.17,0.15,0.19,0.27,0.56,,
8/30/10,0.16,0.14,0.19,0.26,0.5,,
8/31/10,0.16,0.14,0.19,0.25,0.47,,
9/1/10,0.16,0.13,0.19,0.25,0.5,,
9/2/10,0.15,0.14,0.18,0.25,0.5,,
9/3/10,0.15,0.14,0.19,0.25,0.52,,
9/6/10,.,.,.,.,.,,
9/7/10,0.13,0.14,0.18,0.25,0.49,,
9/8/10,0.1,0.14,0.19,0.24,0.52,,
9/9/10,0.1,0.14,0.19,0.26,0.57,,
9/10/10,0.1,0.14,0.19,0.27,0.58,,
9/13/10,0.1,0.15,0.19,0.26,0.53,,
9/14/10,0.11,0.15,0.2,0.26,0.5,,
9/15/10,0.11,0.15,0.2,0.26,0.5,,
9/16/10,0.12,0.16,0.2,0.25,0.48,,
9/17/10,0.12,0.16,0.2,0.26,0.48,,
9/20/10,0.12,0.17,0.2,0.26,0.47,,
9/21/10,0.12,0.17,0.2,0.26,0.43,,
9/22/10,0.12,0.16,0.19,0.25,0.44,,
9/23/10,0.13,0.16,0.2,0.25,0.45,,
9/24/10,0.09,0.15,0.19,0.25,0.45,,
9/27/10,0.08,0.16,0.19,0.26,0.44,,
9/28/10,0.08,0.16,0.2,0.26,0.37,,
9/29/10,0.12,0.16,0.2,0.27,0.44,,
9/30/10,0.14,0.16,0.19,0.27,0.42,,
10/1/10,0.15,0.16,0.19,0.26,0.42,,
10/4/10,0.15,0.13,0.19,0.26,0.41,,
10/5/10,0.14,0.12,0.18,0.25,0.41,,
10/6/10,0.14,0.13,0.17,0.24,0.38,,
10/7/10,0.15,0.13,0.17,0.23,0.36,,
10/8/10,0.14,0.12,0.16,0.21,0.35,,
10/11/10,.,.,.,.,.,,
10/12/10,0.14,0.13,0.17,0.21,0.37,,
10/13/10,0.14,0.13,0.18,0.22,0.37,,
10/14/10,0.15,0.14,0.17,0.22,0.38,,
10/15/10,0.14,0.14,0.17,0.22,0.37,,
10/18/10,0.14,0.15,0.18,0.23,0.38,,
10/19/10,0.14,0.14,0.18,0.22,0.37,,
10/20/10,0.14,0.14,0.17,0.22,0.35,,
10/21/10,0.13,0.13,0.18,0.22,0.37,,
10/22/10,0.13,0.13,0.18,0.21,0.35,,
10/25/10,0.13,0.14,0.18,0.23,0.37,,
10/26/10,0.14,0.14,0.18,0.23,0.4,,
10/27/10,0.14,0.14,0.18,0.23,0.4,,
10/28/10,0.14,0.13,0.18,0.23,0.37,,
10/29/10,0.14,0.12,0.17,0.22,0.34,,
11/1/10,0.14,0.13,0.16,0.22,0.34,,
11/2/10,0.13,0.13,0.16,0.22,0.34,,
11/3/10,0.13,0.13,0.16,0.22,0.34,,
11/4/10,0.13,0.13,0.17,0.21,0.33,,
11/5/10,0.13,0.13,0.16,0.22,0.38,,
11/8/10,0.12,0.13,0.16,0.22,0.41,,
11/9/10,0.11,0.13,0.16,0.24,0.46,,
11/10/10,0.12,0.13,0.16,0.24,0.44,,
11/11/10,.,.,.,.,.,,
11/12/10,0.11,0.13,0.17,0.27,0.51,,
11/15/10,0.12,0.14,0.19,0.29,0.53,,
11/16/10,0.13,0.15,0.19,0.27,0.51,,
11/17/10,0.13,0.14,0.19,0.26,0.5,,
11/18/10,0.13,0.15,0.19,0.26,0.52,,
11/19/10,0.12,0.14,0.19,0.27,0.52,,
11/22/10,0.12,0.15,0.2,0.26,0.49,,
11/23/10,0.15,0.15,0.2,0.26,0.45,,
11/24/10,0.16,0.16,0.2,0.28,0.53,,
11/25/10,.,.,.,.,.,,
11/26/10,0.16,0.16,0.21,0.28,0.51,,
11/29/10,0.16,0.18,0.21,0.28,0.52,,
11/30/10,0.18,0.17,0.21,0.27,0.45,,
12/1/10,0.17,0.16,0.2,0.28,0.53,,
12/2/10,0.16,0.16,0.19,0.29,0.55,,
12/3/10,0.14,0.14,0.19,0.26,0.49,,
12/6/10,0.14,0.15,0.19,0.26,0.42,,
12/7/10,0.08,0.14,0.19,0.28,0.54,,
12/8/10,0.08,0.15,0.18,0.3,0.63,,
12/9/10,0.09,0.14,0.18,0.3,0.64,,
12/10/10,0.09,0.13,0.18,0.29,0.64,,
12/13/10,0.1,0.15,0.19,0.29,0.61,,
12/14/10,0.09,0.15,0.2,0.3,0.66,,
12/15/10,0.08,0.14,0.2,0.3,0.68,,
12/16/10,0.08,0.13,0.19,0.31,0.66,,
12/17/10,0.05,0.11,0.18,0.3,0.61,,
12/20/10,0.04,0.14,0.19,0.3,0.62,,
12/21/10,0.09,0.14,0.19,0.3,0.63,,
12/22/10,0.07,0.14,0.2,0.3,0.65,,
12/23/10,0.07,0.14,0.19,0.3,0.67,,
12/24/10,.,.,.,.,.,,
12/27/10,0.06,0.17,0.22,0.32,0.71,,
12/28/10,0.08,0.15,0.21,0.31,0.75,,
12/29/10,0.05,0.13,0.2,0.3,0.64,,
12/30/10,0.05,0.12,0.2,0.29,0.66,,
12/31/10,0.07,0.12,0.19,0.29,0.61,,
1/3/11,0.11,0.15,0.19,0.29,0.61,,
1/4/11,0.12,0.14,0.19,0.28,0.63,,
1/5/11,0.13,0.14,0.19,0.31,0.71,,
1/6/11,0.13,0.15,0.18,0.3,0.68,,
1/7/11,0.13,0.14,0.18,0.29,0.6,,
1/10/11,0.14,0.15,0.18,0.29,0.59,,
1/11/11,0.15,0.15,0.19,0.28,0.6,,
1/12/11,0.15,0.15,0.18,0.26,0.61,,
1/13/11,0.15,0.15,0.18,0.26,0.59,,
1/14/11,0.14,0.15,0.18,0.27,0.59,,
1/17/11,.,.,.,.,.,,
1/18/11,0.15,0.16,0.19,0.26,0.6,,
1/19/11,0.16,0.16,0.19,0.27,0.6,,
1/20/11,0.15,0.16,0.19,0.27,0.65,,
1/21/11,0.15,0.16,0.19,0.27,0.63,,
1/24/11,0.15,0.16,0.18,0.28,0.65,,
1/25/11,0.15,0.16,0.18,0.27,0.62,,
1/26/11,0.15,0.16,0.18,0.27,0.62,,
1/27/11,0.13,0.15,0.17,0.25,0.59,,
1/28/11,0.13,0.15,0.15,0.24,0.54,,
1/31/11,0.15,0.15,0.17,0.26,0.58,,
2/1/11,0.16,0.15,0.18,0.27,0.61,,
2/2/11,0.15,0.16,0.18,0.28,0.67,,
2/3/11,0.14,0.14,0.18,0.29,0.71,,
2/4/11,0.13,0.15,0.18,0.31,0.77,,
2/7/11,0.13,0.16,0.18,0.31,0.78,,
2/8/11,0.14,0.15,0.18,0.31,0.86,,
2/9/11,0.11,0.14,0.18,0.3,0.81,,
2/10/11,0.08,0.12,0.16,0.3,0.85,,
2/11/11,0.08,0.12,0.16,0.3,0.85,,
2/14/11,0.09,0.13,0.17,0.3,0.87,,
2/15/11,0.11,0.13,0.17,0.3,0.84,,
2/16/11,0.1,0.12,0.16,0.29,0.86,,
2/17/11,0.08,0.09,0.15,0.27,0.8,,
2/18/11,0.08,0.1,0.15,0.28,0.78,,
2/21/11,.,.,.,.,.,,
2/22/11,0.1,0.12,0.16,0.28,0.74,,
2/23/11,0.12,0.12,0.16,0.27,0.74,,
2/24/11,0.13,0.13,0.16,0.26,0.73,,
2/25/11,0.12,0.13,0.16,0.27,0.72,,
2/28/11,0.13,0.15,0.18,0.25,0.69,,
3/1/11,0.07,0.14,0.16,0.25,0.66,,
3/2/11,0.12,0.13,0.17,0.26,0.69,,
3/3/11,0.12,0.13,0.16,0.29,0.79,,
3/4/11,0.11,0.12,0.16,0.26,0.68,,
3/7/11,0.1,0.11,0.16,0.25,0.7,,
3/8/11,0.07,0.11,0.16,0.26,0.73,,
3/9/11,0.07,0.1,0.15,0.26,0.7,,
3/10/11,0.04,0.08,0.14,0.25,0.65,,
3/11/11,0.04,0.08,0.13,0.24,0.64,,
3/14/11,0.05,0.09,0.14,0.22,0.61,,
3/15/11,0.07,0.1,0.14,0.23,0.63,,
3/16/11,0.06,0.1,0.14,0.21,0.58,,
3/17/11,0.06,0.08,0.14,0.24,0.6,,
3/18/11,0.06,0.07,0.14,0.23,0.61,,
3/21/11,0.06,0.1,0.16,0.25,0.67,,
3/22/11,0.07,0.1,0.16,0.25,0.68,,
3/23/11,0.06,0.09,0.15,0.24,0.69,,
3/24/11,0.04,0.09,0.17,0.26,0.72,,
3/25/11,0.04,0.09,0.18,0.3,0.79,,
3/28/11,0.04,0.11,0.18,0.3,0.81,,
3/29/11,0.06,0.1,0.17,0.31,0.81,,
3/30/11,0.03,0.1,0.17,0.3,0.8,,
3/31/11,0.05,0.09,0.17,0.3,0.8,,
4/1/11,0.03,0.07,0.15,0.27,0.8,,
4/4/11,0.02,0.06,0.13,0.24,0.77,,
4/5/11,0.05,0.07,0.15,0.3,0.84,,
4/6/11,0.03,0.06,0.14,0.29,0.85,,
4/7/11,0.03,0.04,0.12,0.27,0.81,,
4/8/11,0.02,0.04,0.12,0.27,0.83,,
4/11/11,0.02,0.05,0.12,0.26,0.85,,
4/12/11,0.02,0.05,0.11,0.24,0.77,,
4/13/11,0.03,0.06,0.11,0.23,0.75,,
4/14/11,0.04,0.07,0.13,0.25,0.77,,
4/15/11,0.04,0.07,0.12,0.24,0.71,,
4/18/11,0.03,0.07,0.11,0.24,0.69,,
4/19/11,0.04,0.06,0.11,0.24,0.68,,
4/20/11,0.04,0.06,0.11,0.24,0.69,,
4/21/11,0.03,0.06,0.11,0.23,0.68,,
4/22/11,.,.,.,.,.,,
4/25/11,0.03,0.07,0.12,0.23,0.67,,
4/26/11,0.02,0.07,0.11,0.22,0.65,,
4/27/11,0.03,0.06,0.11,0.22,0.65,,
4/28/11,0.02,0.04,0.1,0.23,0.62,,
4/29/11,0.02,0.04,0.11,0.22,0.61,,
5/2/11,0.02,0.05,0.1,0.22,0.61,,
5/3/11,0.02,0.03,0.09,0.2,0.61,,
5/4/11,0.02,0.03,0.07,0.19,0.6,,
5/5/11,0.01,0.02,0.07,0.2,0.58,,
5/6/11,0.02,0.02,0.07,0.18,0.57,,
5/9/11,0.01,0.03,0.07,0.17,0.57,,
5/10/11,0.02,0.03,0.07,0.19,0.59,,
5/11/11,0.01,0.03,0.07,0.18,0.56,,
5/12/11,0.01,0.02,0.07,0.18,0.57,,
5/13/11,0.01,0.03,0.08,0.19,0.57,,
5/16/11,0.02,0.04,0.07,0.18,0.54,,
5/17/11,0.03,0.04,0.07,0.19,0.55,,
5/18/11,0.03,0.05,0.08,0.19,0.58,,
5/19/11,0.02,0.05,0.1,0.19,0.55,,
5/20/11,0.03,0.05,0.1,0.18,0.55,,
5/23/11,0.03,0.06,0.1,0.2,0.55,,
5/24/11,0.04,0.06,0.11,0.2,0.56,,
5/25/11,0.04,0.06,0.1,0.18,0.54,,
5/26/11,0.04,0.05,0.1,0.18,0.48,,
5/27/11,0.04,0.05,0.11,0.18,0.48,,
5/30/11,.,.,.,.,.,,
5/31/11,0.04,0.06,0.12,0.18,0.45,,
6/1/11,0.04,0.05,0.11,0.18,0.44,,
6/2/11,0.04,0.04,0.11,0.19,0.45,,
6/3/11,0.04,0.04,0.1,0.18,0.42,,
6/6/11,0.03,0.05,0.1,0.18,0.43,,
6/7/11,0.01,0.05,0.11,0.18,0.39,,
6/8/11,0.01,0.04,0.11,0.18,0.39,,
6/9/11,0.02,0.05,0.1,0.19,0.43,,
6/10/11,0.02,0.05,0.1,0.19,0.41,,
6/13/11,0.02,0.05,0.11,0.18,0.4,,
6/14/11,0.03,0.05,0.11,0.19,0.45,,
6/15/11,0.02,0.05,0.11,0.19,0.38,,
6/16/11,0.02,0.05,0.11,0.18,0.38,,
6/17/11,0.02,0.04,0.1,0.17,0.38,,
6/20/11,0.02,0.03,0.1,0.18,0.38,,
6/21/11,0.01,0.03,0.1,0.18,0.4,,
6/22/11,0.01,0.02,0.09,0.16,0.39,,
6/23/11,0.01,0.01,0.07,0.15,0.35,,
6/24/11,0.01,0.02,0.07,0.16,0.35,,
6/27/11,0.01,0.02,0.1,0.18,0.41,,
6/28/11,0.01,0.03,0.11,0.21,0.48,,
6/29/11,0.01,0.02,0.11,0.19,0.47,,
6/30/11,0.01,0.03,0.1,0.19,0.45,,
7/1/11,0.01,0.02,0.1,0.2,0.5,,
7/4/11,.,.,.,.,.,,
7/5/11,0.01,0.02,0.08,0.19,0.44,,
7/6/11,0.01,0.01,0.06,0.19,0.43,,
7/7/11,0.03,0.03,0.07,0.2,0.49,,
7/8/11,0.03,0.03,0.07,0.17,0.4,,
7/11/11,0.02,0.03,0.07,0.17,0.37,,
7/12/11,0.01,0.03,0.07,0.18,0.37,,
7/13/11,0.01,0.01,0.05,0.16,0.37,,
7/14/11,0.01,0.01,0.05,0.15,0.38,,
7/15/11,0.02,0.02,0.05,0.15,0.37,,
7/18/11,0.01,0.02,0.06,0.15,0.37,,
7/19/11,0.02,0.03,0.07,0.17,0.39,,
7/20/11,0.01,0.02,0.08,0.19,0.4,,
7/21/11,0.04,0.05,0.09,0.2,0.4,,
7/22/11,0.05,0.05,0.09,0.2,0.4,,
7/25/11,0.05,0.05,0.1,0.2,0.42,,
7/26/11,0.07,0.07,0.11,0.21,0.41,,
7/27/11,0.08,0.08,0.12,0.21,0.44,,
7/28/11,0.1,0.07,0.13,0.21,0.42,,
7/29/11,0.16,0.1,0.16,0.2,0.36,,
8/1/11,0.13,0.1,0.16,0.22,0.38,,
8/2/11,0.05,0.06,0.13,0.17,0.33,,
8/3/11,0.01,0.02,0.08,0.16,0.33,,
8/4/11,0.01,0.02,0.05,0.12,0.27,,
8/5/11,0.01,0.01,0.05,0.11,0.28,,
8/8/11,0.02,0.05,0.07,0.12,0.27,,
8/9/11,0.02,0.03,0.06,0.11,0.19,,
8/10/11,0.02,0.02,0.06,0.09,0.19,,
8/11/11,0.01,0.03,0.08,0.1,0.19,,
8/12/11,0.01,0.02,0.07,0.11,0.2,,
8/15/11,0,0.02,0.08,0.12,0.19,,
8/16/11,0.02,0.03,0.07,0.12,0.2,,
8/17/11,0.01,0.01,0.06,0.12,0.19,,
8/18/11,0.01,0.01,0.05,0.1,0.2,,
8/19/11,0,0.02,0.04,0.1,0.2,,
8/22/11,0.01,0.01,0.04,0.09,0.22,,
8/23/11,0.01,0.01,0.04,0.1,0.22,,
8/24/11,0.02,0.02,0.04,0.11,0.23,,
8/25/11,0.01,0.01,0.03,0.1,0.22,,
8/26/11,0,0.01,0.02,0.09,0.2,,
8/29/11,0,0.02,0.05,0.09,0.2,,
8/30/11,0.01,0.01,0.05,0.09,0.2,,
8/31/11,0.01,0.02,0.05,0.1,0.2,,
9/1/11,0.02,0.02,0.05,0.1,0.19,,
9/2/11,0.02,0.02,0.05,0.1,0.2,,
9/5/11,.,.,.,.,.,,
9/6/11,0.02,0.02,0.07,0.13,0.21,,
9/7/11,0,0.02,0.06,0.11,0.21,,
9/8/11,0.01,0.02,0.07,0.12,0.19,,
9/9/11,0,0.01,0.05,0.11,0.17,,
9/12/11,0.01,0.01,0.05,0.11,0.21,,
9/13/11,0,0.01,0.05,0.1,0.21,,
9/14/11,0,0.01,0.03,0.09,0.19,,
9/15/11,0,0.01,0.03,0.1,0.21,,
9/16/11,0.01,0.01,0.02,0.09,0.18,,
9/19/11,0,0.01,0.04,0.08,0.16,,
9/20/11,0,0.01,0.03,0.09,0.18,,
9/21/11,0.01,0.01,0.04,0.11,0.21,,
9/22/11,0,0,0.03,0.1,0.2,,
9/23/11,0,0.01,0.02,0.1,0.23,,
9/26/11,0,0.02,0.03,0.1,0.25,,
9/27/11,0,0.01,0.04,0.1,0.25,,
9/28/11,0,0.02,0.04,0.12,0.27,,
9/29/11,0,0.02,0.05,0.11,0.27,,
9/30/11,0.02,0.02,0.06,0.13,0.25,,
10/3/11,0.01,0.02,0.06,0.12,0.24,,
10/4/11,0.01,0.01,0.04,0.11,0.25,,
10/5/11,0,0,0.03,0.1,0.25,,
10/6/11,0.01,0.01,0.03,0.09,0.29,,
10/7/11,0.01,0.01,0.04,0.11,0.3,,
10/10/11,.,.,.,.,.,,
10/11/11,0.01,0.02,0.05,0.12,0.32,,
10/12/11,0.01,0.02,0.06,0.09,0.29,,
10/13/11,0.02,0.02,0.05,0.11,0.29,,
10/14/11,0.02,0.02,0.06,0.11,0.28,,
10/17/11,0.02,0.04,0.06,0.12,0.28,,
10/18/11,0.02,0.04,0.07,0.12,0.28,,
10/19/11,0.01,0.03,0.06,0.11,0.28,,
10/20/11,0.02,0.03,0.06,0.12,0.28,,
10/21/11,0.01,0.02,0.05,0.12,0.3,,
10/24/11,0.01,0.02,0.06,0.11,0.3,,
10/25/11,0.01,0.01,0.06,0.11,0.26,,
10/26/11,0.01,0.02,0.06,0.13,0.28,,
10/27/11,0.02,0.02,0.07,0.14,0.31,,
10/28/11,0.02,0.01,0.06,0.13,0.28,,
10/31/11,0.02,0.01,0.06,0.12,0.25,,
11/1/11,0.01,0.01,0.05,0.13,0.23,,
11/2/11,0.01,0.01,0.04,0.11,0.23,,
11/3/11,0.01,0.01,0.04,0.11,0.24,,
11/4/11,0.01,0.01,0.03,0.11,0.22,,
11/7/11,0.01,0.01,0.04,0.09,0.25,,
11/8/11,0.01,0.01,0.03,0.1,0.25,,
11/9/11,0.01,0.01,0.04,0.1,0.24,,
11/10/11,0.01,0.01,0.03,0.1,0.24,,
11/11/11,.,.,.,.,.,,
11/14/11,0.01,0.01,0.04,0.09,0.24,,
11/15/11,0.01,0.01,0.05,0.11,0.26,,
11/16/11,0.01,0.01,0.04,0.11,0.26,,
11/17/11,0.01,0.02,0.04,0.1,0.27,,
11/18/11,0.02,0.01,0.04,0.12,0.29,,
11/21/11,0.02,0.02,0.05,0.11,0.27,,
11/22/11,0.02,0.02,0.06,0.11,0.26,,
11/23/11,0.02,0.02,0.06,0.12,0.26,,
11/24/11,.,.,.,.,.,,
11/25/11,0.02,0.02,0.07,0.13,0.28,,
11/28/11,0.02,0.03,0.07,0.13,0.26,,
11/29/11,0.02,0.02,0.05,0.14,0.27,,
11/30/11,0.02,0.01,0.06,0.12,0.25,,
12/1/11,0.02,0.01,0.05,0.12,0.27,,
12/2/11,0.02,0.02,0.06,0.12,0.25,,
12/5/11,0.01,0.01,0.05,0.11,0.27,,
12/6/11,0,0.01,0.04,0.11,0.25,,
12/7/11,0,0.02,0.05,0.11,0.24,,
12/8/11,0,0.01,0.04,0.1,0.22,,
12/9/11,0,0.01,0.05,0.11,0.22,,
12/12/11,0,0.01,0.05,0.1,0.24,,
12/13/11,0,0.01,0.06,0.11,0.24,,
12/14/11,0,0.01,0.05,0.12,0.25,,
12/15/11,0,0,0.05,0.12,0.26,,
12/16/11,0,0,0.04,0.11,0.24,,
12/19/11,0,0.01,0.04,0.11,0.24,,
12/20/11,0,0.01,0.04,0.12,0.26,,
12/21/11,0,0.01,0.04,0.13,0.28,,
12/22/11,0,0.01,0.03,0.12,0.28,,
12/23/11,0,0.01,0.04,0.12,0.28,,
12/26/11,.,.,.,.,.,,
12/27/11,0.01,0.02,0.06,0.12,0.3,,
12/28/11,0,0.01,0.05,0.12,0.28,,
12/29/11,0,0.02,0.07,0.12,0.28,,
12/30/11,0.01,0.02,0.06,0.12,0.25,,
1/2/12,.,.,.,.,.,,
1/3/12,0.01,0.02,0.06,0.12,0.27,,
1/4/12,0.01,0.02,0.06,0.12,0.25,,
1/5/12,0.01,0.02,0.07,0.11,0.27,,
1/6/12,0.02,0.02,0.05,0.12,0.25,,
1/9/12,0.01,0.01,0.05,0.11,0.26,,
1/10/12,0.01,0.02,0.05,0.11,0.24,,
1/11/12,0.01,0.02,0.05,0.11,0.24,,
1/12/12,0.02,0.03,0.06,0.11,0.22,,
1/13/12,0.02,0.03,0.06,0.1,0.24,,
1/16/12,.,.,.,.,.,,
1/17/12,0.02,0.03,0.06,0.11,0.21,,
1/18/12,0.02,0.03,0.07,0.11,0.24,,
1/19/12,0.04,0.05,0.07,0.11,0.26,,
1/20/12,0.03,0.05,0.07,0.11,0.26,,
1/23/12,0.03,0.04,0.07,0.12,0.26,,
1/24/12,0.02,0.04,0.07,0.12,0.24,,
1/25/12,0.03,0.04,0.07,0.12,0.22,,
1/26/12,0.04,0.05,0.08,0.12,0.22,,
1/27/12,0.05,0.06,0.08,0.12,0.22,,
1/30/12,0.05,0.05,0.08,0.12,0.22,,
1/31/12,0.04,0.06,0.08,0.13,0.22,,
2/1/12,0.05,0.06,0.09,0.13,0.23,,
2/2/12,0.07,0.08,0.1,0.14,0.23,,
2/3/12,0.06,0.08,0.1,0.14,0.23,,
2/6/12,0.04,0.08,0.1,0.14,0.24,,
2/7/12,0.06,0.08,0.11,0.14,0.25,,
2/8/12,0.06,0.09,0.11,0.15,0.27,,
2/9/12,0.06,0.09,0.12,0.15,0.27,,
2/10/12,0.05,0.09,0.12,0.15,0.27,,
2/13/12,0.06,0.11,0.14,0.15,0.29,,
2/14/12,0.09,0.12,0.15,0.18,0.29,,
2/15/12,0.09,0.11,0.13,0.18,0.29,,
2/16/12,0.04,0.1,0.13,0.17,0.29,,
2/17/12,0.03,0.09,0.13,0.18,0.29,,
2/20/12,.,.,.,.,.,,
2/21/12,0.03,0.08,0.13,0.17,0.31,,
2/22/12,0.07,0.09,0.13,0.17,0.29,,
2/23/12,0.07,0.09,0.14,0.17,0.31,,
2/24/12,0.08,0.1,0.14,0.18,0.31,,
2/27/12,0.08,0.12,0.14,0.17,0.3,,
2/28/12,0.1,0.1,0.14,0.18,0.3,,
2/29/12,0.08,0.08,0.13,0.18,0.3,,
3/1/12,0.07,0.08,0.13,0.18,0.3,,
3/2/12,0.06,0.07,0.12,0.17,0.28,,
3/5/12,0.07,0.08,0.14,0.17,0.31,,
3/6/12,0.06,0.08,0.13,0.17,0.3,,
3/7/12,0.06,0.08,0.14,0.18,0.3,,
3/8/12,0.07,0.08,0.14,0.18,0.32,,
3/9/12,0.06,0.09,0.13,0.18,0.33,,
3/12/12,0.05,0.09,0.15,0.18,0.33,,
3/13/12,0.06,0.08,0.15,0.2,0.35,,
3/14/12,0.08,0.09,0.15,0.21,0.4,,
3/15/12,0.08,0.08,0.15,0.21,0.37,,
3/16/12,0.07,0.09,0.15,0.21,0.37,,
3/19/12,0.07,0.1,0.15,0.21,0.39,,
3/20/12,0.08,0.1,0.15,0.22,0.41,,
3/21/12,0.09,0.09,0.15,0.21,0.39,,
3/22/12,0.06,0.08,0.14,0.19,0.37,,
3/23/12,0.06,0.08,0.14,0.19,0.37,,
3/26/12,0.06,0.09,0.15,0.19,0.36,,
3/27/12,0.07,0.09,0.14,0.18,0.33,,
3/28/12,0.05,0.09,0.14,0.18,0.34,,
3/29/12,0.02,0.07,0.14,0.18,0.33,,
3/30/12,0.05,0.07,0.15,0.19,0.33,,
4/2/12,0.05,0.08,0.14,0.18,0.33,,
4/3/12,0.07,0.08,0.15,0.2,0.36,,
4/4/12,0.08,0.08,0.14,0.19,0.35,,
4/5/12,0.07,0.08,0.14,0.19,0.35,,
4/6/12,0.06,0.07,0.14,0.19,0.32,,
4/9/12,0.07,0.09,0.15,0.19,0.32,,
4/10/12,0.08,0.09,0.15,0.19,0.28,,
4/11/12,0.08,0.09,0.14,0.18,0.3,,
4/12/12,0.08,0.09,0.14,0.18,0.29,,
4/13/12,0.07,0.09,0.13,0.17,0.27,,
4/16/12,0.07,0.08,0.14,0.18,0.27,,
4/17/12,0.07,0.08,0.13,0.18,0.27,,
4/18/12,0.05,0.07,0.13,0.18,0.27,,
4/19/12,0.04,0.07,0.12,0.17,0.27,,
4/20/12,0.04,0.08,0.13,0.18,0.29,,
4/23/12,0.04,0.08,0.13,0.17,0.27,,
4/24/12,0.07,0.09,0.14,0.18,0.27,,
4/25/12,0.08,0.09,0.14,0.18,0.26,,
4/26/12,0.09,0.09,0.15,0.18,0.26,,
4/27/12,0.07,0.09,0.14,0.19,0.26,,
4/30/12,0.07,0.1,0.15,0.2,0.27,,
5/1/12,0.07,0.09,0.15,0.19,0.27,,
5/2/12,0.06,0.08,0.15,0.18,0.27,,
5/3/12,0.05,0.09,0.15,0.19,0.28,,
5/4/12,0.05,0.07,0.14,0.18,0.27,,
5/7/12,0.06,0.1,0.15,0.18,0.27,,
5/8/12,0.08,0.09,0.15,0.18,0.27,,
5/9/12,0.07,0.09,0.15,0.18,0.27,,
5/10/12,0.08,0.1,0.15,0.18,0.27,,
5/11/12,0.07,0.1,0.15,0.18,0.27,,
5/14/12,0.07,0.1,0.15,0.19,0.29,,
5/15/12,0.08,0.09,0.15,0.19,0.29,,
5/16/12,0.08,0.1,0.15,0.2,0.3,,
5/17/12,0.08,0.1,0.16,0.2,0.32,,
5/18/12,0.06,0.08,0.15,0.2,0.32,,
5/21/12,0.06,0.09,0.14,0.21,0.3,,
5/22/12,0.07,0.09,0.14,0.21,0.3,,
5/23/12,0.07,0.09,0.13,0.2,0.28,,
5/24/12,0.08,0.1,0.14,0.21,0.29,,
5/25/12,0.07,0.09,0.14,0.2,0.3,,
5/28/12,.,.,.,.,.,,
5/29/12,0.06,0.09,0.14,0.2,0.3,,
5/30/12,0.05,0.07,0.13,0.19,0.27,,
5/31/12,0.03,0.07,0.14,0.18,0.27,,
6/1/12,0.03,0.07,0.12,0.17,0.25,,
6/4/12,0.04,0.08,0.13,0.18,0.25,,
6/5/12,0.05,0.08,0.14,0.18,0.25,,
6/6/12,0.05,0.09,0.13,0.18,0.26,,
6/7/12,0.04,0.09,0.14,0.18,0.27,,
6/8/12,0.04,0.09,0.14,0.19,0.28,,
6/11/12,0.05,0.09,0.15,0.18,0.27,,
6/12/12,0.06,0.1,0.15,0.19,0.3,,
6/13/12,0.07,0.1,0.15,0.18,0.3,,
6/14/12,0.08,0.11,0.15,0.18,0.3,,
6/15/12,0.05,0.09,0.15,0.18,0.29,,
6/18/12,0.06,0.1,0.15,0.18,0.29,,
6/19/12,0.06,0.09,0.14,0.18,0.3,,
6/20/12,0.06,0.09,0.16,0.2,0.32,,
6/21/12,0.05,0.09,0.15,0.19,0.32,,
6/22/12,0.05,0.09,0.15,0.19,0.31,,
6/25/12,0.06,0.1,0.16,0.19,0.31,,
6/26/12,0.07,0.1,0.15,0.21,0.31,,
6/27/12,0.06,0.09,0.17,0.21,0.31,,
6/28/12,0.02,0.09,0.17,0.22,0.31,,
6/29/12,0.04,0.09,0.16,0.21,0.33,,
7/2/12,0.06,0.1,0.15,0.21,0.3,,
7/3/12,0.08,0.09,0.15,0.21,0.3,,
7/4/12,.,.,.,.,.,,
7/5/12,0.07,0.08,0.15,0.19,0.28,,
7/6/12,0.06,0.08,0.15,0.2,0.27,,
7/9/12,0.06,0.09,0.14,0.2,0.27,,
7/10/12,0.07,0.09,0.15,0.2,0.27,,
7/11/12,0.07,0.1,0.15,0.2,0.27,,
7/12/12,0.08,0.1,0.15,0.2,0.25,,
7/13/12,0.08,0.1,0.15,0.2,0.25,,
7/16/12,0.04,0.1,0.14,0.18,0.24,,
7/17/12,0.08,0.1,0.14,0.18,0.25,,
7/18/12,0.07,0.09,0.14,0.18,0.22,,
7/19/12,0.06,0.09,0.14,0.17,0.22,,
7/20/12,0.07,0.09,0.14,0.17,0.22,,
7/23/12,0.07,0.1,0.14,0.17,0.22,,
7/24/12,0.08,0.1,0.15,0.18,0.22,,
7/25/12,0.08,0.1,0.14,0.17,0.22,,
7/26/12,0.08,0.11,0.15,0.18,0.23,,
7/27/12,0.07,0.11,0.15,0.17,0.25,,
7/30/12,0.06,0.11,0.15,0.18,0.23,,
7/31/12,0.07,0.11,0.14,0.16,0.23,,
8/1/12,0.07,0.1,0.14,0.17,0.24,,
8/2/12,0.04,0.09,0.14,0.17,0.24,,
8/3/12,0.03,0.09,0.14,0.16,0.24,,
8/6/12,0.05,0.1,0.14,0.16,0.24,,
8/7/12,0.09,0.11,0.14,0.19,0.27,,
8/8/12,0.09,0.11,0.14,0.19,0.29,,
8/9/12,0.1,0.11,0.15,0.2,0.29,,
8/10/12,0.1,0.1,0.14,0.18,0.27,,
8/13/12,0.1,0.11,0.15,0.19,0.27,,
8/14/12,0.11,0.11,0.15,0.19,0.27,,
8/15/12,0.11,0.09,0.14,0.19,0.27,,
8/16/12,0.1,0.09,0.14,0.2,0.29,,
8/17/12,0.09,0.09,0.14,0.2,0.29,,
8/20/12,0.09,0.11,0.14,0.19,0.29,,
8/21/12,0.1,0.11,0.14,0.2,0.31,,
8/22/12,0.1,0.11,0.13,0.19,0.26,,
8/23/12,0.1,0.11,0.13,0.19,0.26,,
8/24/12,0.1,0.1,0.13,0.19,0.28,,
8/27/12,0.1,0.11,0.14,0.18,0.28,,
8/28/12,0.12,0.1,0.15,0.18,0.27,,
8/29/12,0.12,0.12,0.14,0.18,0.27,,
8/30/12,0.12,0.1,0.14,0.17,0.27,,
8/31/12,0.09,0.09,0.14,0.16,0.22,,
9/3/12,.,.,.,.,.,,
9/4/12,0.1,0.1,0.14,0.16,0.23,,
9/5/12,0.11,0.11,0.14,0.17,0.25,,
9/6/12,0.1,0.11,0.14,0.18,0.27,,
9/7/12,0.09,0.11,0.14,0.18,0.25,,
9/10/12,0.09,0.1,0.14,0.18,0.25,,
9/11/12,0.09,0.1,0.14,0.18,0.25,,
9/12/12,0.09,0.1,0.13,0.18,0.25,,
9/13/12,0.1,0.1,0.13,0.17,0.24,,
9/14/12,0.08,0.11,0.13,0.18,0.27,,
9/17/12,0.06,0.11,0.13,0.18,0.25,,
9/18/12,0.08,0.1,0.13,0.18,0.25,,
9/19/12,0.08,0.11,0.14,0.18,0.27,,
9/20/12,0.06,0.11,0.14,0.18,0.27,,
9/21/12,0.05,0.11,0.14,0.18,0.27,,
9/24/12,0.03,0.11,0.14,0.18,0.27,,
9/25/12,0.06,0.11,0.15,0.18,0.27,,
9/26/12,0.05,0.11,0.13,0.17,0.26,,
9/27/12,0.05,0.09,0.14,0.16,0.25,,
9/28/12,0.06,0.1,0.14,0.17,0.23,,
10/1/12,0.05,0.09,0.14,0.17,0.25,,
10/2/12,0.09,0.09,0.14,0.16,0.23,,
10/3/12,0.09,0.09,0.14,0.16,0.23,,
10/4/12,0.1,0.1,0.14,0.18,0.23,,
10/5/12,0.1,0.11,0.15,0.18,0.27,,
10/8/12,.,.,.,.,.,,
10/9/12,0.11,0.1,0.15,0.18,0.25,,
10/10/12,0.12,0.1,0.15,0.18,0.27,,
10/11/12,0.12,0.1,0.14,0.18,0.28,,
10/12/12,0.12,0.11,0.15,0.18,0.27,,
10/15/12,0.1,0.11,0.15,0.19,0.27,,
10/16/12,0.13,0.09,0.15,0.18,0.27,,
10/17/12,0.13,0.11,0.15,0.18,0.3,,
10/18/12,0.12,0.1,0.15,0.18,0.29,,
10/19/12,0.11,0.1,0.14,0.18,0.3,,
10/22/12,0.1,0.1,0.15,0.19,0.32,,
10/23/12,0.11,0.11,0.15,0.18,0.29,,
10/24/12,0.13,0.11,0.16,0.18,0.29,,
10/25/12,0.13,0.11,0.16,0.19,0.31,,
10/26/12,0.12,0.12,0.15,0.19,0.3,,
10/29/12,0.13,0.14,0.16,0.18,0.3,,
10/30/12,.,.,.,.,.,,
10/31/12,0.09,0.11,0.16,0.18,0.3,,
11/1/12,0.06,0.09,0.15,0.18,0.3,,
11/2/12,0.08,0.09,0.15,0.19,0.28,,
11/5/12,0.09,0.11,0.15,0.19,0.28,,
11/6/12,0.12,0.1,0.15,0.19,0.3,,
11/7/12,0.12,0.1,0.14,0.18,0.27,,
11/8/12,0.13,0.1,0.15,0.2,0.27,,
11/9/12,0.13,0.09,0.15,0.18,0.27,,
11/12/12,.,.,.,.,.,,
11/13/12,0.12,0.11,0.15,0.18,0.27,,
11/14/12,0.15,0.1,0.15,0.18,0.25,,
11/15/12,0.13,0.08,0.14,0.17,0.24,,
11/16/12,0.07,0.06,0.13,0.16,0.24,,
11/19/12,0.06,0.09,0.14,0.16,0.25,,
11/20/12,0.15,0.08,0.14,0.16,0.27,,
11/21/12,0.17,0.1,0.14,0.17,0.27,,
11/22/12,.,.,.,.,.,,
11/23/12,0.16,0.1,0.14,0.19,0.29,,
11/26/12,0.14,0.1,0.15,0.17,0.27,,
11/27/12,0.17,0.1,0.15,0.18,0.27,,
11/28/12,0.17,0.1,0.14,0.18,0.27,,
11/29/12,0.16,0.09,0.15,0.18,0.25,,
11/30/12,0.11,0.08,0.13,0.18,0.25,,
12/3/12,0.13,0.1,0.14,0.18,0.25,,
12/4/12,0.07,0.1,0.15,0.18,0.25,,
12/5/12,0.07,0.1,0.14,0.18,0.25,,
12/6/12,0.07,0.1,0.14,0.18,0.25,,
12/7/12,0.06,0.09,0.14,0.18,0.25,,
12/10/12,0.05,0.09,0.14,0.18,0.24,,
12/11/12,0.04,0.08,0.13,0.16,0.24,,
12/12/12,0.04,0.07,0.1,0.14,0.25,,
12/13/12,0.02,0.06,0.11,0.14,0.27,,
12/14/12,0.01,0.04,0.09,0.13,0.24,,
12/17/12,0.01,0.05,0.1,0.13,0.25,,
12/18/12,0.04,0.06,0.12,0.16,0.28,,
12/19/12,0.03,0.05,0.1,0.15,0.28,,
12/20/12,0.02,0.06,0.1,0.15,0.28,,
12/21/12,0.02,0.06,0.12,0.15,0.26,,
12/24/12,0.03,0.06,0.11,0.16,0.26,,
12/25/12,.,.,.,.,.,,
12/26/12,0.05,0.09,0.13,0.16,0.26,,
12/27/12,0.01,0.08,0.12,0.15,0.26,,
12/28/12,0,0.01,0.1,0.15,0.27,,
12/31/12,0.02,0.05,0.11,0.16,0.25,,
1/1/13,.,.,.,.,.,,
1/2/13,0.07,0.08,0.12,0.15,0.27,,
1/3/13,0.06,0.08,0.12,0.15,0.27,,
1/4/13,0.06,0.07,0.11,0.15,0.27,,
1/7/13,0.05,0.07,0.11,0.15,0.27,,
1/8/13,0.06,0.07,0.11,0.14,0.25,,
1/9/13,0.04,0.06,0.09,0.13,0.24,,
1/10/13,0.05,0.06,0.1,0.14,0.26,,
1/11/13,0.04,0.07,0.1,0.14,0.26,,
1/14/13,0.05,0.08,0.11,0.14,0.26,,
1/15/13,0.09,0.09,0.11,0.14,0.26,,
1/16/13,0.07,0.08,0.11,0.14,0.26,,
1/17/13,0.05,0.07,0.11,0.14,0.28,,
1/18/13,0.04,0.08,0.1,0.14,0.26,,
1/21/13,.,.,.,.,.,,
1/22/13,0.04,0.08,0.1,0.14,0.26,,
1/23/13,0.06,0.08,0.1,0.15,0.26,,
1/24/13,0.06,0.08,0.1,0.15,0.23,,
1/25/13,0.06,0.08,0.11,0.15,0.28,,
1/28/13,0.03,0.07,0.11,0.16,0.29,,
1/29/13,0.03,0.07,0.11,0.15,0.3,,
1/30/13,0.04,0.07,0.11,0.15,0.27,,
1/31/13,0.04,0.07,0.12,0.15,0.27,,
2/1/13,0.02,0.06,0.11,0.15,0.27,,
2/4/13,0.03,0.07,0.11,0.15,0.25,,
2/5/13,0.06,0.07,0.11,0.15,0.27,,
2/6/13,0.06,0.07,0.12,0.15,0.27,,
2/7/13,0.03,0.07,0.11,0.15,0.25,,
2/8/13,0.03,0.07,0.11,0.14,0.25,,
2/11/13,0.05,0.09,0.12,0.15,0.27,,
2/12/13,0.08,0.09,0.12,0.14,0.29,,
2/13/13,0.09,0.1,0.12,0.15,0.29,,
2/14/13,0.1,0.11,0.13,0.16,0.27,,
2/15/13,0.09,0.1,0.13,0.17,0.29,,
2/18/13,.,.,.,.,.,,
2/19/13,0.09,0.12,0.13,0.17,0.29,,
2/20/13,0.12,0.12,0.13,0.17,0.27,,
2/21/13,0.12,0.13,0.13,0.16,0.26,,
2/22/13,0.11,0.13,0.14,0.16,0.27,,
2/25/13,0.09,0.12,0.14,0.16,0.25,,
2/26/13,0.11,0.14,0.14,0.17,0.25,,
2/27/13,0.11,0.11,0.13,0.17,0.27,,
2/28/13,0.07,0.11,0.13,0.17,0.25,,
3/1/13,0.07,0.11,0.12,0.16,0.25,,
3/4/13,0.07,0.11,0.12,0.16,0.24,,
3/5/13,0.09,0.08,0.12,0.15,0.25,,
3/6/13,0.09,0.1,0.12,0.15,0.25,,
3/7/13,0.1,0.1,0.11,0.15,0.25,,
3/8/13,0.09,0.1,0.11,0.15,0.27,,
3/11/13,0.09,0.1,0.12,0.15,0.27,,
3/12/13,0.1,0.1,0.12,0.15,0.27,,
3/13/13,0.09,0.09,0.12,0.15,0.27,,
3/14/13,0.08,0.1,0.12,0.15,0.27,,
3/15/13,0.07,0.09,0.11,0.14,0.25,,
3/18/13,0.07,0.07,0.11,0.15,0.26,,
3/19/13,0.08,0.07,0.11,0.15,0.24,,
3/20/13,0.08,0.07,0.11,0.15,0.26,,
3/21/13,0.08,0.07,0.11,0.14,0.27,,
3/22/13,0.07,0.07,0.11,0.14,0.26,,
3/25/13,0.06,0.08,0.11,0.14,0.24,,
3/26/13,0.08,0.07,0.11,0.14,0.25,,
3/27/13,0.06,0.09,0.12,0.14,0.25,,
3/28/13,0.04,0.07,0.11,0.14,0.25,,
3/29/13,.,.,.,.,.,,
4/1/13,0.06,0.08,0.11,0.14,0.23,,
4/2/13,0.06,0.07,0.11,0.14,0.25,,
4/3/13,0.06,0.06,0.1,0.13,0.24,,
4/4/13,0.07,0.07,0.1,0.13,0.22,,
4/5/13,0.05,0.07,0.1,0.13,0.24,,
4/8/13,0.05,0.07,0.1,0.13,0.24,,
4/9/13,0.06,0.06,0.1,0.13,0.24,,
4/10/13,0.07,0.07,0.1,0.12,0.24,,
4/11/13,0.06,0.07,0.1,0.12,0.24,,
4/12/13,0.05,0.06,0.09,0.11,0.22,,
4/15/13,0.04,0.06,0.09,0.12,0.22,,
4/16/13,0.06,0.06,0.09,0.13,0.24,,
4/17/13,0.05,0.06,0.09,0.13,0.24,,
4/18/13,0.03,0.05,0.09,0.12,0.24,,
4/19/13,0.04,0.05,0.09,0.12,0.24,,
4/22/13,0.04,0.05,0.09,0.12,0.24,,
4/23/13,0.04,0.05,0.09,0.12,0.23,,
4/24/13,0.05,0.06,0.09,0.13,0.23,,
4/25/13,0.04,0.05,0.08,0.12,0.23,,
4/26/13,0.04,0.05,0.09,0.12,0.22,,
4/29/13,0.03,0.05,0.08,0.12,0.2,,
4/30/13,0.03,0.05,0.09,0.11,0.22,,
5/1/13,0.03,0.06,0.08,0.11,0.2,,
5/2/13,0.02,0.05,0.08,0.11,0.2,,
5/3/13,0.02,0.05,0.08,0.11,0.22,,
5/6/13,0.01,0.04,0.08,0.11,0.22,,
5/7/13,0.01,0.04,0.08,0.1,0.22,,
5/8/13,0.01,0.04,0.08,0.11,0.22,,
5/9/13,0.02,0.04,0.08,0.11,0.22,,
5/10/13,0.02,0.04,0.08,0.11,0.26,,
5/13/13,0.02,0.05,0.08,0.13,0.24,,
5/14/13,0.01,0.05,0.09,0.12,0.26,,
5/15/13,0.01,0.04,0.09,0.12,0.26,,
5/16/13,0,0.03,0.08,0.12,0.23,,
5/17/13,0.01,0.04,0.08,0.12,0.26,,
5/20/13,0.01,0.05,0.09,0.12,0.26,,
5/21/13,0.04,0.04,0.09,0.12,0.26,,
5/22/13,0.04,0.04,0.08,0.11,0.26,,
5/23/13,0.03,0.05,0.08,0.12,0.26,,
5/24/13,0.03,0.04,0.07,0.12,0.26,,
5/27/13,.,.,.,.,.,,
5/28/13,0.02,0.05,0.09,0.13,0.29,,
5/29/13,0.04,0.05,0.08,0.14,0.3,,
5/30/13,0.02,0.04,0.07,0.13,0.31,,
5/31/13,0.03,0.04,0.07,0.14,0.3,,
6/3/13,0.03,0.05,0.08,0.14,0.3,,
6/4/13,0.05,0.04,0.08,0.14,0.32,,
6/5/13,0.04,0.05,0.08,0.14,0.3,,
6/6/13,0.04,0.05,0.08,0.14,0.3,,
6/7/13,0.04,0.04,0.07,0.14,0.32,,
6/10/13,0.04,0.05,0.08,0.14,0.32,,
6/11/13,0.05,0.05,0.08,0.14,0.34,,
6/12/13,0.04,0.05,0.08,0.14,0.34,,
6/13/13,0.04,0.05,0.08,0.14,0.32,,
6/14/13,0.04,0.05,0.08,0.13,0.29,,
6/17/13,0.05,0.05,0.08,0.13,0.27,,
6/18/13,0.04,0.05,0.08,0.13,0.27,,
6/19/13,0.04,0.05,0.08,0.13,0.31,,
6/20/13,0.03,0.05,0.09,0.14,0.33,,
6/21/13,0.02,0.05,0.09,0.13,0.38,,
6/24/13,0.01,0.06,0.11,0.16,0.42,,
6/25/13,0.03,0.06,0.11,0.17,0.43,,
6/26/13,0.02,0.06,0.11,0.16,0.39,,
6/27/13,0.02,0.06,0.11,0.15,0.36,,
6/28/13,0.02,0.04,0.1,0.15,0.36,,
7/1/13,0.01,0.04,0.09,0.15,0.34,,
7/2/13,0.02,0.03,0.08,0.14,0.34,,
7/3/13,0.03,0.05,0.08,0.14,0.36,,
7/4/13,.,.,.,.,.,,
7/5/13,0.03,0.04,0.08,0.15,0.4,,
7/8/13,0.02,0.05,0.07,0.14,0.37,,
7/9/13,0.04,0.04,0.08,0.14,0.37,,
7/10/13,0.03,0.04,0.08,0.13,0.38,,
7/11/13,0.02,0.04,0.07,0.13,0.34,,
7/12/13,0.02,0.04,0.07,0.12,0.37,,
7/15/13,0.02,0.04,0.07,0.11,0.34,,
7/16/13,0.02,0.03,0.07,0.1,0.34,,
7/17/13,0.02,0.03,0.08,0.11,0.32,,
7/18/13,0.01,0.03,0.07,0.11,0.32,,
7/19/13,0.01,0.03,0.07,0.11,0.32,,
7/22/13,0.01,0.04,0.07,0.1,0.32,,
7/23/13,0.02,0.02,0.07,0.12,0.33,,
7/24/13,0.02,0.03,0.07,0.12,0.34,,
7/25/13,0.02,0.02,0.06,0.12,0.32,,
7/26/13,0.02,0.03,0.07,0.11,0.31,,
7/29/13,0.01,0.03,0.07,0.11,0.33,,
7/30/13,0.03,0.04,0.07,0.11,0.33,,
7/31/13,0.03,0.04,0.08,0.11,0.31,,
8/1/13,0.02,0.04,0.08,0.13,0.35,,
8/2/13,0.02,0.04,0.07,0.11,0.3,,
8/5/13,0.03,0.05,0.08,0.12,0.32,,
8/6/13,0.05,0.04,0.08,0.12,0.32,,
8/7/13,0.05,0.05,0.08,0.12,0.32,,
8/8/13,0.05,0.05,0.07,0.12,0.3,,
8/9/13,0.05,0.05,0.07,0.11,0.32,,
8/12/13,0.05,0.06,0.08,0.12,0.32,,
8/13/13,0.06,0.06,0.08,0.12,0.34,,
8/14/13,0.06,0.05,0.07,0.12,0.34,,
8/15/13,0.05,0.05,0.08,0.13,0.36,,
8/16/13,0.05,0.05,0.08,0.13,0.36,,
8/19/13,0.03,0.06,0.08,0.13,0.36,,
8/20/13,0.03,0.04,0.07,0.13,0.36,,
8/21/13,0.02,0.04,0.07,0.14,0.38,,
8/22/13,0.01,0.03,0.06,0.14,0.42,,
8/23/13,0.02,0.03,0.06,0.14,0.4,,
8/26/13,0.03,0.04,0.07,0.13,0.41,,
8/27/13,0.04,0.05,0.07,0.12,0.38,,
8/28/13,0.04,0.03,0.07,0.14,0.4,,
8/29/13,0.03,0.02,0.06,0.14,0.39,,
8/30/13,0.02,0.03,0.05,0.13,0.39,,
9/2/13,.,.,.,.,.,,
9/3/13,0.03,0.02,0.05,0.14,0.43,,
9/4/13,0.02,0.02,0.05,0.14,0.46,,
9/5/13,0.03,0.02,0.06,0.16,0.52,,
9/6/13,0.02,0.02,0.05,0.14,0.46,,
9/9/13,0.02,0.02,0.04,0.12,0.45,,
9/10/13,0.01,0.02,0.04,0.13,0.5,,
9/11/13,0.01,0.02,0.05,0.12,0.47,,
9/12/13,0.01,0.01,0.02,0.13,0.45,,
9/13/13,0.01,0.01,0.02,0.13,0.45,,
9/16/13,0.01,0.02,0.04,0.13,0.41,,
9/17/13,0.01,0.01,0.04,0.12,0.39,,
9/18/13,0.01,0.01,0.04,0.11,0.34,,
9/19/13,0,0.01,0.03,0.1,0.34,,
9/20/13,0.01,0.01,0.05,0.11,0.34,,
9/23/13,0.01,0.02,0.05,0.1,0.35,,
9/24/13,0.02,0.02,0.05,0.1,0.35,,
9/25/13,0.02,0.02,0.05,0.1,0.36,,
9/26/13,0.04,0,0.03,0.09,0.34,,
9/27/13,0.03,0.02,0.03,0.1,0.34,,
9/30/13,0.03,0.02,0.04,0.1,0.33,,
10/1/13,0.1,0.02,0.04,0.1,0.33,,
10/2/13,0.08,0.02,0.05,0.11,0.31,,
10/3/13,0.12,0.03,0.05,0.11,0.33,,
10/4/13,0.11,0.03,0.04,0.11,0.33,,
10/7/13,0.13,0.03,0.06,0.12,0.37,,
10/8/13,0.27,0.05,0.09,0.15,0.4,,
10/9/13,0.26,0.05,0.08,0.15,0.37,,
10/10/13,0.25,0.05,0.07,0.14,0.35,,
10/11/13,0.25,0.08,0.07,0.14,0.35,,
10/14/13,.,.,.,.,.,,
10/15/13,0.32,0.14,0.16,0.16,0.37,,
10/16/13,0.14,0.1,0.11,0.15,0.34,,
10/17/13,0.01,0.05,0.08,0.13,0.33,,
10/18/13,0.01,0.04,0.08,0.12,0.33,,
10/21/13,0.02,0.04,0.07,0.11,0.33,,
10/22/13,0.04,0.04,0.07,0.1,0.31,,
10/23/13,0.02,0.04,0.07,0.11,0.31,,
10/24/13,0.02,0.03,0.07,0.12,0.33,,
10/25/13,0.02,0.04,0.08,0.11,0.32,,
10/28/13,0.02,0.04,0.08,0.11,0.32,,
10/29/13,0.06,0.04,0.08,0.11,0.31,,
10/30/13,0.05,0.04,0.09,0.11,0.33,,
10/31/13,0.03,0.04,0.08,0.1,0.31,,
11/1/13,0.03,0.04,0.08,0.1,0.33,,
11/4/13,0.02,0.05,0.09,0.09,0.32,,
11/5/13,0.06,0.05,0.08,0.1,0.32,,
11/6/13,0.05,0.05,0.09,0.11,0.3,,
11/7/13,0.04,0.05,0.09,0.11,0.29,,
11/8/13,0.04,0.06,0.09,0.12,0.32,,
11/11/13,.,.,.,.,.,,
11/12/13,0.05,0.08,0.1,0.13,0.34,,
11/13/13,0.06,0.08,0.1,0.13,0.32,,
11/14/13,0.06,0.08,0.1,0.13,0.29,,
11/15/13,0.06,0.08,0.1,0.13,0.31,,
11/18/13,0.05,0.09,0.1,0.13,0.31,,
11/19/13,0.05,0.08,0.1,0.14,0.29,,
11/20/13,0.06,0.08,0.11,0.12,0.28,,
11/21/13,0.02,0.07,0.1,0.12,0.29,,
11/22/13,0.02,0.07,0.1,0.12,0.31,,
11/25/13,0.04,0.08,0.11,0.14,0.3,,
11/26/13,0.07,0.07,0.11,0.13,0.29,,
11/27/13,0.06,0.07,0.11,0.13,0.28,,
11/28/13,.,.,.,.,.,,
11/29/13,0.05,0.06,0.11,0.13,0.28,,
12/2/13,0.02,0.05,0.1,0.13,0.3,,
12/3/13,0.04,0.06,0.1,0.13,0.28,,
12/4/13,0.04,0.06,0.1,0.14,0.3,,
12/5/13,0.02,0.06,0.1,0.13,0.3,,
12/6/13,0.03,0.06,0.1,0.13,0.3,,
12/9/13,0.04,0.07,0.1,0.13,0.3,,
12/10/13,0.03,0.07,0.1,0.14,0.3,,
12/11/13,0.02,0.07,0.1,0.13,0.31,,
12/12/13,0.01,0.07,0.09,0.14,0.34,,
12/13/13,0.02,0.07,0.09,0.14,0.34,,
12/16/13,0.02,0.07,0.09,0.13,0.34,,
12/17/13,0.02,0.07,0.09,0.14,0.34,,
12/18/13,0.01,0.07,0.1,0.13,0.32,,
12/19/13,0.01,0.06,0.09,0.13,0.35,,
12/20/13,0.02,0.07,0.09,0.13,0.37,,
12/23/13,0.01,0.07,0.09,0.14,0.38,,
12/24/13,0.01,0.07,0.09,0.14,0.38,,
12/25/13,.,.,.,.,.,,
12/26/13,0,0.07,0.09,0.13,0.42,,
12/27/13,0.01,0.07,0.09,0.12,0.4,,
12/30/13,0.01,0.07,0.1,0.13,0.39,,
12/31/13,0.01,0.07,0.1,0.13,0.38,,
1/1/14,.,.,.,.,.,,
1/2/14,0.01,0.07,0.09,0.13,0.39,,
1/3/14,0.02,0.07,0.1,0.13,0.41,,
1/6/14,0.01,0.05,0.08,0.12,0.4,,
1/7/14,0.01,0.04,0.08,0.13,0.4,,
1/8/14,0,0.05,0.08,0.13,0.43,,
1/9/14,0.01,0.04,0.06,0.13,0.44,,
1/10/14,0.01,0.05,0.06,0.12,0.39,,
1/13/14,0,0.03,0.06,0.11,0.39,,
1/14/14,0,0.04,0.06,0.11,0.39,,
1/15/14,0.01,0.04,0.06,0.13,0.41,,
1/16/14,0.01,0.04,0.07,0.11,0.41,,
1/17/14,0.01,0.05,0.07,0.11,0.4,,
1/20/14,.,.,.,.,.,,
1/21/14,0.01,0.04,0.07,0.12,0.4,,
1/22/14,0,0.04,0.07,0.11,0.44,,
1/23/14,0.01,0.04,0.05,0.11,0.39,,
1/24/14,0.04,0.04,0.06,0.11,0.37,,
1/27/14,0.04,0.05,0.07,0.11,0.37,,
1/28/14,0.05,0.05,0.07,0.11,0.38,,
1/29/14,0.04,0.04,0.07,0.11,0.36,,
1/30/14,0.04,0.02,0.06,0.1,0.36,,
1/31/14,0.03,0.02,0.06,0.1,0.34,,
2/3/14,0.04,0.05,0.07,0.11,0.3,,
2/4/14,0.12,0.06,0.07,0.12,0.31,,
2/5/14,0.13,0.07,0.07,0.12,0.32,,
2/6/14,0.07,0.07,0.08,0.13,0.33,,
2/7/14,0.1,0.08,0.09,0.12,0.3,,
2/10/14,0.07,0.07,0.1,0.12,0.32,,
2/11/14,0.05,0.05,0.1,0.12,0.35,,
2/12/14,0.01,0.05,0.09,0.12,0.35,,
2/13/14,0.01,0.03,0.08,0.12,0.32,,
2/14/14,0.01,0.02,0.07,0.11,0.32,,
2/17/14,.,.,.,.,.,,
2/18/14,0.02,0.05,0.08,0.12,0.31,,
2/19/14,0.04,0.06,0.09,0.11,0.33,,
2/20/14,0.02,0.05,0.08,0.12,0.34,,
2/21/14,0.02,0.05,0.08,0.12,0.33,,
2/24/14,0.02,0.05,0.08,0.11,0.35,,
2/25/14,0.04,0.05,0.08,0.11,0.34,,
2/26/14,0.04,0.05,0.08,0.11,0.33,,
2/27/14,0.04,0.04,0.07,0.11,0.33,,
2/28/14,0.04,0.05,0.08,0.12,0.33,,
3/3/14,0.04,0.05,0.08,0.12,0.32,,
3/4/14,0.06,0.05,0.08,0.12,0.33,,
3/5/14,0.06,0.06,0.09,0.13,0.33,,
3/6/14,0.06,0.05,0.08,0.12,0.37,,
3/7/14,0.06,0.06,0.09,0.13,0.38,,
3/10/14,0.05,0.05,0.08,0.12,0.37,,
3/11/14,0.06,0.05,0.08,0.13,0.37,,
3/12/14,0.05,0.05,0.08,0.12,0.37,,
3/13/14,0.06,0.05,0.08,0.12,0.34,,
3/14/14,0.05,0.05,0.08,0.12,0.36,,
3/17/14,0.05,0.06,0.08,0.13,0.38,,
3/18/14,0.07,0.05,0.07,0.13,0.36,,
3/19/14,0.07,0.06,0.09,0.15,0.47,,
3/20/14,0.06,0.06,0.09,0.14,0.45,,
3/21/14,0.05,0.06,0.08,0.14,0.45,,
3/24/14,0.05,0.06,0.08,0.14,0.47,,
3/25/14,0.05,0.05,0.08,0.13,0.47,,
3/26/14,0.05,0.05,0.07,0.12,0.45,,
3/27/14,0.02,0.04,0.06,0.12,0.45,,
3/28/14,0.03,0.04,0.06,0.13,0.45,,
3/31/14,0.03,0.05,0.07,0.13,0.44,,
4/1/14,0.02,0.04,0.06,0.13,0.44,,
4/2/14,0.02,0.02,0.06,0.12,0.47,,
4/3/14,0.03,0.02,0.05,0.11,0.46,,
4/4/14,0.03,0.03,0.05,0.11,0.43,,
4/7/14,0.03,0.03,0.06,0.11,0.41,,
4/8/14,0.04,0.03,0.06,0.11,0.4,,
4/9/14,0.03,0.04,0.05,0.1,0.37,,
4/10/14,0.03,0.04,0.06,0.09,0.37,,
4/11/14,0.04,0.04,0.06,0.09,0.37,,
4/14/14,0.03,0.04,0.06,0.1,0.37,,
4/15/14,0.03,0.04,0.05,0.11,0.39,,
4/16/14,0.03,0.04,0.05,0.11,0.39,,
4/17/14,0.02,0.03,0.05,0.11,0.43,,
4/18/14,.,.,.,.,.,,
4/21/14,0.02,0.04,0.06,0.11,0.42,,
4/22/14,0.02,0.03,0.06,0.11,0.45,,
4/23/14,0.02,0.02,0.05,0.11,0.43,,
4/24/14,0,0.01,0.04,0.1,0.43,,
4/25/14,0.01,0.03,0.04,0.11,0.43,,
4/28/14,0,0.03,0.05,0.1,0.44,,
4/29/14,0.02,0.02,0.05,0.11,0.44,,
4/30/14,0.02,0.03,0.05,0.11,0.42,,
5/1/14,0.02,0.03,0.05,0.1,0.41,,
5/2/14,0.01,0.02,0.05,0.1,0.42,,
5/5/14,0.01,0.03,0.05,0.11,0.43,,
5/6/14,0.03,0.03,0.05,0.1,0.43,,
5/7/14,0.03,0.03,0.05,0.1,0.41,,
5/8/14,0.02,0.03,0.05,0.1,0.4,,
5/9/14,0.02,0.03,0.05,0.1,0.4,,
5/12/14,0.02,0.03,0.05,0.09,0.41,,
5/13/14,0.03,0.03,0.05,0.1,0.39,,
5/14/14,0.02,0.03,0.05,0.1,0.39,,
5/15/14,0.01,0.03,0.05,0.09,0.38,,
5/16/14,0.01,0.03,0.05,0.09,0.38,,
5/19/14,0.01,0.03,0.05,0.09,0.36,,
5/20/14,0.04,0.03,0.06,0.09,0.35,,
5/21/14,0.04,0.04,0.06,0.09,0.37,,
5/22/14,0.03,0.03,0.05,0.09,0.37,,
5/23/14,0.04,0.04,0.05,0.1,0.37,,
5/26/14,.,.,.,.,.,,
5/27/14,0.03,0.04,0.06,0.09,0.39,,
5/28/14,0.04,0.04,0.05,0.1,0.37,,
5/29/14,0.05,0.04,0.05,0.1,0.37,,
5/30/14,0.05,0.04,0.06,0.1,0.37,,
6/2/14,0.04,0.04,0.06,0.1,0.39,,
6/3/14,0.04,0.04,0.06,0.1,0.41,,
6/4/14,0.04,0.04,0.06,0.1,0.41,,
6/5/14,0.03,0.04,0.06,0.1,0.4,,
6/6/14,0.02,0.04,0.06,0.11,0.41,,
6/9/14,0.03,0.04,0.06,0.11,0.43,,
6/10/14,0.04,0.04,0.06,0.11,0.45,,
6/11/14,0.03,0.04,0.06,0.11,0.44,,
6/12/14,0.02,0.04,0.07,0.1,0.42,,
6/13/14,0.02,0.04,0.07,0.11,0.45,,
6/16/14,0.03,0.04,0.07,0.11,0.49,,
6/17/14,0.03,0.04,0.07,0.11,0.51,,
6/18/14,0.03,0.03,0.06,0.1,0.48,,
6/19/14,0.01,0.02,0.05,0.09,0.48,,
6/20/14,0.01,0.02,0.04,0.09,0.5,,
6/23/14,0.02,0.03,0.06,0.1,0.48,,
6/24/14,0.01,0.03,0.06,0.12,0.49,,
6/25/14,0.01,0.03,0.05,0.11,0.48,,
6/26/14,0.01,0.04,0.06,0.11,0.46,,
6/27/14,0.02,0.03,0.06,0.1,0.45,,
6/30/14,0.02,0.04,0.07,0.11,0.47,,
7/1/14,0.03,0.02,0.06,0.11,0.47,,
7/2/14,0.02,0.02,0.06,0.12,0.49,,
7/3/14,0.01,0.01,0.06,0.11,0.52,,
7/4/14,.,.,.,.,.,,
7/7/14,0.02,0.04,0.06,0.12,0.52,,
7/8/14,0.02,0.03,0.06,0.11,0.51,,
7/9/14,0.03,0.03,0.06,0.11,0.51,,
7/10/14,0.02,0.02,0.06,0.1,0.46,,
7/11/14,0.02,0.02,0.07,0.11,0.48,,
7/14/14,0.02,0.03,0.06,0.11,0.48,,
7/15/14,0.02,0.02,0.06,0.11,0.49,,
7/16/14,0.02,0.02,0.06,0.11,0.5,,
7/17/14,0.02,0.02,0.06,0.1,0.47,,
7/18/14,0.03,0.02,0.05,0.1,0.51,,
7/21/14,0.02,0.03,0.06,0.11,0.51,,
7/22/14,0.03,0.03,0.07,0.11,0.49,,
7/23/14,0.03,0.03,0.05,0.11,0.5,,
7/24/14,0.04,0.03,0.06,0.11,0.53,,
7/25/14,0.03,0.03,0.06,0.11,0.53,,
7/28/14,0.03,0.04,0.06,0.11,0.54,,
7/29/14,0.03,0.02,0.06,0.12,0.54,,
7/30/14,0.03,0.04,0.06,0.13,0.56,,
7/31/14,0.01,0.03,0.05,0.12,0.53,,
8/1/14,0.01,0.03,0.05,0.13,0.47,,
8/4/14,0.02,0.04,0.06,0.12,0.47,,
8/5/14,0.03,0.03,0.05,0.12,0.47,,
8/6/14,0.03,0.03,0.05,0.11,0.48,,
8/7/14,0.03,0.03,0.04,0.11,0.44,,
8/8/14,0.03,0.03,0.05,0.1,0.45,,
8/11/14,0.03,0.04,0.05,0.1,0.47,,
8/12/14,0.05,0.03,0.05,0.1,0.45,,
8/13/14,0.04,0.04,0.06,0.1,0.43,,
8/14/14,0.04,0.04,0.06,0.1,0.42,,
8/15/14,0.03,0.03,0.05,0.09,0.42,,
8/18/14,0.02,0.03,0.05,0.1,0.44,,
8/19/14,0.04,0.03,0.05,0.11,0.46,,
8/20/14,0.04,0.04,0.06,0.12,0.49,,
8/21/14,0.03,0.02,0.06,0.1,0.49,,
8/22/14,0.04,0.03,0.06,0.1,0.53,,
8/25/14,0.02,0.04,0.05,0.11,0.53,,
8/26/14,0.04,0.03,0.05,0.12,0.52,,
8/27/14,0.02,0.04,0.05,0.11,0.51,,
8/28/14,0.02,0.03,0.05,0.11,0.5,,
8/29/14,0.02,0.03,0.05,0.09,0.48,,
9/1/14,.,.,.,.,.,,
9/2/14,0.02,0.03,0.05,0.1,0.53,,
9/3/14,0.02,0.03,0.05,0.11,0.52,,
9/4/14,0.02,0.03,0.05,0.1,0.54,,
9/5/14,0.02,0.03,0.05,0.1,0.52,,
9/8/14,0.01,0.02,0.05,0.1,0.54,,
9/9/14,0.01,0.02,0.05,0.11,0.56,,
9/10/14,0.01,0.02,0.05,0.11,0.58,,
9/11/14,0.01,0.02,0.05,0.11,0.58,,
9/12/14,0.01,0.02,0.05,0.11,0.58,,
9/15/14,0.01,0.02,0.05,0.11,0.58,,
9/16/14,0.01,0.02,0.04,0.13,0.55,,
9/17/14,0.01,0.02,0.05,0.12,0.59,,
9/18/14,0.01,0.02,0.04,0.12,0.59,,
9/19/14,0.01,0.02,0.04,0.11,0.59,,
9/22/14,0,0.01,0.04,0.1,0.58,,
9/23/14,0.01,0.01,0.04,0.1,0.57,,
9/24/14,0.01,0.02,0.03,0.11,0.59,,
9/25/14,0,0.01,0.03,0.1,0.56,,
9/26/14,0.01,0.01,0.03,0.11,0.59,,
9/29/14,0.01,0.02,0.05,0.11,0.58,,
9/30/14,0.02,0.02,0.03,0.13,0.58,,
10/1/14,0.01,0.02,0.04,0.1,0.53,,
10/2/14,0.01,0.01,0.03,0.1,0.53,,
10/3/14,0.01,0.01,0.03,0.11,0.57,,
10/6/14,0.01,0.02,0.05,0.11,0.54,,
10/7/14,0.02,0.02,0.04,0.1,0.52,,
10/8/14,0.01,0.01,0.05,0.1,0.46,,
10/9/14,0.02,0.01,0.05,0.1,0.46,,
10/10/14,0.02,0.01,0.04,0.1,0.45,,
10/13/14,.,.,.,.,.,,
10/14/14,0.03,0.02,0.04,0.09,0.39,,
10/15/14,0.02,0.02,0.05,0.1,0.34,,
10/16/14,0.04,0.03,0.05,0.1,0.35,,
10/17/14,0.03,0.02,0.05,0.11,0.39,,
10/20/14,0.03,0.02,0.06,0.1,0.37,,
10/21/14,0.04,0.02,0.06,0.1,0.38,,
10/22/14,0.04,0.02,0.06,0.11,0.41,,
10/23/14,0.02,0.01,0.06,0.11,0.41,,
10/24/14,0.02,0.01,0.06,0.11,0.41,,
10/27/14,0.03,0.02,0.06,0.11,0.41,,
10/28/14,0.02,0.02,0.05,0.11,0.42,,
10/29/14,0.01,0.03,0.07,0.11,0.48,,
10/30/14,0.01,0.01,0.06,0.11,0.48,,
10/31/14,0.01,0.01,0.05,0.11,0.5,,
11/3/14,0.03,0.02,0.07,0.12,0.52,,
11/4/14,0.04,0.03,0.06,0.11,0.52,,
11/5/14,0.04,0.03,0.07,0.11,0.52,,
11/6/14,0.04,0.03,0.06,0.12,0.54,,
11/7/14,0.04,0.03,0.06,0.12,0.51,,
11/10/14,0.04,0.02,0.07,0.13,0.55,,
11/11/14,.,.,.,.,.,,
11/12/14,0.05,0.02,0.07,0.14,0.55,,
11/13/14,0.05,0.02,0.08,0.15,0.53,,
11/14/14,0.04,0.02,0.07,0.15,0.54,,
11/17/14,0.02,0.03,0.07,0.15,0.54,,
11/18/14,0.04,0.02,0.07,0.14,0.53,,
11/19/14,0.04,0.01,0.07,0.15,0.54,,
11/20/14,0.04,0.02,0.07,0.14,0.53,,
11/21/14,0.04,0.01,0.07,0.14,0.53,,
11/24/14,0.04,0.02,0.08,0.14,0.53,,
11/25/14,0.06,0.02,0.07,0.14,0.51,,
11/26/14,0.06,0.02,0.07,0.14,0.53,,
11/27/14,.,.,.,.,.,,
11/28/14,0.04,0.02,0.07,0.13,0.47,,
12/1/14,0.01,0.03,0.08,0.13,0.49,,
12/2/14,0.04,0.03,0.08,0.14,0.55,,
12/3/14,0.03,0.01,0.07,0.15,0.57,,
12/4/14,0.03,0.02,0.08,0.14,0.55,,
12/5/14,0.02,0.02,0.08,0.18,0.65,,
12/8/14,0.03,0.03,0.1,0.18,0.64,,
12/9/14,0.05,0.04,0.11,0.23,0.64,,
12/10/14,0.05,0.03,0.1,0.21,0.59,,
12/11/14,0.02,0.03,0.09,0.21,0.62,,
12/12/14,0.02,0.02,0.09,0.19,0.56,,
12/15/14,0.02,0.04,0.11,0.22,0.6,,
12/16/14,0.03,0.03,0.11,0.21,0.58,,
12/17/14,0.03,0.03,0.11,0.23,0.62,,
12/18/14,0.04,0.04,0.12,0.25,0.67,,
12/19/14,0.01,0.04,0.11,0.26,0.67,,
12/22/14,0.01,0.05,0.16,0.28,0.71,,
12/23/14,0.02,0.03,0.14,0.26,0.73,,
12/24/14,0.01,0.01,0.14,0.26,0.73,,
12/25/14,.,.,.,.,.,,
12/26/14,0.01,0.01,0.1,0.26,0.73,,
12/29/14,0.01,0.03,0.12,0.25,0.72,,
12/30/14,0.03,0.03,0.12,0.23,0.69,,
12/31/14,0.03,0.04,0.12,0.25,0.67,,
1/1/15,.,.,.,.,.,,
1/2/15,0.02,0.02,0.11,0.25,0.66,,
1/5/15,0.02,0.03,0.1,0.26,0.68,,
1/6/15,0.02,0.03,0.1,0.25,0.65,,
1/7/15,0.02,0.03,0.09,0.25,0.62,,
1/8/15,0.01,0.03,0.08,0.23,0.62,,
1/9/15,0.02,0.02,0.08,0.22,0.59,,
1/12/15,0.02,0.03,0.09,0.19,0.56,,
1/13/15,0.02,0.03,0.08,0.2,0.54,,
1/14/15,0.02,0.04,0.09,0.18,0.51,,
1/15/15,0.03,0.03,0.08,0.16,0.44,,
1/16/15,0.02,0.03,0.07,0.17,0.49,,
1/19/15,.,.,.,.,.,,
1/20/15,0.01,0.03,0.08,0.17,0.53,,
1/21/15,0.01,0.03,0.08,0.17,0.53,,
1/22/15,0.02,0.03,0.08,0.17,0.53,,
1/23/15,0.02,0.02,0.07,0.17,0.52,,
1/26/15,0.02,0.03,0.08,0.18,0.54,,
1/27/15,0.02,0.02,0.08,0.17,0.54,,
1/28/15,0.02,0.02,0.08,0.17,0.5,,
1/29/15,0.01,0.03,0.07,0.17,0.51,,
1/30/15,0.01,0.02,0.07,0.18,0.47,,
2/2/15,0.01,0.02,0.07,0.17,0.49,,
2/3/15,0.02,0.02,0.07,0.21,0.52,,
2/4/15,0.01,0.01,0.06,0.2,0.52,,
2/5/15,0.02,0.02,0.06,0.2,0.52,,
2/6/15,0.01,0.02,0.07,0.26,0.65,,
2/9/15,0.02,0.01,0.08,0.24,0.65,,
2/10/15,0.02,0.01,0.08,0.25,0.67,,
2/11/15,0.02,0.01,0.07,0.24,0.67,,
2/12/15,0.02,0.02,0.07,0.23,0.61,,
2/13/15,0.02,0.01,0.07,0.23,0.66,,
2/16/15,.,.,.,.,.,,
2/17/15,0.02,0.02,0.07,0.25,0.7,,
2/18/15,0.02,0.02,0.07,0.23,0.62,,
2/19/15,0.02,0.02,0.07,0.23,0.67,,
2/20/15,0.02,0.02,0.07,0.23,0.67,,
2/23/15,0.01,0.02,0.08,0.22,0.64,,
2/24/15,0.02,0.02,0.08,0.22,0.6,,
2/25/15,0.02,0.02,0.07,0.21,0.61,,
2/26/15,0.02,0.03,0.07,0.22,0.66,,
2/27/15,0.02,0.02,0.07,0.22,0.63,,
3/2/15,0.02,0.02,0.08,0.22,0.66,,
3/3/15,0.01,0.02,0.08,0.26,0.68,,
3/4/15,0.01,0.01,0.08,0.26,0.66,,
3/5/15,0.02,0.02,0.08,0.25,0.65,,
3/6/15,0.02,0.01,0.08,0.27,0.73,,
3/9/15,0.01,0.02,0.1,0.27,0.7,,
3/10/15,0.03,0.02,0.1,0.25,0.7,,
3/11/15,0.03,0.03,0.1,0.25,0.7,,
3/12/15,0.03,0.03,0.1,0.24,0.67,,
3/13/15,0.03,0.03,0.11,0.24,0.68,,
3/16/15,0.02,0.05,0.15,0.26,0.66,,
3/17/15,0.05,0.05,0.15,0.27,0.7,,
3/18/15,0.02,0.03,0.12,0.23,0.57,,
3/19/15,0.02,0.03,0.12,0.26,0.63,,
3/20/15,0,0.01,0.11,0.24,0.6,,
3/23/15,0.02,0.03,0.11,0.24,0.6,,
3/24/15,0.03,0.02,0.11,0.24,0.58,,
3/25/15,0.02,0.04,0.11,0.25,0.59,,
3/26/15,0.02,0.03,0.13,0.28,0.61,,
3/27/15,0.02,0.04,0.12,0.27,0.58,,
3/30/15,0.02,0.04,0.14,0.27,0.58,,
3/31/15,0.05,0.03,0.14,0.26,0.56,,
4/1/15,0.02,0.03,0.12,0.27,0.55,,
4/2/15,0.02,0.02,0.1,0.25,0.55,,
4/3/15,0.04,0.02,0.1,0.21,0.49,,
4/6/15,0.02,0.03,0.1,0.21,0.51,,
4/7/15,0.02,0.02,0.1,0.22,0.52,,
4/8/15,0.02,0.03,0.1,0.22,0.54,,
4/9/15,0.02,0.03,0.1,0.22,0.56,,
4/10/15,0.01,0.02,0.09,0.24,0.57,,
4/13/15,0.02,0.03,0.11,0.23,0.54,,
4/14/15,0.02,0.02,0.1,0.23,0.53,,
4/15/15,0.02,0.02,0.08,0.23,0.51,,
4/16/15,0.03,0.02,0.08,0.22,0.5,,
4/17/15,0.03,0.01,0.08,0.23,0.51,,
4/20/15,0.03,0.03,0.1,0.24,0.55,,
4/21/15,0.02,0.03,0.09,0.23,0.55,,
4/22/15,0.01,0.03,0.1,0.23,0.57,,
4/23/15,0.01,0.03,0.09,0.24,0.55,,
4/24/15,0.03,0.03,0.1,0.24,0.54,,
4/27/15,0.01,0.02,0.1,0.25,0.54,,
4/28/15,0,0.02,0.09,0.24,0.56,,
4/29/15,0,0.01,0.07,0.25,0.56,,
4/30/15,0,0.01,0.06,0.24,0.58,,
5/1/15,0,0.01,0.05,0.25,0.6,,
5/4/15,0.01,0.02,0.08,0.25,0.6,,
5/5/15,0.01,0.01,0.08,0.24,0.62,,
5/6/15,0.02,0.02,0.08,0.25,0.65,,
5/7/15,0.01,0.01,0.08,0.24,0.63,,
5/8/15,0.01,0.01,0.08,0.23,0.59,,
5/11/15,0.02,0.02,0.09,0.25,0.62,,
5/12/15,0.01,0.03,0.09,0.25,0.61,,
5/13/15,0.02,0.02,0.09,0.24,0.59,,
5/14/15,0,0.01,0.08,0.23,0.56,,
5/15/15,0.02,0.02,0.09,0.23,0.55,,
5/18/15,0.01,0.02,0.08,0.22,0.58,,
5/19/15,0.02,0.02,0.07,0.23,0.63,,
5/20/15,0.02,0.02,0.08,0.23,0.6,,
5/21/15,0.02,0.02,0.07,0.22,0.6,,
5/22/15,0.01,0.02,0.08,0.23,0.64,,
5/25/15,.,.,.,.,.,,
5/26/15,0.01,0.02,0.09,0.24,0.64,,
5/27/15,0.02,0.01,0.09,0.27,0.64,,
5/28/15,0.01,0.01,0.08,0.26,0.62,,
5/29/15,0.01,0.01,0.06,0.26,0.61,,
6/1/15,0.02,0.02,0.07,0.26,0.64,,
6/2/15,0.02,0.01,0.07,0.26,0.64,,
6/3/15,0.02,0.02,0.07,0.26,0.69,,
6/4/15,0.02,0.02,0.08,0.27,0.66,,
6/5/15,0.02,0.03,0.08,0.29,0.73,,
6/8/15,0.01,0.02,0.09,0.27,0.7,,
6/9/15,0.01,0.02,0.08,0.27,0.72,,
6/10/15,0.01,0.02,0.1,0.28,0.75,,
6/11/15,0.01,0.01,0.1,0.28,0.73,,
6/12/15,0.01,0.02,0.1,0.28,0.74,,
6/15/15,0,0.02,0.11,0.28,0.72,,
6/16/15,0,0.01,0.11,0.28,0.71,,
6/17/15,0,0.01,0.1,0.27,0.67,,
6/18/15,0,0.01,0.08,0.26,0.66,,
6/19/15,0,0.01,0.05,0.25,0.65,,
6/22/15,0,0.01,0.08,0.27,0.68,,
6/23/15,0,0.01,0.09,0.3,0.7,,
6/24/15,0,0.01,0.08,0.3,0.68,,
6/25/15,0,0.01,0.07,0.29,0.68,,
6/26/15,0,0.01,0.08,0.29,0.72,,
6/29/15,0,0.02,0.11,0.27,0.64,,
6/30/15,0.02,0.01,0.11,0.28,0.64,,
7/1/15,0.01,0.01,0.13,0.28,0.69,,
7/2/15,0.01,0.01,0.1,0.26,0.64,,
7/3/15,.,.,.,.,.,,
7/6/15,0.01,0.02,0.09,0.26,0.6,,
7/7/15,0.02,0.02,0.08,0.25,0.58,,
7/8/15,0.02,0.02,0.08,0.24,0.55,,
7/9/15,0.02,0.03,0.08,0.25,0.6,,
7/10/15,0.01,0.01,0.09,0.28,0.65,,
7/13/15,0.02,0.02,0.1,0.28,0.69,,
7/14/15,0.03,0.01,0.1,0.27,0.66,,
7/15/15,0.03,0.02,0.11,0.28,0.64,,
7/16/15,0.03,0.02,0.1,0.29,0.67,,
7/17/15,0.03,0.03,0.11,0.29,0.68,,
7/20/15,0.03,0.04,0.14,0.31,0.71,,
7/21/15,0.04,0.03,0.13,0.34,0.71,,
7/22/15,0.04,0.04,0.13,0.34,0.75,,
7/23/15,0.04,0.03,0.13,0.33,0.71,,
7/24/15,0.04,0.04,0.14,0.32,0.7,,
7/27/15,0.04,0.05,0.15,0.32,0.68,,
7/28/15,0.05,0.05,0.14,0.32,0.69,,
7/29/15,0.05,0.06,0.14,0.33,0.7,,
7/30/15,0.05,0.07,0.15,0.36,0.72,,
7/31/15,0.04,0.08,0.14,0.33,0.67,,
8/3/15,0.03,0.08,0.17,0.33,0.68,,
8/4/15,0.05,0.08,0.18,0.37,0.74,,
8/5/15,0.05,0.08,0.19,0.38,0.73,,
8/6/15,0.04,0.04,0.2,0.35,0.71,,
8/7/15,0.03,0.06,0.23,0.38,0.73,,
8/10/15,0.03,0.12,0.24,0.4,0.73,,
8/11/15,0.06,0.1,0.23,0.37,0.68,,
8/12/15,0.06,0.1,0.22,0.37,0.67,,
8/13/15,0.06,0.1,0.24,0.4,0.72,,
8/14/15,0.04,0.09,0.25,0.41,0.73,,
8/17/15,0.03,0.1,0.24,0.4,0.72,,
8/18/15,0.05,0.07,0.25,0.42,0.74,,
8/19/15,0.05,0.05,0.22,0.39,0.67,,
8/20/15,0.01,0.02,0.22,0.39,0.69,,
8/21/15,0.02,0.03,0.21,0.36,0.64,,
8/24/15,0.02,0.06,0.2,0.33,0.59,,
8/25/15,0.04,0.07,0.19,0.36,0.67,,
8/26/15,0.03,0.06,0.2,0.35,0.67,,
8/27/15,0.02,0.06,0.22,0.36,0.68,,
8/28/15,0.02,0.06,0.25,0.38,0.72,,
8/31/15,0,0.08,0.27,0.39,0.74,,
9/1/15,0.01,0.03,0.26,0.39,0.7,,
9/2/15,0.01,0.03,0.25,0.37,0.72,,
9/3/15,0.02,0.02,0.24,0.36,0.71,,
9/4/15,0.02,0.02,0.23,0.36,0.71,,
9/7/15,.,.,.,.,.,,
9/8/15,0.02,0.06,0.27,0.39,0.74,,
9/9/15,0.02,0.03,0.26,0.39,0.75,,
9/10/15,0.02,0.02,0.25,0.39,0.75,,
9/11/15,0.04,0.04,0.25,0.4,0.71,,
9/14/15,0.02,0.07,0.26,0.4,0.73,,
9/15/15,0,0.07,0.27,0.47,0.82,,
9/16/15,0,0.06,0.24,0.46,0.82,,
9/17/15,0,0.01,0.16,0.39,0.7,,
9/18/15,0,0,0.1,0.35,0.69,,
9/21/15,0,0.01,0.11,0.36,0.72,,
9/22/15,0,0,0.1,0.35,0.69,,
9/23/15,0,0.01,0.09,0.34,0.7,,
9/24/15,0,0.01,0.09,0.32,0.67,,
9/25/15,0,0,0.07,0.35,0.7,,
9/28/15,0,0.01,0.1,0.34,0.67,,
9/29/15,0,0.01,0.09,0.33,0.64,,
9/30/15,0,0,0.08,0.33,0.64,,
10/1/15,0,0,0.08,0.31,0.64,,
10/2/15,0,0,0.06,0.25,0.58,,
10/5/15,0,0.01,0.06,0.26,0.61,,
10/6/15,0,0,0.07,0.26,0.61,,
10/7/15,0,0,0.08,0.27,0.65,,
10/8/15,0,0,0.07,0.27,0.65,,
10/9/15,0.01,0.01,0.07,0.28,0.65,,
10/12/15,.,.,.,.,.,,
10/13/15,0,0.01,0.08,0.27,0.64,,
10/14/15,0,0,0.08,0.21,0.57,,
10/15/15,0,0.01,0.08,0.22,0.61,,
10/16/15,0.03,0.01,0.07,0.23,0.61,,
10/19/15,0.06,0.02,0.12,0.23,0.61,,
10/20/15,0.08,0.02,0.12,0.23,0.66,,
10/21/15,0.01,0.01,0.12,0.23,0.64,,
10/22/15,0.02,0,0.11,0.23,0.61,,
10/23/15,0.01,0.01,0.13,0.24,0.66,,
10/26/15,0.01,0.02,0.16,0.25,0.66,,
10/27/15,0.01,0.03,0.18,0.29,0.65,,
10/28/15,0.03,0.04,0.21,0.33,0.73,,
10/29/15,0.02,0.07,0.21,0.33,0.75,,
10/30/15,0.01,0.08,0.23,0.34,0.75,,
11/2/15,0.01,0.08,0.27,0.37,0.77,,
11/3/15,0.07,0.06,0.26,0.39,0.8,,
11/4/15,0.07,0.05,0.27,0.4,0.84,,
11/5/15,0.04,0.05,0.27,0.42,0.85,,
11/6/15,0.04,0.08,0.32,0.47,0.9,,
11/9/15,0.06,0.14,0.34,0.47,0.89,,
11/10/15,0.08,0.13,0.34,0.51,0.87,,
11/11/15,.,.,.,.,.,,
11/12/15,0.08,0.14,0.35,0.51,0.89,,
11/13/15,0.03,0.14,0.31,0.5,0.86,,
11/16/15,0.05,0.15,0.33,0.5,0.88,,
11/17/15,0.07,0.14,0.34,0.5,0.86,,
11/18/15,0.07,0.12,0.31,0.49,0.9,,
11/19/15,0.06,0.11,0.31,0.49,0.91,,
11/20/15,0.05,0.12,0.31,0.49,0.93,,
11/23/15,0.06,0.14,0.35,0.5,0.94,,
11/24/15,0.13,0.16,0.36,0.52,0.93,,
11/25/15,0.14,0.19,0.39,0.52,0.93,,
11/26/15,.,.,.,.,.,,
11/27/15,0.13,0.18,0.38,0.5,0.92,,
11/30/15,0.11,0.22,0.42,0.51,0.94,,
12/1/15,0.19,0.21,0.42,0.51,0.91,,
12/2/15,0.19,0.21,0.42,0.52,0.94,,
12/3/15,0.18,0.21,0.45,0.57,0.96,,
12/4/15,0.17,0.23,0.49,0.6,0.96,,
12/7/15,0.21,0.29,0.57,0.67,0.94,,
12/8/15,0.23,0.27,0.58,0.76,0.94,,
12/9/15,0.19,0.26,0.53,0.72,0.93,,
12/10/15,0.19,0.24,0.55,0.71,0.95,,
12/11/15,0.15,0.23,0.52,0.68,0.88,,
12/14/15,0.13,0.26,0.54,0.68,0.97,,
12/15/15,0.21,0.25,0.54,0.69,0.98,,
12/16/15,0.2,0.27,0.51,0.7,1.02,,
12/17/15,0.18,0.23,0.48,0.69,1,,
12/18/15,0.16,0.19,0.47,0.67,0.97,,
12/21/15,0.14,0.24,0.51,0.64,0.96,,
12/22/15,0.19,0.21,0.47,0.66,0.99,,
12/23/15,0.19,0.2,0.47,0.65,1.01,,
12/24/15,0.15,0.2,0.49,0.64,1.03,,
12/25/15,.,.,.,.,.,,
12/28/15,0.13,0.23,0.51,0.66,1.05,,
12/29/15,0.18,0.23,0.5,0.67,1.09,,
12/30/15,0.08,0.21,0.47,0.64,1.08,,
12/31/15,0.14,0.16,0.49,0.65,1.06,,
1/1/16,.,.,.,.,.,,
1/4/16,0.17,0.22,0.49,0.61,1.02,,
1/5/16,0.2,0.2,0.49,0.68,1.04,,
1/6/16,0.21,0.21,0.47,0.67,0.99,,
1/7/16,0.2,0.2,0.46,0.66,0.96,,
1/8/16,0.2,0.2,0.45,0.64,0.94,,
1/11/16,0.19,0.21,0.48,0.63,0.94,,
1/12/16,0.22,0.21,0.47,0.62,0.93,,
1/13/16,0.22,0.22,0.46,0.6,0.91,,
1/14/16,0.22,0.25,0.43,0.55,0.9,,
1/15/16,0.19,0.24,0.37,0.49,0.85,,
1/18/16,.,.,.,.,.,,
1/19/16,0.21,0.26,0.37,0.48,0.88,,
1/20/16,0.26,0.26,0.35,0.43,0.85,,
1/21/16,0.27,0.28,0.38,0.44,0.84,,
1/22/16,0.26,0.31,0.41,0.47,0.88,,
1/25/16,0.25,0.31,0.42,0.47,0.88,,
1/26/16,0.29,0.31,0.45,0.47,0.85,,
1/27/16,0.28,0.32,0.43,0.47,0.84,,
1/28/16,0.26,0.35,0.45,0.47,0.83,,
1/29/16,0.22,0.33,0.43,0.47,0.76,,
2/1/16,0.19,0.35,0.47,0.47,0.81,,
2/2/16,0.26,0.34,0.47,0.54,0.75,,
2/3/16,0.27,0.33,0.46,0.54,0.72,,
2/4/16,0.24,0.29,0.43,0.52,0.7,,
2/5/16,0.23,0.3,0.45,0.55,0.74,,
2/8/16,0.21,0.32,0.42,0.51,0.66,,
2/9/16,0.27,0.3,0.43,0.52,0.69,,
2/10/16,0.27,0.31,0.42,0.52,0.71,,
2/11/16,0.27,0.28,0.39,0.47,0.64,,
2/12/16,0.26,0.3,0.39,0.51,0.71,,
2/15/16,.,.,.,.,.,,
2/16/16,0.23,0.3,0.42,0.51,0.74,,
2/17/16,0.28,0.3,0.43,0.53,0.74,,
2/18/16,0.28,0.3,0.45,0.53,0.71,,
2/19/16,0.26,0.31,0.46,0.53,0.76,,
2/22/16,0.28,0.33,0.46,0.55,0.78,,
2/23/16,0.28,0.32,0.47,0.55,0.76,,
2/24/16,0.28,0.33,0.46,0.55,0.75,,
2/25/16,0.27,0.32,0.46,0.56,0.72,,
2/26/16,0.26,0.33,0.47,0.6,0.8,,
2/29/16,0.23,0.33,0.49,0.62,0.78,,
3/1/16,0.29,0.33,0.5,0.68,0.85,,
3/2/16,0.28,0.36,0.48,0.67,0.85,,
3/3/16,0.25,0.28,0.46,0.65,0.85,,
3/4/16,0.25,0.29,0.47,0.67,0.88,,
3/7/16,0.27,0.32,0.49,0.67,0.91,,
3/8/16,0.27,0.29,0.48,0.68,0.88,,
3/9/16,0.27,0.3,0.47,0.68,0.9,,
3/10/16,0.27,0.32,0.5,0.69,0.93,,
3/11/16,0.27,0.33,0.51,0.7,0.97,,
3/14/16,0.28,0.34,0.52,0.7,0.97,,
3/15/16,0.29,0.34,0.52,0.71,0.98,,
3/16/16,0.28,0.31,0.47,0.66,0.87,,
3/17/16,0.29,0.29,0.47,0.64,0.87,,
3/18/16,0.27,0.3,0.44,0.62,0.84,,
3/21/16,0.26,0.31,0.46,0.63,0.87,,
3/22/16,0.28,0.3,0.46,0.64,0.91,,
3/23/16,0.27,0.3,0.46,0.64,0.87,,
3/24/16,0.24,0.3,0.46,0.63,0.89,,
3/25/16,.,.,.,.,.,,
3/28/16,0.19,0.29,0.49,0.65,0.89,,
3/29/16,0.18,0.23,0.45,0.63,0.78,,
3/30/16,0.14,0.2,0.39,0.61,0.76,,
3/31/16,0.18,0.21,0.39,0.59,0.73,,
4/1/16,0.2,0.23,0.4,0.62,0.76,,
4/4/16,0.18,0.23,0.38,0.59,0.75,,
4/5/16,0.19,0.23,0.36,0.56,0.72,,
4/6/16,0.19,0.23,0.36,0.55,0.73,,
4/7/16,0.2,0.23,0.36,0.52,0.7,,
4/8/16,0.2,0.23,0.34,0.54,0.7,,
4/11/16,0.19,0.23,0.34,0.53,0.7,,
4/12/16,0.21,0.22,0.34,0.54,0.74,,
4/13/16,0.21,0.23,0.36,0.55,0.75,,
4/14/16,0.21,0.22,0.37,0.55,0.77,,
4/15/16,0.19,0.22,0.37,0.53,0.74,,
4/18/16,0.16,0.22,0.35,0.52,0.75,,
4/19/16,0.18,0.21,0.36,0.53,0.77,,
4/20/16,0.18,0.23,0.36,0.54,0.8,,
4/21/16,0.19,0.23,0.37,0.56,0.82,,
4/22/16,0.19,0.23,0.38,0.56,0.84,,
4/25/16,0.17,0.25,0.4,0.57,0.85,,
4/26/16,0.19,0.24,0.43,0.61,0.86,,
4/27/16,0.18,0.24,0.4,0.58,0.83,,
4/28/16,0.17,0.22,0.39,0.56,0.78,,
4/29/16,0.16,0.22,0.4,0.56,0.77,,
5/2/16,0.11,0.22,0.41,0.55,0.8,,
5/3/16,0.18,0.21,0.4,0.53,0.75,,
5/4/16,0.18,0.19,0.39,0.52,0.75,,
5/5/16,0.2,0.2,0.39,0.51,0.72,,
5/6/16,0.2,0.19,0.39,0.51,0.74,,
5/9/16,0.21,0.24,0.38,0.51,0.72,,
5/10/16,0.25,0.24,0.36,0.52,0.72,,
5/11/16,0.25,0.26,0.37,0.53,0.74,,
5/12/16,0.25,0.27,0.37,0.54,0.76,,
5/13/16,0.25,0.29,0.38,0.55,0.76,,
5/16/16,0.21,0.28,0.38,0.57,0.79,,
5/17/16,0.25,0.28,0.4,0.58,0.82,,
5/18/16,0.25,0.3,0.43,0.63,0.9,,
5/19/16,0.25,0.31,0.43,0.64,0.89,,
5/20/16,0.26,0.33,0.46,0.67,0.89,,
5/23/16,0.26,0.35,0.48,0.69,0.91,,
5/24/16,0.28,0.35,0.48,0.69,0.92,,
5/25/16,0.24,0.33,0.47,0.67,0.92,,
5/26/16,0.17,0.31,0.46,0.65,0.87,,
5/27/16,0.23,0.32,0.47,0.68,0.9,,
5/30/16,.,.,.,.,.,,
5/31/16,0.27,0.34,0.49,0.68,0.87,,
6/1/16,0.27,0.3,0.49,0.7,0.91,,
6/2/16,0.19,0.29,0.48,0.68,0.89,,
6/3/16,0.19,0.3,0.43,0.6,0.78,,
6/6/16,0.19,0.28,0.43,0.6,0.8,,
6/7/16,0.2,0.28,0.43,0.59,0.78,,
6/8/16,0.2,0.24,0.43,0.6,0.78,,
6/9/16,0.21,0.26,0.43,0.59,0.77,,
6/10/16,0.18,0.26,0.42,0.57,0.73,,
6/13/16,0.23,0.27,0.4,0.55,0.73,,
6/14/16,0.24,0.27,0.41,0.55,0.74,,
6/15/16,0.23,0.26,0.37,0.52,0.69,,
6/16/16,0.23,0.27,0.36,0.53,0.7,,
6/17/16,0.22,0.27,0.37,0.51,0.7,,
6/20/16,0.23,0.28,0.41,0.56,0.74,,
6/21/16,0.25,0.27,0.41,0.57,0.76,,
6/22/16,0.25,0.27,0.4,0.56,0.75,,
6/23/16,0.27,0.31,0.43,0.58,0.78,,
6/24/16,0.24,0.27,0.38,0.48,0.64,,
6/27/16,0.22,0.27,0.35,0.45,0.61,,
6/28/16,0.25,0.26,0.35,0.45,0.61,,
6/29/16,0.18,0.26,0.35,0.46,0.62,,
6/30/16,0.2,0.26,0.36,0.45,0.58,,
7/1/16,0.24,0.28,0.37,0.45,0.59,,
7/4/16,.,.,.,.,.,,
7/5/16,0.27,0.28,0.35,0.44,0.56,,
7/6/16,0.26,0.27,0.36,0.46,0.58,,
7/7/16,0.27,0.29,0.37,0.47,0.58,,
7/8/16,0.26,0.28,0.36,0.48,0.61,,
7/11/16,0.28,0.31,0.4,0.5,0.66,,
7/12/16,0.29,0.29,0.4,0.52,0.69,,
7/13/16,0.29,0.31,0.4,0.51,0.68,,
7/14/16,0.29,0.32,0.41,0.53,0.68,,
7/15/16,0.27,0.32,0.42,0.52,0.71,,
7/18/16,0.26,0.32,0.44,0.52,0.68,,
7/19/16,0.29,0.31,0.44,0.56,0.7,,
7/20/16,0.28,0.32,0.44,0.56,0.73,,
7/21/16,0.28,0.32,0.44,0.54,0.7,,
7/22/16,0.29,0.33,0.44,0.55,0.71,,
7/25/16,0.28,0.32,0.44,0.55,0.72,,
7/26/16,0.24,0.31,0.43,0.55,0.75,,
7/27/16,0.25,0.31,0.4,0.53,0.73,,
7/28/16,0.19,0.25,0.39,0.53,0.72,,
7/29/16,0.19,0.28,0.38,0.5,0.67,,
8/1/16,0.2,0.29,0.4,0.5,0.67,,
8/2/16,0.28,0.29,0.41,0.5,0.67,,
8/3/16,0.26,0.28,0.42,0.53,0.67,,
8/4/16,0.24,0.26,0.41,0.51,0.64,,
8/5/16,0.23,0.28,0.45,0.56,0.72,,
8/8/16,0.27,0.31,0.45,0.57,0.74,,
8/9/16,0.27,0.29,0.44,0.55,0.71,,
8/10/16,0.27,0.28,0.43,0.55,0.69,,
8/11/16,0.27,0.28,0.45,0.55,0.76,,
8/12/16,0.27,0.29,0.43,0.56,0.71,,
8/15/16,0.26,0.31,0.46,0.56,0.72,,
8/16/16,0.27,0.27,0.45,0.57,0.76,,
8/17/16,0.27,0.3,0.46,0.58,0.74,,
8/18/16,0.27,0.3,0.44,0.58,0.71,,
8/19/16,0.27,0.3,0.44,0.59,0.76,,
8/22/16,0.24,0.29,0.45,0.58,0.76,,
8/23/16,0.28,0.3,0.45,0.58,0.74,,
8/24/16,0.28,0.31,0.46,0.59,0.76,,
8/25/16,0.28,0.33,0.46,0.6,0.78,,
8/26/16,0.28,0.34,0.47,0.62,0.84,,
8/29/16,0.25,0.33,0.49,0.62,0.81,,
8/30/16,0.23,0.33,0.47,0.61,0.8,,
8/31/16,0.26,0.33,0.47,0.61,0.8,,
9/1/16,0.27,0.33,0.47,0.6,0.78,,
9/2/16,0.25,0.33,0.45,0.59,0.8,,
9/5/16,.,.,.,.,.,,
9/6/16,0.24,0.32,0.45,0.56,0.74,,
9/7/16,0.25,0.34,0.49,0.57,0.74,,
9/8/16,0.26,0.35,0.5,0.57,0.78,,
9/9/16,0.24,0.35,0.51,0.58,0.79,,
9/12/16,0.24,0.37,0.53,0.57,0.79,,
9/13/16,0.25,0.36,0.54,0.63,0.8,,
9/14/16,0.24,0.33,0.52,0.62,0.77,,
9/15/16,0.2,0.29,0.49,0.6,0.74,,
9/16/16,0.2,0.3,0.5,0.61,0.77,,
9/19/16,0.16,0.3,0.48,0.6,0.79,,
9/20/16,0.17,0.3,0.49,0.61,0.79,,
9/21/16,0.12,0.22,0.44,0.61,0.79,,
9/22/16,0.1,0.18,0.39,0.6,0.79,,
9/23/16,0.09,0.18,0.4,0.6,0.77,,
9/26/16,0.12,0.25,0.42,0.58,0.76,,
9/27/16,0.16,0.26,0.42,0.58,0.75,,
9/28/16,0.14,0.27,0.44,0.6,0.75,,
9/29/16,0.12,0.26,0.43,0.59,0.73,,
9/30/16,0.2,0.29,0.45,0.59,0.77,,
10/3/16,0.25,0.32,0.48,0.63,0.8,,
10/4/16,0.28,0.33,0.48,0.64,0.82,,
10/5/16,0.26,0.32,0.48,0.65,0.85,,
10/6/16,0.26,0.33,0.46,0.65,0.86,,
10/7/16,0.26,0.33,0.46,0.66,0.83,,
10/10/16,.,.,.,.,.,,
10/11/16,0.27,0.35,0.48,0.69,0.87,,
10/12/16,0.26,0.37,0.49,0.68,0.87,,
10/13/16,0.26,0.3,0.45,0.66,0.85,,
10/14/16,0.26,0.32,0.46,0.66,0.84,,
10/17/16,0.24,0.34,0.47,0.65,0.81,,
10/18/16,0.26,0.34,0.47,0.66,0.82,,
10/19/16,0.25,0.35,0.48,0.65,0.81,,
10/20/16,0.25,0.35,0.48,0.66,0.84,,
10/21/16,0.25,0.34,0.47,0.66,0.84,,
10/24/16,0.23,0.33,0.46,0.66,0.84,,
10/25/16,0.22,0.34,0.49,0.66,0.86,,
10/26/16,0.25,0.33,0.49,0.67,0.86,,
10/27/16,0.19,0.3,0.49,0.68,0.87,,
10/28/16,0.18,0.3,0.49,0.66,0.86,,
10/31/16,0.2,0.34,0.51,0.66,0.86,,
11/1/16,0.24,0.35,0.5,0.65,0.83,,
11/2/16,0.24,0.37,0.51,0.64,0.81,,
11/3/16,0.24,0.38,0.52,0.64,0.81,,
11/4/16,0.25,0.38,0.52,0.62,0.8,,
11/7/16,0.28,0.41,0.54,0.63,0.82,,
11/8/16,0.28,0.43,0.56,0.71,0.87,,
11/9/16,0.3,0.45,0.56,0.72,0.9,,
11/10/16,0.3,0.48,0.59,0.72,0.92,,
11/11/16,.,.,.,.,.,,
11/14/16,0.32,0.55,0.65,0.77,1,,
11/15/16,0.3,0.51,0.61,0.78,1.02,,
11/16/16,0.32,0.47,0.62,0.76,1,,
11/17/16,0.3,0.44,0.61,0.77,1.04,,
11/18/16,0.28,0.44,0.6,0.77,1.07,,
11/21/16,0.28,0.46,0.6,0.78,1.08,,
11/22/16,0.34,0.49,0.61,0.78,1.07,,
11/23/16,0.35,0.51,0.63,0.8,1.12,,
11/24/16,.,.,.,.,.,,
11/25/16,0.34,0.49,0.62,0.81,1.12,,
11/28/16,0.32,0.48,0.6,0.79,1.11,,
11/29/16,0.34,0.48,0.6,0.78,1.09,,
11/30/16,0.38,0.48,0.62,0.8,1.11,,
12/1/16,0.32,0.48,0.6,0.82,1.14,,
12/2/16,0.34,0.49,0.61,0.8,1.11,,
12/5/16,0.34,0.49,0.63,0.82,1.13,,
12/6/16,0.35,0.49,0.63,0.83,1.12,,
12/7/16,0.38,0.52,0.63,0.85,1.1,,
12/8/16,0.39,0.51,0.62,0.84,1.12,,
12/9/16,0.41,0.54,0.64,0.85,1.15,,
12/12/16,0.42,0.51,0.64,0.85,1.15,,
12/13/16,0.47,0.54,0.66,0.88,1.17,,
12/14/16,0.49,0.55,0.66,0.92,1.27,,
12/15/16,0.48,0.51,0.65,0.91,1.29,,
12/16/16,0.46,0.51,0.65,0.91,1.28,,
12/19/16,0.45,0.52,0.65,0.9,1.24,,
12/20/16,0.48,0.52,0.66,0.9,1.25,,
12/21/16,0.46,0.52,0.65,0.88,1.21,,
12/22/16,0.42,0.51,0.65,0.87,1.22,,
12/23/16,0.42,0.52,0.65,0.87,1.22,,
12/26/16,.,.,.,.,.,,
12/27/16,0.5,0.51,0.66,0.89,1.28,,
12/28/16,0.48,0.53,0.62,0.9,1.26,,
12/29/16,0.39,0.47,0.62,0.85,1.22,,
12/30/16,0.44,0.51,0.62,0.85,1.2,,
1/2/17,.,.,.,.,.,,
1/3/17,0.52,0.53,0.65,0.89,1.22,,
1/4/17,0.49,0.53,0.63,0.87,1.24,,
1/5/17,0.51,0.52,0.62,0.83,1.17,,
1/6/17,0.5,0.53,0.61,0.85,1.22,,
1/9/17,0.5,0.5,0.6,0.82,1.21,,
1/10/17,0.51,0.52,0.6,0.82,1.19,,
1/11/17,0.51,0.52,0.6,0.82,1.2,,
1/12/17,0.52,0.52,0.59,0.81,1.18,,
1/13/17,0.52,0.53,0.61,0.82,1.21,,
1/16/17,.,.,.,.,.,,
1/17/17,0.52,0.55,0.62,0.8,1.17,,
1/18/17,0.48,0.53,0.63,0.82,1.23,,
1/19/17,0.47,0.52,0.62,0.83,1.25,,
1/20/17,0.46,0.5,0.62,0.82,1.2,,
1/23/17,0.46,0.51,0.59,0.79,1.16,,
1/24/17,0.5,0.51,0.62,0.81,1.21,,
1/25/17,0.48,0.5,0.61,0.82,1.23,,
1/26/17,0.49,0.51,0.62,0.82,1.21,,
1/27/17,0.49,0.52,0.63,0.82,1.22,,
1/30/17,0.49,0.51,0.63,0.81,1.22,,
1/31/17,0.5,0.52,0.64,0.84,1.19,,
2/1/17,0.5,0.51,0.65,0.83,1.22,,
2/2/17,0.5,0.52,0.64,0.84,1.21,,
2/3/17,0.49,0.51,0.63,0.82,1.21,,
2/6/17,0.48,0.53,0.62,0.79,1.16,,
2/7/17,0.51,0.53,0.63,0.8,1.16,,
2/8/17,0.52,0.54,0.63,0.79,1.15,,
2/9/17,0.51,0.54,0.64,0.8,1.2,,
2/10/17,0.51,0.55,0.64,0.81,1.2,,
2/13/17,0.5,0.52,0.63,0.82,1.2,,
2/14/17,0.51,0.54,0.66,0.84,1.25,,
2/15/17,0.53,0.54,0.67,0.86,1.27,,
2/16/17,0.51,0.53,0.66,0.82,1.22,,
2/17/17,0.5,0.53,0.66,0.82,1.21,,
2/20/17,.,.,.,.,.,,
2/21/17,0.49,0.53,0.69,0.83,1.22,,
2/22/17,0.47,0.52,0.68,0.82,1.22,,
2/23/17,0.39,0.51,0.66,0.81,1.18,,
2/24/17,0.4,0.52,0.65,0.8,1.12,,
2/27/17,0.44,0.5,0.68,0.81,1.2,,
2/28/17,0.4,0.53,0.69,0.88,1.22,,
3/1/17,0.46,0.63,0.79,0.92,1.29,,
3/2/17,0.52,0.67,0.84,0.98,1.32,,
3/3/17,0.56,0.71,0.84,0.98,1.32,,
3/6/17,0.56,0.74,0.83,0.97,1.31,,
3/7/17,0.55,0.76,0.87,1.02,1.32,,
3/8/17,0.54,0.73,0.86,1.03,1.36,,
3/9/17,0.5,0.73,0.88,1.04,1.37,,
3/10/17,0.6,0.75,0.89,1.03,1.36,,
3/13/17,0.69,0.79,0.93,1.06,1.4,,
3/14/17,0.77,0.78,0.93,1.06,1.4,,
3/15/17,0.71,0.73,0.89,1.02,1.33,,
3/16/17,0.68,0.73,0.89,1.01,1.35,,
3/17/17,0.71,0.73,0.87,1,1.33,,
3/20/17,0.7,0.76,0.89,1.01,1.3,,
3/21/17,0.76,0.77,0.91,1,1.27,,
3/22/17,0.74,0.77,0.9,0.99,1.27,,
3/23/17,0.73,0.76,0.9,0.99,1.26,,
3/24/17,0.73,0.78,0.89,1,1.26,,
3/27/17,0.73,0.78,0.91,1,1.27,,
3/28/17,0.75,0.78,0.92,1.03,1.3,,
3/29/17,0.76,0.78,0.92,1.04,1.26,,
3/30/17,0.75,0.78,0.91,1.03,1.28,,
3/31/17,0.74,0.76,0.91,1.03,1.27,,
4/3/17,0.73,0.79,0.92,1.02,1.24,,
4/4/17,0.77,0.79,0.92,1.03,1.25,,
4/5/17,0.77,0.8,0.93,1.03,1.24,,
4/6/17,0.78,0.79,0.94,1.05,1.24,,
4/7/17,0.77,0.82,0.95,1.08,1.29,,
4/10/17,0.77,0.82,0.97,1.07,1.29,,
4/11/17,0.74,0.82,0.94,1.05,1.24,,
4/12/17,0.77,0.81,0.95,1.04,1.24,,
4/13/17,0.76,0.81,0.94,1.03,1.21,,
4/14/17,.,.,.,.,.,,
4/17/17,0.76,0.83,0.94,1.04,1.21,,
4/18/17,0.76,0.82,0.94,1.02,1.18,,
4/19/17,0.75,0.81,0.94,1.02,1.19,,
4/20/17,0.73,0.79,0.93,1.01,1.21,,
4/21/17,0.72,0.79,0.92,0.99,1.2,,
4/24/17,0.74,0.81,0.96,1.03,1.25,,
4/25/17,0.73,0.82,0.98,1.09,1.29,,
4/26/17,0.74,0.83,0.99,1.07,1.28,,
4/27/17,0.7,0.81,0.98,1.06,1.25,,
4/28/17,0.68,0.8,0.99,1.07,1.28,,
5/1/17,0.67,0.83,0.98,1.09,1.28,,
5/2/17,0.72,0.82,0.99,1.08,1.27,,
5/3/17,0.73,0.85,1,1.1,1.3,,
5/4/17,0.71,0.86,1,1.11,1.32,,
5/5/17,0.71,0.9,1.01,1.1,1.32,,
5/8/17,0.73,0.91,1.02,1.12,1.33,,
5/9/17,0.74,0.91,1.04,1.14,1.37,,
5/10/17,0.71,0.9,1.04,1.13,1.35,,
5/11/17,0.68,0.89,1.04,1.13,1.35,,
5/12/17,0.69,0.88,1.03,1.11,1.29,,
5/15/17,0.73,0.9,1.02,1.11,1.31,,
5/16/17,0.72,0.9,1.04,1.11,1.29,,
5/17/17,0.72,0.9,1,1.08,1.26,,
5/18/17,0.73,0.93,1.02,1.09,1.27,,
5/19/17,0.71,0.92,1.03,1.1,1.28,,
5/22/17,0.7,0.93,1.05,1.12,1.29,,
5/23/17,0.76,0.92,1.08,1.14,1.31,,
5/24/17,0.76,0.93,1.07,1.18,1.29,,
5/25/17,0.72,0.94,1.08,1.16,1.3,,
5/26/17,0.75,0.94,1.08,1.17,1.3,,
5/29/17,.,.,.,.,.,,
5/30/17,0.77,0.93,1.07,1.16,1.28,,
5/31/17,0.86,0.98,1.08,1.17,1.28,,
6/1/17,0.82,0.98,1.07,1.16,1.28,,
6/2/17,0.82,0.98,1.06,1.16,1.28,,
6/5/17,0.83,0.96,1.06,1.16,1.32,,
6/6/17,0.83,0.97,1.08,1.16,1.3,,
6/7/17,0.84,1,1.09,1.17,1.32,,
6/8/17,0.8,1.01,1.11,1.19,1.33,,
6/9/17,0.8,1.01,1.13,1.2,1.35,,
6/12/17,0.82,0.98,1.09,1.19,1.35,,
6/13/17,0.89,1,1.12,1.22,1.38,,
6/14/17,0.9,1.01,1.12,1.2,1.35,,
6/15/17,0.86,1.02,1.13,1.21,1.35,,
6/16/17,0.85,1.03,1.13,1.21,1.32,,
6/19/17,0.85,1.02,1.13,1.22,1.36,,
6/20/17,0.88,1.01,1.14,1.22,1.36,,
6/21/17,0.85,0.99,1.12,1.22,1.36,,
6/22/17,0.8,0.96,1.1,1.22,1.34,,
6/23/17,0.76,0.97,1.1,1.21,1.34,,
6/26/17,0.81,0.99,1.1,1.2,1.36,,
6/27/17,0.89,1,1.13,1.22,1.38,,
6/28/17,0.89,1.02,1.12,1.21,1.34,,
6/29/17,0.88,1.04,1.14,1.23,1.38,,
6/30/17,0.84,1.03,1.14,1.24,1.38,,
7/3/17,0.96,1.06,1.13,1.24,1.41,,
7/4/17,.,.,.,.,.,,
7/5/17,0.97,1.05,1.15,1.24,1.41,,
7/6/17,0.95,1.04,1.14,1.23,1.4,,
7/7/17,0.94,1.05,1.14,1.22,1.4,,
7/10/17,0.95,1.04,1.13,1.23,1.4,,
7/11/17,0.97,1.05,1.14,1.2,1.37,,
7/12/17,0.94,1.05,1.13,1.21,1.35,,
7/13/17,0.95,1.05,1.14,1.23,1.37,,
7/14/17,0.93,1.04,1.12,1.22,1.35,,
7/17/17,0.95,1.07,1.1,1.22,1.36,,
7/18/17,0.95,1.07,1.11,1.19,1.36,,
7/19/17,0.99,1.11,1.12,1.23,1.37,,
7/20/17,1,1.15,1.12,1.22,1.37,,
7/21/17,1,1.16,1.1,1.22,1.36,,
7/24/17,1,1.17,1.12,1.23,1.37,,
7/25/17,0.96,1.18,1.15,1.24,1.4,,
7/26/17,1.02,1.13,1.14,1.23,1.36,,
7/27/17,1.01,1.11,1.13,1.22,1.36,,
7/28/17,1,1.08,1.13,1.22,1.34,,
7/31/17,1,1.07,1.13,1.23,1.34,,
8/1/17,1,1.08,1.15,1.22,1.34,,
8/2/17,1.02,1.08,1.15,1.24,1.36,,
8/3/17,1,1.08,1.13,1.22,1.34,,
8/4/17,1,1.08,1.14,1.23,1.36,,
8/7/17,0.99,1.02,1.14,1.22,1.36,,
8/8/17,1,1.06,1.16,1.24,1.36,,
8/9/17,1.01,1.06,1.15,1.21,1.33,,
8/10/17,1.02,1.05,1.14,1.22,1.33,,
8/11/17,0.99,1.03,1.14,1.21,1.3,,
8/14/17,0.95,1.02,1.13,1.23,1.33,,
8/15/17,0.97,1.04,1.16,1.23,1.35,,
8/16/17,0.97,1.02,1.13,1.24,1.33,,
8/17/17,0.95,1,1.11,1.24,1.32,,
8/18/17,0.97,1.02,1.13,1.24,1.33,,
8/21/17,0.95,1,1.11,1.23,1.32,,
8/22/17,0.93,1,1.13,1.24,1.33,,
8/23/17,0.98,1,1.11,1.22,1.32,,
8/24/17,0.98,1.02,1.11,1.23,1.33,,
8/25/17,0.99,1.03,1.11,1.23,1.35,,
8/28/17,0.99,0.98,1.12,1.24,1.33,,
8/29/17,0.96,1.03,1.13,1.23,1.33,,
8/30/17,0.96,1.03,1.11,1.23,1.33,,
8/31/17,0.95,1.01,1.08,1.23,1.33,,
9/1/17,0.96,1.02,1.1,1.24,1.35,,
9/4/17,.,.,.,.,.,,
9/5/17,1.3,1.03,1.13,1.23,1.3,,
9/6/17,1.04,1.07,1.17,1.24,1.3,,
9/7/17,0.98,1.05,1.15,1.21,1.27,,
9/8/17,0.96,1.04,1.14,1.22,1.27,,
9/11/17,0.97,1.05,1.16,1.24,1.32,,
9/12/17,0.99,1.03,1.16,1.27,1.33,,
9/13/17,0.99,1.04,1.16,1.27,1.35,,
9/14/17,0.99,1.05,1.17,1.28,1.37,,
9/15/17,0.98,1.05,1.17,1.3,1.39,,
9/18/17,0.96,1.05,1.18,1.3,1.4,,
9/19/17,0.97,1.04,1.19,1.31,1.4,,
9/20/17,0.98,1.04,1.2,1.32,1.45,,
9/21/17,0.99,1.04,1.19,1.31,1.45,,
9/22/17,0.97,1.03,1.19,1.3,1.46,,
9/25/17,0.97,1.05,1.19,1.3,1.44,,
9/26/17,0.96,1.06,1.19,1.31,1.45,,
9/27/17,0.99,1.07,1.2,1.33,1.47,,
9/28/17,0.97,1.06,1.18,1.31,1.45,,
9/29/17,0.96,1.06,1.2,1.31,1.47,,
10/2/17,0.95,1.01,1.22,1.31,1.49,,
10/3/17,1.01,1.07,1.21,1.32,1.47,,
10/4/17,1,1.08,1.21,1.33,1.47,,
10/5/17,1.02,1.07,1.21,1.35,1.49,,
10/6/17,1.03,1.07,1.22,1.35,1.54,,
10/9/17,.,.,.,.,.,,
10/10/17,1.03,1.08,1.26,1.42,1.51,,
10/11/17,1.04,1.1,1.25,1.4,1.51,,
10/12/17,0.99,1.09,1.27,1.41,1.51,,
10/13/17,0.97,1.09,1.26,1.39,1.51,,
10/16/17,0.97,1.1,1.24,1.42,1.54,,
10/17/17,0.99,1.09,1.25,1.41,1.54,,
10/18/17,0.99,1.09,1.24,1.42,1.59,,
10/19/17,0.99,1.1,1.25,1.41,1.58,,
10/20/17,0.99,1.11,1.27,1.43,1.6,,
10/23/17,1,1.09,1.25,1.42,1.58,,
10/24/17,1,1.12,1.27,1.43,1.6,,
10/25/17,1.01,1.12,1.27,1.43,1.61,,
10/26/17,0.99,1.11,1.29,1.43,1.63,,
10/27/17,0.98,1.1,1.28,1.42,1.59,,
10/30/17,0.97,1.12,1.24,1.42,1.58,,
10/31/17,0.99,1.15,1.28,1.43,1.6,,
11/1/17,1.06,1.18,1.3,1.46,1.61,,
11/2/17,1.02,1.17,1.29,1.46,1.61,,
11/3/17,1.02,1.18,1.31,1.49,1.63,,
11/6/17,1.03,1.19,1.3,1.5,1.61,,
11/7/17,1.05,1.22,1.33,1.49,1.63,,
11/8/17,1.05,1.23,1.35,1.53,1.65,,
11/9/17,1.07,1.24,1.36,1.53,1.63,,
11/10/17,1.06,1.23,1.37,1.54,1.67,,
11/13/17,1.07,1.24,1.37,1.55,1.7,,
11/14/17,1.06,1.26,1.4,1.55,1.68,,
11/15/17,1.08,1.25,1.39,1.55,1.68,,
11/16/17,1.08,1.27,1.42,1.59,1.72,,
11/17/17,1.08,1.29,1.42,1.6,1.73,,
11/20/17,1.09,1.3,1.46,1.62,1.77,,
11/21/17,1.15,1.3,1.45,1.62,1.77,,
11/22/17,1.16,1.29,1.45,1.61,1.74,,
11/23/17,.,.,.,.,.,,
11/24/17,1.14,1.29,1.45,1.61,1.75,,
11/27/17,1.15,1.27,1.41,1.62,1.74,,
11/28/17,1.16,1.3,1.46,1.61,1.75,,
11/29/17,1.17,1.29,1.45,1.61,1.78,,
11/30/17,1.14,1.27,1.44,1.62,1.78,,
12/1/17,1.14,1.27,1.45,1.62,1.78,,
12/4/17,1.16,1.29,1.45,1.66,1.8,,
12/5/17,1.21,1.3,1.48,1.64,1.83,,
12/6/17,1.18,1.3,1.48,1.68,1.78,,
12/7/17,1.16,1.29,1.47,1.67,1.8,,
12/8/17,1.14,1.28,1.45,1.65,1.8,,
12/11/17,1.18,1.33,1.47,1.69,1.82,,
12/12/17,1.26,1.34,1.49,1.7,1.83,,
12/13/17,1.22,1.3,1.47,1.68,1.79,,
12/14/17,1.21,1.32,1.48,1.7,1.82,,
12/15/17,1.24,1.31,1.48,1.71,1.84,,
12/18/17,1.26,1.38,1.51,1.7,1.84,,
12/19/17,1.25,1.37,1.51,1.71,1.87,,
12/20/17,1.22,1.38,1.51,1.72,1.87,,
12/21/17,1.21,1.35,1.54,1.73,1.89,,
12/22/17,1.15,1.33,1.54,1.73,1.91,,
12/25/17,.,.,.,.,.,,
12/26/17,1.24,1.47,1.52,1.75,1.92,,
12/27/17,1.18,1.44,1.53,1.75,1.89,,
12/28/17,1.19,1.39,1.54,1.76,1.91,,
12/29/17,1.28,1.39,1.53,1.76,1.89,,
1/1/18,.,.,.,.,.,,
1/2/18,1.29,1.44,1.61,1.83,1.92,,
1/3/18,1.29,1.41,1.59,1.81,1.94,,
1/4/18,1.28,1.41,1.6,1.82,1.96,,
1/5/18,1.27,1.39,1.58,1.8,1.96,,
1/8/18,1.3,1.45,1.6,1.79,1.96,,
1/9/18,1.27,1.44,1.6,1.78,1.98,,
1/10/18,1.31,1.42,1.59,1.78,1.98,,
1/11/18,1.32,1.43,1.58,1.77,1.98,,
1/12/18,1.31,1.43,1.59,1.78,1.99,,
1/15/18,.,.,.,.,.,,
1/16/18,1.33,1.45,1.63,1.79,2.03,,
1/17/18,1.31,1.44,1.63,1.79,2.05,,
1/18/18,1.29,1.45,1.63,1.79,2.05,,
1/19/18,1.28,1.44,1.62,1.79,2.06,,
1/22/18,1.27,1.44,1.65,1.79,2.08,,
1/23/18,1.26,1.44,1.63,1.78,2.06,,
1/24/18,1.25,1.43,1.63,1.79,2.08,,
1/25/18,1.23,1.42,1.64,1.8,2.08,,
1/26/18,1.24,1.41,1.64,1.8,2.13,,
1/29/18,1.28,1.44,1.66,1.8,2.11,,
1/30/18,1.49,1.44,1.66,1.88,2.13,,
1/31/18,1.43,1.46,1.66,1.9,2.14,,
2/1/18,1.41,1.48,1.64,1.89,2.16,,
2/2/18,1.4,1.48,1.65,1.88,2.15,,
2/5/18,1.4,1.51,1.67,1.85,2.08,,
2/6/18,1.48,1.52,1.69,1.87,2.1,,
2/7/18,1.36,1.55,1.73,1.91,2.15,,
2/8/18,1.32,1.55,1.73,1.91,2.13,,
2/9/18,1.31,1.55,1.73,1.89,2.05,,
2/12/18,1.35,1.62,1.82,1.93,2.09,,
2/13/18,1.34,1.59,1.8,1.95,2.1,,
2/14/18,1.32,1.58,1.81,1.98,2.17,,
2/15/18,1.3,1.58,1.82,1.99,2.19,,
2/16/18,1.35,1.62,1.83,2,2.21,,
2/19/18,.,.,.,.,.,,
2/20/18,1.39,1.66,1.87,2.01,2.25,,
2/21/18,1.4,1.64,1.85,2.03,2.26,,
2/22/18,1.34,1.63,1.84,2.02,2.25,,
2/23/18,1.38,1.64,1.85,2.02,2.25,,
2/26/18,1.39,1.66,1.87,2.03,2.22,,
2/27/18,1.49,1.66,1.87,2.08,2.27,,
2/28/18,1.5,1.65,1.86,2.07,2.25,,
3/1/18,1.5,1.63,1.85,2.05,2.22,,
3/2/18,1.5,1.65,1.86,2.06,2.25,,
3/5/18,1.53,1.7,1.86,2.06,2.24,,
3/6/18,1.56,1.68,1.87,2.06,2.25,,
3/7/18,1.57,1.68,1.87,2.05,2.25,,
3/8/18,1.57,1.67,1.89,2.05,2.25,,
3/9/18,1.57,1.67,1.89,2.03,2.27,,
3/12/18,1.6,1.71,1.89,2.05,2.27,,
3/13/18,1.64,1.73,1.9,2.03,2.26,,
3/14/18,1.71,1.76,1.94,2.05,2.26,,
3/15/18,1.7,1.77,1.95,2.07,2.29,,
3/16/18,1.71,1.78,1.96,2.08,2.31,,
3/19/18,1.7,1.8,1.99,2.08,2.31,,
3/20/18,1.76,1.81,1.97,2.08,2.34,,
3/21/18,1.71,1.74,1.95,2.06,2.31,,
3/22/18,1.67,1.72,1.95,2.05,2.29,,
3/23/18,1.69,1.74,1.92,2.04,2.28,,
3/26/18,1.71,1.79,1.94,2.06,2.33,,
3/27/18,1.69,1.77,1.93,2.1,2.26,,
3/28/18,1.65,1.73,1.95,2.12,2.28,,
3/29/18,1.63,1.73,1.93,2.09,2.27,,
3/30/18,.,.,.,.,.,,
4/2/18,1.68,1.77,1.92,2.08,2.25,,
4/3/18,1.7,1.75,1.92,2.09,2.28,,
4/4/18,1.67,1.71,1.9,2.07,2.28,,
4/5/18,1.67,1.72,1.93,2.07,2.3,,
4/6/18,1.68,1.73,1.91,2.06,2.27,,
4/9/18,1.67,1.76,1.93,2.08,2.29,,
4/10/18,1.63,1.74,1.93,2.09,2.32,,
4/11/18,1.64,1.73,1.95,2.09,2.32,,
4/12/18,1.65,1.75,1.95,2.11,2.34,,
4/13/18,1.64,1.76,1.97,2.12,2.37,,
4/16/18,1.64,1.79,1.98,2.12,2.39,,
4/17/18,1.68,1.8,2.02,2.16,2.41,,
4/18/18,1.67,1.81,2.01,2.17,2.42,,
4/19/18,1.67,1.82,2.01,2.21,2.44,,
4/20/18,1.65,1.81,2.01,2.22,2.46,,
4/23/18,1.69,1.87,2.04,2.25,2.49,,
4/24/18,1.7,1.87,2.05,2.25,2.48,,
4/25/18,1.65,1.85,2.03,2.26,2.49,,
4/26/18,1.62,1.82,2.02,2.25,2.49,,
4/27/18,1.62,1.82,2.02,2.24,2.49,,
4/30/18,1.65,1.87,2.04,2.24,2.49,,
5/1/18,1.68,1.85,2.05,2.26,2.5,,
5/2/18,1.69,1.84,2.03,2.24,2.49,,
5/3/18,1.68,1.84,2.02,2.24,2.49,,
5/4/18,1.67,1.84,2.03,2.24,2.51,,
5/7/18,1.69,1.86,2.05,2.25,2.49,,
5/8/18,1.69,1.87,2.05,2.26,2.51,,
5/9/18,1.68,1.88,2.05,2.27,2.54,,
5/10/18,1.69,1.9,2.05,2.27,2.54,,
5/11/18,1.68,1.92,2.06,2.28,2.54,,
5/14/18,1.7,1.93,2.09,2.28,2.55,,
5/15/18,1.69,1.92,2.09,2.31,2.58,,
5/16/18,1.69,1.92,2.09,2.32,2.58,,
5/17/18,1.7,1.92,2.1,2.32,2.57,,
5/18/18,1.68,1.91,2.09,2.32,2.55,,
5/21/18,1.71,1.93,2.14,2.35,2.58,,
5/22/18,1.73,1.93,2.13,2.34,2.59,,
5/23/18,1.76,1.92,2.11,2.29,2.53,,
5/24/18,1.74,1.91,2.09,2.28,2.5,,
5/25/18,1.7,1.9,2.07,2.27,2.48,,
5/28/18,.,.,.,.,.,,
5/29/18,1.77,1.93,2.06,2.17,2.32,,
5/30/18,1.77,1.94,2.08,2.23,2.42,,
5/31/18,1.76,1.93,2.08,2.23,2.4,,
6/1/18,1.74,1.92,2.1,2.28,2.47,,
6/4/18,1.77,1.94,2.13,2.3,2.52,,
6/5/18,1.82,1.94,2.13,2.32,2.49,,
6/6/18,1.81,1.95,2.13,2.32,2.52,,
6/7/18,1.78,1.94,2.12,2.31,2.5,,
6/8/18,1.78,1.93,2.12,2.3,2.5,,
6/11/18,1.82,1.94,2.11,2.32,2.52,,
6/12/18,1.81,1.92,2.1,2.31,2.54,,
6/13/18,1.82,1.94,2.09,2.35,2.59,,
6/14/18,1.81,1.94,2.07,2.35,2.59,,
6/15/18,1.82,1.94,2.07,2.35,2.55,,
6/18/18,1.84,1.94,2.13,2.35,2.56,,
6/19/18,1.85,1.94,2.13,2.34,2.54,,
6/20/18,1.85,1.94,2.14,2.36,2.56,,
6/21/18,1.85,1.94,2.12,2.34,2.56,,
6/22/18,1.83,1.93,2.11,2.33,2.56,,
6/25/18,1.8,1.93,2.13,2.34,2.54,,
6/26/18,1.79,1.93,2.14,2.33,2.53,,
6/27/18,1.79,1.93,2.1,2.33,2.52,,
6/28/18,1.76,1.93,2.11,2.33,2.52,,
6/29/18,1.77,1.93,2.11,2.33,2.52,,