Datetime,Timestamp,Price
2008-07-30,1217390400,22.84
2008-07-31,1217476800,22.7071
2008-08-01,1217563200,22.38
2008-08-04,1217822400,21.89
2008-08-05,1217908800,22.9486
2008-08-06,1217995200,23.4557
2008-08-07,1218081600,23.3671
2008-08-08,1218168000,24.2214
2008-08-11,1218427200,24.7943
2008-08-12,1218513600,25.2471
2008-08-13,1218600000,25.6143
2008-08-14,1218686400,25.6171
2008-08-15,1218772800,25.1057
2008-08-18,1219032000,25.0557
2008-08-19,1219118400,24.79
2008-08-20,1219204800,25.12
2008-08-21,1219291200,24.8986
2008-08-22,1219377600,25.2557
2008-08-25,1219636800,24.65
2008-08-26,1219723200,24.8057
2008-08-27,1219809600,24.9528
2008-08-28,1219896000,24.82
2008-08-29,1219982400,24.2186
2008-09-02,1220328000,23.7414
2008-09-03,1220414400,23.8514
2008-09-04,1220500800,23.0314
2008-09-05,1220587200,22.8829
2008-09-08,1220846400,22.56
2008-09-09,1220932800,21.6686
2008-09-10,1221019200,21.6586
2008-09-11,1221105600,21.8071
2008-09-12,1221192000,21.2771
2008-09-15,1221451200,20.0514
2008-09-16,1221537600,19.9829
2008-09-17,1221624000,18.2614
2008-09-18,1221710400,19.1557
2008-09-19,1221796800,20.13
2008-09-22,1222056000,18.7214
2008-09-23,1222142400,18.12
2008-09-24,1222228800,18.3871
2008-09-25,1222315200,18.8471
2008-09-26,1222401600,18.32
2008-09-29,1222660800,15.0371
2008-09-30,1222747200,16.2371
2008-10-01,1222833600,15.5886
2008-10-02,1222920000,14.3
2008-10-03,1223006400,13.8671
2008-10-06,1223265600,14.02
2008-10-07,1223352000,12.7371
2008-10-08,1223438400,12.8271
2008-10-09,1223524800,12.6771
2008-10-10,1223611200,13.8286
2008-10-13,1223870400,15.7514
2008-10-14,1223956800,14.8686
2008-10-15,1224043200,13.9929
2008-10-16,1224129600,14.5557
2008-10-17,1224216000,13.9143
2008-10-20,1224475200,14.0629
2008-10-21,1224561600,13.07
2008-10-22,1224648000,13.8386
2008-10-23,1224734400,14.0329
2008-10-24,1224820800,13.7686
2008-10-27,1225080000,13.1557
2008-10-28,1225166400,14.2729
2008-10-29,1225252800,14.9357
2008-10-30,1225339200,15.8629
2008-10-31,1225425600,15.37
2008-11-03,1225688400,15.28
2008-11-04,1225774800,15.8557
2008-11-05,1225861200,14.7571
2008-11-06,1225947600,14.1571
2008-11-07,1226034000,14.0343
2008-11-10,1226293200,13.6971
2008-11-11,1226379600,13.5386
2008-11-12,1226466000,12.8743
2008-11-13,1226552400,13.7771
2008-11-14,1226638800,12.8914
2008-11-17,1226898000,12.5914
2008-11-18,1226984400,12.8443
2008-11-19,1227070800,12.3271
2008-11-20,1227157200,11.4986
2008-11-21,1227243600,11.7971
2008-11-24,1227502800,13.2786
2008-11-25,1227589200,12.9714
2008-11-26,1227675600,13.5714
2008-11-28,1227848400,13.2386
2008-12-01,1228107600,12.7043
2008-12-02,1228194000,13.21
2008-12-03,1228280400,13.7
2008-12-04,1228366800,13.0586
2008-12-05,1228453200,13.4286
2008-12-08,1228712400,14.2457
2008-12-09,1228798800,14.2943
2008-12-10,1228885200,14.03
2008-12-11,1228971600,13.5714
2008-12-12,1229058000,14.0386
2008-12-15,1229317200,13.5357
2008-12-16,1229403600,13.6329
2008-12-17,1229490000,12.7371
2008-12-18,1229576400,12.7757
2008-12-19,1229662800,12.8571
2008-12-22,1229922000,12.2486
2008-12-23,1230008400,12.34
2008-12-24,1230094800,12.1486
2008-12-26,1230267600,12.2586
2008-12-29,1230526800,12.3729
2008-12-30,1230613200,12.3271
2008-12-31,1230699600,12.1929
2009-01-02,1230872400,12.9643
2009-01-05,1231131600,13.5114
2009-01-06,1231218000,13.2886
2009-01-07,1231304400,13.0014
2009-01-08,1231390800,13.2429
2009-01-09,1231477200,12.94
2009-01-12,1231736400,12.6657
2009-01-13,1231822800,12.53
2009-01-14,1231909200,12.19
2009-01-15,1231995600,11.9114
2009-01-16,1232082000,11.7614
2009-01-20,1232427600,11.1714
2009-01-21,1232514000,11.8329
2009-01-22,1232600400,12.6229
2009-01-23,1232686800,12.6229
2009-01-26,1232946000,12.8057
2009-01-27,1233032400,12.9614
2009-01-28,1233118800,13.4571
2009-01-29,1233205200,13.2857
2009-01-30,1233291600,12.8757
2009-02-02,1233550800,13.0729
2009-02-03,1233637200,13.2829
2009-02-04,1233723600,13.3643
2009-02-05,1233810000,13.78
2009-02-06,1233896400,14.2457
2009-02-09,1234155600,14.6443
2009-02-10,1234242000,13.9757
2009-02-11,1234328400,13.8314
2009-02-12,1234414800,14.1814
2009-02-13,1234501200,14.1657
2009-02-17,1234846800,13.5043
2009-02-18,1234933200,13.4814
2009-02-19,1235019600,12.9486
2009-02-20,1235106000,13.0286
2009-02-23,1235365200,12.4214
2009-02-24,1235451600,12.8929
2009-02-25,1235538000,13.0229
2009-02-26,1235624400,12.7414
2009-02-27,1235710800,12.7586
2009-03-02,1235970000,12.5629
2009-03-03,1236056400,12.6243
2009-03-04,1236142800,13.0243
2009-03-05,1236229200,12.6914
2009-03-06,1236315600,12.1857
2009-03-09,1236571200,11.8729
2009-03-10,1236657600,12.6611
2009-03-11,1236744000,13.24
2009-03-12,1236830400,13.7643
2009-03-13,1236916800,13.7043
2009-03-16,1237176000,13.6314
2009-03-17,1237262400,14.2371
2009-03-18,1237348800,14.5029
2009-03-19,1237435200,14.5171
2009-03-20,1237521600,14.5129
2009-03-23,1237780800,15.38
2009-03-24,1237867200,15.2144
2009-03-25,1237953600,15.2129
2009-03-26,1238040000,15.6957
2009-03-27,1238126400,15.2643
2009-03-30,1238385600,14.9271
2009-03-31,1238472000,15.0171
2009-04-01,1238558400,15.5271
2009-04-02,1238644800,16.1014
2009-04-03,1238731200,16.57
2009-04-06,1238990400,16.9214
2009-04-07,1239076800,16.4286
2009-04-08,1239163200,16.6171
2009-04-09,1239249600,17.0814
2009-04-10,1239336000,17.1743
2009-04-13,1239595200,16.9014
2009-04-14,1239681600,16.8057
2009-04-15,1239768000,17.35
2009-04-16,1239854400,17.6314
2009-04-17,1239940800,17.2143
2009-04-20,1240200000,17.3943
2009-04-21,1240286400,17.3586
2009-04-22,1240372800,17.9143
2009-04-23,1240459200,17.7
2009-04-24,1240545600,17.8186
2009-04-27,1240804800,17.7003
2009-04-28,1240891200,17.8771
2009-04-29,1240977600,17.9757
2009-04-30,1241064000,18.1771
2009-05-01,1241150400,18.8671
2009-05-04,1241409600,18.9586
2009-05-05,1241496000,18.9286
2009-05-06,1241582400,18.4371
2009-05-07,1241668800,18.4557
2009-05-08,1241755200,18.51
2009-05-11,1242014400,17.7743
2009-05-12,1242100800,17.07
2009-05-13,1242187200,17.5643
2009-05-14,1242273600,17.4886
2009-05-15,1242360000,18.0929
2009-05-18,1242619200,18.2071
2009-05-19,1242705600,17.9814
2009-05-20,1242792000,17.74
2009-05-21,1242878400,17.5
2009-05-22,1242964800,18.6829
2009-05-26,1243310400,19.0071
2009-05-27,1243396800,19.2957
2009-05-28,1243483200,19.4014
2009-05-29,1243569600,19.9071
2009-06-01,1243828800,19.9271
2009-06-02,1243915200,20.1357
2009-06-03,1244001600,20.5343
2009-06-04,1244088000,20.6671
2009-06-05,1244174400,20.55
2009-06-08,1244433600,20.3886
2009-06-09,1244520000,20.0357
2009-06-10,1244606400,19.9929
2009-06-11,1244692800,19.5671
2009-06-12,1244779200,19.4414
2009-06-15,1245038400,19.4786
2009-06-16,1245124800,19.3686
2009-06-17,1245211200,19.4114
2009-06-18,1245297600,19.9257
2009-06-19,1245384000,19.6243
2009-06-22,1245643200,19.1443
2009-06-23,1245729600,19.46
2009-06-24,1245816000,19.98
2009-06-25,1245902400,20.3486
2009-06-26,1245988800,20.2814
2009-06-29,1246248000,20.3471
2009-06-30,1246334400,20.4043
2009-07-01,1246420800,20.0029
2009-07-02,1246507200,19.8014
2009-07-06,1246852800,19.3429
2009-07-07,1246939200,19.6029
2009-07-08,1247025600,19.48
2009-07-09,1247112000,19.7886
2009-07-10,1247198400,20.3343
2009-07-13,1247457600,20.3243
2009-07-14,1247544000,20.9829
2009-07-15,1247630400,21.0743
2009-07-16,1247716800,21.6786
2009-07-17,1247803200,21.8441
2009-07-20,1248062400,21.6443
2009-07-21,1248148800,22.3914
2009-07-22,1248235200,22.5457
2009-07-23,1248321600,22.8551
2009-07-24,1248408000,22.8714
2009-07-27,1248667200,22.8571
2009-07-28,1248753600,22.8614
2009-07-29,1248840000,23.2557
2009-07-30,1248926400,23.3414
2009-07-31,1249012800,23.7757
2009-08-03,1249272000,23.65
2009-08-04,1249358400,23.5871
2009-08-05,1249444800,23.4157
2009-08-06,1249531200,23.6443
2009-08-07,1249617600,23.5314
2009-08-10,1249876800,23.2614
2009-08-11,1249963200,23.6157
2009-08-12,1250049600,24.06
2009-08-13,1250136000,23.8257
2009-08-14,1250222400,22.7986
2009-08-17,1250481600,23.4286
2009-08-18,1250568000,23.5143
2009-08-19,1250654400,23.7614
2009-08-20,1250740800,24.1743
2009-08-21,1250827200,24.1514
2009-08-24,1251086400,24.2
2009-08-25,1251172800,23.9157
2009-08-26,1251259200,24.2071
2009-08-27,1251345600,24.2928
2009-08-28,1251432000,24.03
2009-08-31,1251691200,23.614
2009-09-01,1251777600,23.5971
2009-09-02,1251864000,23.7929
2009-09-03,1251950400,24.33
2009-09-04,1252036800,24.7043
2009-09-08,1252382400,24.4486
2009-09-09,1252468800,24.6514
2009-09-10,1252555200,24.5943
2009-09-11,1252641600,24.8171
2009-09-14,1252900800,25.0228
2009-09-15,1252987200,25.9814
2009-09-16,1253073600,26.3643
2009-09-17,1253160000,26.4314
2009-09-18,1253246400,26.2886
2009-09-21,1253505600,26.3543
2009-09-22,1253592000,26.5
2009-09-23,1253678400,26.26
2009-09-24,1253764800,26.0528
2009-09-25,1253851200,26.5931
2009-09-28,1254110400,26.4828
2009-09-29,1254196800,26.4786
2009-09-30,1254283200,25.8371
2009-10-01,1254369600,26.4143
2009-10-02,1254456000,26.5748
2009-10-05,1254715200,27.1443
2009-10-06,1254801600,27.1786
2009-10-07,1254888000,27.0386
2009-10-08,1254974400,27.21
2009-10-09,1255060800,27.2586
2009-10-12,1255320000,27.1457
2009-10-13,1255406400,27.3271
2009-10-14,1255492800,27.2228
2009-10-15,1255579200,26.8643
2009-10-16,1255665600,27.1228
2009-10-19,1255924800,28.3943
2009-10-20,1256011200,29.2743
2009-10-21,1256097600,29.3143
2009-10-22,1256184000,29.1343
2009-10-23,1256270400,28.9257
2009-10-26,1256529600,28.1957
2009-10-27,1256616000,27.4857
2009-10-28,1256702400,28.05
2009-10-29,1256788800,28.05
2009-10-30,1256875200,26.9286
2009-11-02,1257138000,27.0443
2009-11-03,1257224400,26.9643
2009-11-04,1257310800,27.2586
2009-11-05,1257397200,27.7186
2009-11-06,1257483600,27.7628
2009-11-09,1257742800,28.78
2009-11-10,1257829200,28.9971
2009-11-11,1257915600,29.0357
2009-11-12,1258002000,28.8557
2009-11-13,1258088400,29.2071
2009-11-16,1258347600,29.5186
2009-11-17,1258434000,29.5714
2009-11-18,1258520400,29.4228
2009-11-19,1258606800,28.6443
2009-11-20,1258693200,28.56
2009-11-23,1258952400,29.4114
2009-11-24,1259038800,29.2057
2009-11-25,1259125200,29.17
2009-11-27,1259298000,28.6557
2009-11-30,1259557200,28.5586
2009-12-01,1259643600,28.1386
2009-12-02,1259730000,28.0328
2009-12-03,1259816400,28.0686
2009-12-04,1259902800,27.6171
2009-12-07,1260162000,26.9928
2009-12-08,1260248400,27.1243
2009-12-09,1260334800,28.2571
2009-12-10,1260421200,28.0614
2009-12-11,1260507600,27.81
2009-12-14,1260766800,28.14
2009-12-15,1260853200,27.7386
2009-12-16,1260939600,27.8614
2009-12-17,1261026000,27.4086
2009-12-18,1261112400,27.9186
2009-12-21,1261371600,28.3186
2009-12-22,1261458000,28.6228
2009-12-23,1261544400,28.8714
2009-12-24,1261630800,29.8628
2009-12-28,1261976400,30.23
2009-12-29,1262062800,29.8714
2009-12-30,1262149200,30.2343
2009-12-31,1262235600,30.1046
2010-01-04,1262581200,30.5728
2010-01-05,1262667600,30.6257
2010-01-06,1262754000,30.1386
2010-01-07,1262840400,30.0828
2010-01-08,1262926800,30.2828
2010-01-11,1263186000,30.0157
2010-01-12,1263272400,29.6743
2010-01-13,1263358800,30.0928
2010-01-14,1263445200,29.9186
2010-01-15,1263531600,29.4186
2010-01-19,1263877200,30.72
2010-01-20,1263963600,30.2464
2010-01-21,1264050000,29.7246
2010-01-22,1264136400,28.25
2010-01-25,1264395600,29.0107
2010-01-26,1264482000,29.42
2010-01-27,1264568400,29.6977
2010-01-28,1264654800,28.47
2010-01-29,1264741200,27.4376
2010-02-01,1265000400,27.8186
2010-02-02,1265086800,27.98
2010-02-03,1265173200,28.4614
2010-02-04,1265259600,27.4357
2010-02-05,1265346000,27.9228
2010-02-08,1265605200,27.7314
2010-02-09,1265691600,28.0271
2010-02-10,1265778000,27.8737
2010-02-11,1265864400,28.3814
2010-02-12,1265950800,28.6257
2010-02-16,1266296400,29.0571
2010-02-17,1266382800,28.9357
2010-02-18,1266469200,28.9897
2010-02-19,1266555600,28.81
2010-02-22,1266814800,28.6308
2010-02-23,1266901200,28.1513
2010-02-24,1266987600,28.6651
2010-02-25,1267074000,28.8571
2010-02-26,1267160400,29.2314
2010-03-01,1267419600,29.8557
2010-03-02,1267506000,29.8357
2010-03-03,1267592400,29.9043
2010-03-04,1267678800,30.1014
2010-03-05,1267765200,31.2786
2010-03-08,1268024400,31.2971
2010-03-09,1268110800,31.86
2010-03-10,1268197200,32.12
2010-03-11,1268283600,32.2143
2010-03-12,1268370000,32.3714
2010-03-15,1268625600,31.9771
2010-03-16,1268712000,32.0643
2010-03-17,1268798400,32.0171
2010-03-18,1268884800,32.0928
2010-03-19,1268971200,31.75
2010-03-22,1269230400,32.1071
2010-03-23,1269316800,32.6228
2010-03-24,1269403200,32.7671
2010-03-25,1269489600,32.3786
2010-03-26,1269576000,32.9857
2010-03-29,1269835200,33.1986
2010-03-30,1269921600,33.6921
2010-03-31,1270008000,33.5714
2010-04-01,1270094400,33.71
2010-04-02,1270180800,34.07
2010-04-05,1270440000,34.22
2010-04-06,1270526400,34.3714
2010-04-07,1270612800,34.2786
2010-04-08,1270699200,34.5414
2010-04-09,1270785600,34.6128
2010-04-12,1271044800,34.6328
2010-04-13,1271131200,35.0986
2010-04-14,1271217600,35.56
2010-04-15,1271304000,35.3428
2010-04-16,1271390400,35.2957
2010-04-19,1271649600,34.9414
2010-04-20,1271736000,37.0314
2010-04-21,1271822400,38.0671
2010-04-22,1271908800,38.69
2010-04-23,1271995200,38.5
2010-04-26,1272254400,37.4343
2010-04-27,1272340800,37.3714
2010-04-28,1272427200,38.3771
2010-04-29,1272513600,37.2986
2010-04-30,1272600000,38.05
2010-05-03,1272859200,36.9543
2010-05-04,1272945600,36.5693
2010-05-05,1273032000,35.1786
2010-05-06,1273118400,33.6943
2010-05-07,1273204800,36.2843
2010-05-10,1273464000,36.6457
2010-05-11,1273550400,37.4414
2010-05-12,1273636800,36.9086
2010-05-13,1273723200,36.26
2010-05-14,1273809600,36.3171
2010-05-17,1274068800,36.0514
2010-05-18,1274155200,35.4771
2010-05-19,1274241600,33.9657
2010-05-20,1274328000,34.6171
2010-05-21,1274414400,35.2514
2010-05-24,1274673600,35.0314
2010-05-25,1274760000,34.8727
2010-05-26,1274846400,36.1928
2010-05-27,1274932800,36.6971
2010-05-28,1275019200,37.2614
2010-06-01,1275364800,37.7071
2010-06-02,1275451200,37.5886
2010-06-03,1275537600,36.5664
2010-06-04,1275624000,35.8486
2010-06-07,1275883200,35.6186
2010-06-08,1275969600,34.7428
2010-06-09,1276056000,35.7871
2010-06-10,1276142400,36.2157
2010-06-11,1276228800,36.3257
2010-06-14,1276488000,37.0986
2010-06-15,1276574400,38.1786
2010-06-16,1276660800,38.8386
2010-06-17,1276747200,39.1534
2010-06-18,1276833600,38.5957
2010-06-21,1277092800,39.1214
2010-06-22,1277179200,38.71
2010-06-23,1277265600,38.4286
2010-06-24,1277352000,38.1
2010-06-25,1277438400,38.3286
2010-06-28,1277697600,36.5957
2010-06-29,1277784000,35.9328
2010-06-30,1277870400,35.4971
2010-07-01,1277956800,35.2771
2010-07-02,1278043200,35.5186
2010-07-06,1278388800,36.9521
2010-07-07,1278475200,36.87
2010-07-08,1278561600,37.0886
2010-07-09,1278648000,36.755
2010-07-12,1278907200,35.9711
2010-07-13,1278993600,36.1038
2010-07-14,1279080000,35.9214
2010-07-15,1279166400,35.7
2010-07-16,1279252800,35.0828
2010-07-19,1279512000,35.9843
2010-07-20,1279598400,36.32
2010-07-21,1279684800,37.0034
2010-07-22,1279771200,37.1343
2010-07-23,1279857600,37.04
2010-07-26,1280116800,37.7257
2010-07-27,1280203200,37.28
2010-07-28,1280289600,36.8728
2010-07-29,1280376000,36.75
2010-07-30,1280462400,37.4071
2010-08-02,1280721600,37.4186
2010-08-03,1280808000,37.5686
2010-08-04,1280894400,37.3857
2010-08-05,1280980800,37.1558
2010-08-06,1281067200,37.3928
2010-08-09,1281326400,37.0586
2010-08-10,1281412800,35.7414
2010-08-11,1281499200,35.97
2010-08-12,1281585600,35.5857
2010-08-13,1281672000,35.3771
2010-08-16,1281931200,35.9957
2010-08-17,1282017600,36.1528
2010-08-18,1282104000,35.6971
2010-08-19,1282190400,35.6628
2010-08-20,1282276800,35.1143
2010-08-23,1282536000,34.2757
2010-08-24,1282622400,34.6986
2010-08-25,1282708800,34.3257
2010-08-26,1282795200,34.5171
2010-08-27,1282881600,34.6428
2010-08-30,1283140800,34.7286
2010-08-31,1283227200,35.7614
2010-09-01,1283313600,36.0243
2010-09-02,1283400000,36.9671
2010-09-03,1283486400,36.83
2010-09-07,1283832000,37.56
2010-09-08,1283918400,37.5814
2010-09-09,1284004800,37.63
2010-09-10,1284091200,38.1486
2010-09-13,1284350400,38.2943
2010-09-14,1284436800,38.6028
2010-09-15,1284523200,39.51
2010-09-16,1284609600,39.3386
2010-09-17,1284696000,40.4614
2010-09-20,1284955200,40.5386
2010-09-21,1285041600,41.1071
2010-09-22,1285128000,41.2743
2010-09-23,1285214400,41.76
2010-09-24,1285300800,41.5948
2010-09-27,1285560000,40.98
2010-09-28,1285646400,41.0528
2010-09-29,1285732800,40.5357
2010-09-30,1285819200,40.36
2010-10-01,1285905600,39.8057
2010-10-04,1286164800,41.2771
2010-10-05,1286251200,41.3128
2010-10-06,1286337600,41.3171
2010-10-07,1286424000,42.01
2010-10-08,1286510400,42.1943
2010-10-11,1286769600,42.6486
2010-10-12,1286856000,42.8771
2010-10-13,1286942400,43.1871
2010-10-14,1287028800,44.9628
2010-10-15,1287115200,45.4286
2010-10-18,1287374400,44.2128
2010-10-19,1287460800,44.3614
2010-10-20,1287547200,44.2171
2010-10-21,1287633600,43.9243
2010-10-22,1287720000,44.12
2010-10-25,1287979200,44.0071
2010-10-26,1288065600,43.9757
2010-10-27,1288152000,43.6057
2010-10-28,1288238400,42.9971
2010-10-29,1288324800,43.4543
2010-11-01,1288584000,44.1943
2010-11-02,1288670400,44.6857
2010-11-03,1288756800,45.4671
2010-11-04,1288843200,45.3043
2010-11-05,1288929600,45.5171
2010-11-08,1289192400,45.1543
2010-11-09,1289278800,45.4328
2010-11-10,1289365200,45.2364
2010-11-11,1289451600,44.0043
2010-11-12,1289538000,43.8621
2010-11-15,1289797200,43.0843
2010-11-16,1289883600,42.9286
2010-11-17,1289970000,44.0614
2010-11-18,1290056400,43.8186
2010-11-19,1290142800,44.7657
2010-11-22,1290402000,44.1043
2010-11-23,1290488400,44.9707
2010-11-24,1290574800,45.0
2010-11-26,1290747600,45.2671
2010-11-29,1291006800,44.45
2010-11-30,1291093200,45.2
2010-12-01,1291179600,45.45
2010-12-02,1291266000,45.3486
2010-12-03,1291352400,45.7357
2010-12-06,1291611600,45.4586
2010-12-07,1291698000,45.8586
2010-12-08,1291784400,45.6796
2010-12-09,1291870800,45.7943
2010-12-10,1291957200,45.9528
2010-12-13,1292216400,45.7557
2010-12-14,1292302800,45.7657
2010-12-15,1292389200,45.8928
2010-12-16,1292475600,45.8014
2010-12-17,1292562000,46.03
2010-12-20,1292821200,46.315
2010-12-21,1292907600,46.4514
2010-12-22,1292994000,46.2286
2010-12-23,1293080400,46.3828
2010-12-27,1293426000,46.4957
2010-12-28,1293512400,46.47
2010-12-29,1293598800,46.2371
2010-12-30,1293685200,46.08
2011-01-03,1294030800,47.0814
2011-01-04,1294117200,47.3271
2011-01-05,1294203600,47.7143
2011-01-06,1294290000,47.6757
2011-01-07,1294376400,48.0171
2011-01-10,1294635600,48.9221
2011-01-11,1294722000,48.8057
2011-01-12,1294808400,49.2028
2011-01-13,1294894800,49.3828
2011-01-14,1294981200,49.7828
2011-01-18,1295326800,48.6643
2011-01-19,1295413200,48.4057
2011-01-20,1295499600,47.5257
2011-01-21,1295586000,46.6743
2011-01-24,1295845200,48.2071
2011-01-25,1295931600,48.7714
2011-01-26,1296018000,49.1214
2011-01-27,1296104400,49.03
2011-01-28,1296190800,48.0143
2011-01-31,1296450000,49.29
2011-02-01,1296536400,48.4743
2011-02-02,1296622800,49.29
2011-02-03,1296709200,49.1886
2011-02-04,1296795600,49.0628
2011-02-07,1297054800,49.5
2011-02-08,1297141200,50.2686
2011-02-09,1297227600,50.7428
2011-02-10,1297314000,51.1657
2011-02-11,1297400400,50.6486
2011-02-14,1297659600,50.9786
2011-02-15,1297746000,51.3114
2011-02-16,1297832400,51.4143
2011-02-17,1297918800,51.8757
2011-02-18,1298005200,51.1857
2011-02-22,1298350800,50.08
2011-02-23,1298437200,48.3728
2011-02-24,1298523600,48.9457
2011-02-25,1298610000,48.9828
2011-02-28,1298869200,49.7371
2011-03-01,1298955600,50.4586
2011-03-02,1299042000,49.9014
2011-03-03,1299128400,50.3028
2011-03-04,1299214800,51.3657
2011-03-07,1299474000,51.4286
2011-03-08,1299560400,50.7657
2011-03-09,1299646800,50.8228
2011-03-10,1299733200,50.3528
2011-03-11,1299819600,49.5243
2011-03-14,1300075200,50.2843
2011-03-15,1300161600,50.5086
2011-03-16,1300248000,49.3471
2011-03-17,1300334400,47.1443
2011-03-18,1300420800,47.8057
2011-03-21,1300680000,47.2386
2011-03-22,1300766400,48.4714
2011-03-23,1300852800,48.7428
2011-03-24,1300939200,48.4557
2011-03-25,1301025600,49.2814
2011-03-28,1301284800,50.22
2011-03-29,1301371200,50.0628
2011-03-30,1301457600,50.1371
2011-03-31,1301544000,49.8043
2011-04-01,1301630400,49.7868
2011-04-04,1301889600,49.2228
2011-04-05,1301976000,48.7414
2011-04-06,1302062400,48.4128
2011-04-07,1302148800,48.2914
2011-04-08,1302235200,48.2971
2011-04-11,1302494400,47.8657
2011-04-12,1302580800,47.2571
2011-04-13,1302667200,47.4857
2011-04-14,1302753600,48.0186
2011-04-15,1302840000,47.4886
2011-04-18,1303099200,46.78
2011-04-19,1303185600,47.4071
2011-04-20,1303272000,48.2657
2011-04-21,1303358400,48.9157
2011-04-22,1303444800,50.0994
2011-04-25,1303704000,50.4298
2011-04-26,1303790400,50.06
2011-04-27,1303876800,50.0214
2011-04-28,1303963200,49.5357
2011-04-29,1304049600,50.0186
2011-05-02,1304308800,49.4686
2011-05-03,1304395200,49.7428
2011-05-04,1304481600,49.9386
2011-05-05,1304568000,49.5357
2011-05-06,1304654400,49.5228
2011-05-09,1304913600,49.6571
2011-05-10,1305000000,49.9214
2011-05-11,1305086400,49.6043
2011-05-12,1305172800,49.51
2011-05-13,1305259200,48.6428
2011-05-16,1305518400,47.6143
2011-05-17,1305604800,48.02
2011-05-18,1305691200,48.5528
2011-05-19,1305777600,48.6471
2011-05-20,1305864000,47.8886
2011-05-23,1306123200,47.7714
2011-05-24,1306209600,47.4557
2011-05-25,1306296000,48.1114
2011-05-26,1306382400,47.8571
2011-05-27,1306468800,48.2014
2011-05-31,1306814400,49.69
2011-06-01,1306900800,49.3586
2011-06-02,1306987200,49.4431
2011-06-03,1307073600,49.0628
2011-06-06,1307332800,48.2914
2011-06-07,1307419200,47.4343
2011-06-08,1307505600,47.4628
2011-06-09,1307592000,47.3557
2011-06-10,1307678400,46.5571
2011-06-13,1307937600,46.6571
2011-06-14,1308024000,47.4914
2011-06-15,1308110400,46.6786
2011-06-16,1308196800,46.4514
2011-06-17,1308283200,45.7514
2011-06-20,1308542400,45.0457
2011-06-21,1308628800,46.4714
2011-06-22,1308715200,46.0871
2011-06-23,1308801600,47.3186
2011-06-24,1308888000,46.6214
2011-06-27,1309147200,47.4343
2011-06-28,1309233600,47.8943
2011-06-29,1309320000,47.72
2011-06-30,1309406400,47.9528
2011-07-01,1309492800,49.0371
2011-07-05,1309838400,49.9186
2011-07-06,1309924800,50.2514
2011-07-07,1310011200,51.0286
2011-07-08,1310097600,51.3871
2011-07-11,1310356800,50.5714
2011-07-12,1310443200,50.5357
2011-07-13,1310529600,51.1457
2011-07-14,1310616000,51.11
2011-07-15,1310702400,52.1314
2011-07-18,1310961600,53.4
2011-07-19,1311048000,53.8357
2011-07-20,1311134400,55.2714
2011-07-21,1311220800,55.3271
2011-07-22,1311307200,56.1857
2011-07-25,1311566400,56.9286
2011-07-26,1311652800,57.63
2011-07-27,1311739200,56.0843
2011-07-28,1311825600,55.9743
2011-07-29,1311912000,55.7828
2011-08-01,1312171200,56.6786
2011-08-02,1312257600,55.5586
2011-08-03,1312344000,56.0814
2011-08-04,1312430400,53.91
2011-08-05,1312516800,53.3743
2011-08-08,1312776000,50.4586
2011-08-09,1312862400,53.43
2011-08-10,1312948800,51.9557
2011-08-11,1313035200,53.3857
2011-08-12,1313121600,53.8557
2011-08-15,1313380800,54.7728
2011-08-16,1313467200,54.3543
2011-08-17,1313553600,54.3486
2011-08-18,1313640000,52.2928
2011-08-19,1313726400,50.8614
2011-08-22,1313985600,50.92
2011-08-23,1314072000,53.3714
2011-08-24,1314158400,53.74
2011-08-25,1314244800,53.3886
2011-08-26,1314331200,54.7971
2011-08-29,1314590400,55.71
2011-08-30,1314676800,55.7128
2011-08-31,1314763200,54.9757
2011-09-01,1314849600,54.4328
2011-09-02,1314936000,53.4357
2011-09-06,1315281600,54.2486
2011-09-07,1315368000,54.8471
2011-09-08,1315454400,54.8771
2011-09-09,1315540800,53.9257
2011-09-12,1315800000,54.2771
2011-09-13,1315886400,54.9457
2011-09-14,1315972800,55.6143
2011-09-15,1316059200,56.1371
2011-09-16,1316145600,57.2143
2011-09-19,1316404800,58.8043
2011-09-20,1316491200,59.0643
2011-09-21,1316577600,58.8771
2011-09-22,1316664000,57.4028
2011-09-23,1316750400,57.7571
2011-09-26,1317009600,57.5957
2011-09-27,1317096000,57.0371
2011-09-28,1317182400,56.7157
2011-09-29,1317268800,55.7957
2011-09-30,1317355200,54.4743
2011-10-03,1317614400,53.5143
2011-10-04,1317700800,53.2143
2011-10-05,1317787200,54.0357
2011-10-06,1317873600,53.91
2011-10-07,1317960000,52.8286
2011-10-10,1318219200,55.5443
2011-10-11,1318305600,57.1843
2011-10-12,1318392000,57.4557
2011-10-13,1318478400,58.3471
2011-10-14,1318564800,60.2857
2011-10-17,1318824000,59.9986
2011-10-18,1318910400,60.32
2011-10-19,1318996800,56.9457
2011-10-20,1319083200,56.4728
2011-10-21,1319169600,56.1243
2011-10-24,1319428800,57.9671
2011-10-25,1319515200,56.8243
2011-10-26,1319601600,57.2286
2011-10-27,1319688000,57.8128
2011-10-28,1319774400,57.85
2011-10-31,1320033600,57.8257
2011-11-01,1320120000,56.6443
2011-11-02,1320206400,56.7728
2011-11-03,1320292800,57.5814
2011-11-04,1320379200,57.1771
2011-11-07,1320642000,57.1043
2011-11-08,1320728400,58.0328
2011-11-09,1320814800,56.4686
2011-11-10,1320901200,55.0314
2011-11-11,1320987600,54.9457
2011-11-14,1321246800,54.18
2011-11-15,1321333200,55.5471
2011-11-16,1321419600,54.9671
2011-11-17,1321506000,53.9157
2011-11-18,1321592400,53.5628
2011-11-21,1321851600,52.7157
2011-11-22,1321938000,53.7871
2011-11-23,1322024400,52.4271
2011-11-25,1322197200,51.9386
2011-11-28,1322456400,53.7314
2011-11-29,1322542800,53.3143
2011-11-30,1322629200,54.6
2011-12-01,1322715600,55.4186
2011-12-02,1322802000,55.6714
2011-12-05,1323061200,56.1443
2011-12-06,1323147600,55.85
2011-12-07,1323234000,55.5843
2011-12-08,1323320400,55.8086
2011-12-09,1323406800,56.2314
2011-12-12,1323666000,55.9771
2011-12-13,1323752400,55.5443
2011-12-14,1323838800,54.3128
2011-12-15,1323925200,54.1343
2011-12-16,1324011600,54.4314
2011-12-19,1324270800,54.6014
2011-12-20,1324357200,56.5643
2011-12-21,1324443600,56.635
2011-12-22,1324530000,56.9357
2011-12-23,1324616400,57.6186
2011-12-27,1324962000,58.0757
2011-12-28,1325048400,57.52
2011-12-29,1325134800,57.8743
2011-12-30,1325221200,57.8571
2012-01-03,1325566800,58.7471
2012-01-04,1325653200,59.0628
2012-01-05,1325739600,59.7186
2012-01-06,1325826000,60.3428
2012-01-09,1326085200,60.2471
2012-01-10,1326171600,60.4628
2012-01-11,1326258000,60.3643
2012-01-12,1326344400,60.1986
2012-01-13,1326430800,59.9728
2012-01-17,1326776400,60.6714
2012-01-18,1326862800,61.3014
2012-01-19,1326949200,61.1071
2012-01-20,1327035600,60.0428
2012-01-23,1327294800,61.0584
2012-01-24,1327381200,60.0586
2012-01-25,1327467600,63.8086
2012-01-26,1327554000,63.5186
2012-01-27,1327640400,63.8971
2012-01-30,1327899600,64.7157
2012-01-31,1327986000,65.2114
2012-02-01,1328072400,65.17
2012-02-02,1328158800,65.0171
2012-02-03,1328245200,65.6686
2012-02-06,1328504400,66.2814
2012-02-07,1328590800,66.9757
2012-02-08,1328677200,68.0971
2012-02-09,1328763600,70.4528
2012-02-10,1328850000,70.4886
2012-02-13,1329109200,71.8
2012-02-14,1329195600,72.78
2012-02-15,1329282000,71.0957
2012-02-16,1329368400,71.7443
2012-02-17,1329454800,71.7314
2012-02-21,1329800400,73.55
2012-02-22,1329886800,73.2914
2012-02-23,1329973200,73.77
2012-02-24,1330059600,74.63
2012-02-27,1330318800,75.1085
2012-02-28,1330405200,76.4871
2012-02-29,1330491600,77.4914
2012-03-01,1330578000,77.7814
2012-03-02,1330664400,77.8828
2012-03-05,1330923600,76.1657
2012-03-06,1331010000,75.7514
2012-03-07,1331096400,75.8128
2012-03-08,1331182800,77.4271
2012-03-09,1331269200,77.8814
2012-03-12,1331524800,78.8571
2012-03-13,1331611200,81.1571
2012-03-14,1331697600,84.2257
2012-03-15,1331784000,83.6514
2012-03-16,1331870400,83.6528
2012-03-19,1332129600,85.8714
2012-03-20,1332216000,86.5657
2012-03-21,1332302400,86.0714
2012-03-22,1332388800,85.62
2012-03-23,1332475200,85.15
2012-03-26,1332734400,86.7114
2012-03-27,1332820800,87.7828
2012-03-28,1332907200,88.2314
2012-03-29,1332993600,87.1228
2012-03-30,1333080000,85.65
2012-04-02,1333339200,88.3757
2012-04-03,1333425600,89.9028
2012-04-04,1333512000,89.1871
2012-04-05,1333598400,90.5257
2012-04-06,1333684800,90.89
2012-04-09,1333944000,89.7771
2012-04-10,1334030400,89.4571
2012-04-11,1334116800,88.9671
2012-04-12,1334203200,86.4614
2012-04-13,1334289600,82.8757
2012-04-16,1334548800,87.1
2012-04-17,1334635200,86.9057
2012-04-18,1334721600,83.92
2012-04-19,1334808000,81.8543
2012-04-20,1334894400,81.6714
2012-04-23,1335153600,80.04
2012-04-24,1335240000,87.1428
2012-04-25,1335326400,86.8143
2012-04-26,1335412800,86.1428
2012-04-27,1335499200,83.4257
2012-04-30,1335758400,83.1171
2012-05-01,1335844800,83.1614
2012-05-02,1335931200,83.7114
2012-05-03,1336017600,83.1171
2012-05-04,1336104000,80.75
2012-05-07,1336363200,81.3543
2012-05-08,1336449600,81.1685
2012-05-09,1336536000,81.3114
2012-05-10,1336622400,81.5028
2012-05-11,1336708800,80.9585
2012-05-14,1336968000,79.7457
2012-05-15,1337054400,79.0243
2012-05-16,1337140800,78.0107
2012-05-17,1337227200,75.7314
2012-05-18,1337313600,75.7685
2012-05-21,1337572800,80.1828
2012-05-22,1337659200,79.5671
2012-05-23,1337745600,81.5085
2012-05-24,1337832000,80.76
2012-05-25,1337918400,80.3271
2012-05-29,1338264000,81.7528
2012-05-30,1338350400,82.7385
2012-05-31,1338436800,82.5328
2012-06-01,1338523200,80.1414
2012-06-04,1338782400,80.6128
2012-06-05,1338868800,80.4043
2012-06-06,1338955200,81.6371
2012-06-07,1339041600,81.6743
2012-06-08,1339128000,82.9028
2012-06-11,1339387200,81.5957
2012-06-12,1339473600,82.3085
2012-06-13,1339560000,81.7371
2012-06-14,1339646400,81.6471
2012-06-15,1339732800,82.0185
2012-06-18,1339992000,83.6828
2012-06-19,1340078400,83.9157
2012-06-20,1340164800,83.6773
2012-06-21,1340251200,82.5243
2012-06-22,1340337600,83.1571
2012-06-25,1340596800,81.5378
2012-06-26,1340683200,81.7178
2012-06-27,1340769600,82.0714
2012-06-28,1340856000,81.2928
2012-06-29,1340942400,83.4285
2012-07-02,1341201600,84.6457
2012-07-03,1341288000,85.63
2012-07-05,1341460800,87.1343
2012-07-06,1341547200,86.5543
2012-07-09,1341806400,87.6985
2012-07-10,1341892800,86.8871
2012-07-11,1341979200,86.3471
2012-07-12,1342065600,85.5571
2012-07-13,1342152000,86.4243
2012-07-16,1342411200,86.7014
2012-07-17,1342497600,86.7057
2012-07-18,1342584000,86.6085
2012-07-19,1342670400,87.76
2012-07-20,1342756800,86.3285
2012-07-23,1343016000,86.2614
2012-07-24,1343102400,85.8457
2012-07-25,1343188800,82.1385
2012-07-26,1343275200,82.1257
2012-07-27,1343361600,83.5943
2012-07-30,1343620800,85.0043
2012-07-31,1343707200,87.2514
2012-08-01,1343793600,86.6871
2012-08-02,1343880000,86.8271
2012-08-03,1343966400,87.9571
2012-08-06,1344225600,88.9357
2012-08-07,1344312000,88.70200000000001
2012-08-08,1344398400,88.5514
2012-08-09,1344484800,88.6757
2012-08-10,1344571200,88.8143
2012-08-13,1344830400,90.0
2012-08-14,1344916800,90.2414
2012-08-15,1345003200,90.1185
2012-08-16,1345089600,90.9057
2012-08-17,1345176000,92.5871
2012-08-20,1345435200,95.0214
2012-08-21,1345521600,93.7231
2012-08-22,1345608000,95.5528
2012-08-23,1345694400,94.6614
2012-08-24,1345780800,94.74600000000001
2012-08-27,1346040000,96.5257
2012-08-28,1346126400,96.4
2012-08-29,1346212800,96.2094
2012-08-30,1346299200,94.8383
2012-08-31,1346385600,95.0343
2012-09-04,1346731200,96.4243
2012-09-05,1346817600,95.7471
2012-09-06,1346904000,96.61
2012-09-07,1346990400,97.2057
2012-09-10,1347249600,94.6771
2012-09-11,1347336000,94.37
2012-09-12,1347422400,95.6843
2012-09-13,1347508800,97.5685
2012-09-14,1347595200,98.7543
2012-09-17,1347854400,99.9687
2012-09-18,1347940800,100.2728
2012-09-19,1348027200,100.3
2012-09-20,1348113600,99.8143
2012-09-21,1348200000,100.0135
2012-09-24,1348459200,98.6843
2012-09-25,1348545600,96.22
2012-09-26,1348632000,95.0257
2012-09-27,1348718400,97.3314
2012-09-28,1348804800,95.3007
2012-10-01,1349064000,94.1985
2012-10-02,1349150400,94.4728
2012-10-03,1349236800,95.9214
2012-10-04,1349323200,95.2571
2012-10-05,1349409600,93.2271
2012-10-08,1349668800,91.1671
2012-10-09,1349755200,90.8357
2012-10-10,1349841600,91.5585
2012-10-11,1349928000,89.7285
2012-10-12,1350014400,89.9591
2012-10-15,1350273600,90.68
2012-10-16,1350360000,92.8275
2012-10-17,1350446400,92.0876
2012-10-18,1350532800,90.3771
2012-10-19,1350619200,87.12
2012-10-22,1350878400,90.5757
2012-10-23,1350964800,87.6222
2012-10-24,1351051200,88.1185
2012-10-25,1351137600,87.0768
2012-10-26,1351224000,86.2857
2012-10-29,1351483200,85.0457
2012-10-30,1351569600,85.22
2012-10-31,1351656000,82.4
2012-11-01,1351742400,83.5173
2012-11-02,1351828800,83.2642
2012-11-05,1352091600,79.7145
2012-11-06,1352178000,76.8214
2012-11-07,1352264400,78.1514
2012-11-08,1352350800,77.5471
2012-11-09,1352437200,77.5568
2012-11-13,1352782800,76.6971
2012-11-14,1352869200,75.0885
2012-11-15,1352955600,75.3825
2012-11-16,1353042000,80.8185
2012-11-19,1353301200,80.1305
2012-11-20,1353387600,80.2428
2012-11-21,1353474000,81.6428
2012-11-23,1353646800,84.2185
2012-11-26,1353906000,83.54
2012-11-27,1353992400,83.2771
2012-11-28,1354078800,84.1943
2012-11-29,1354165200,83.6114
2012-11-30,1354251600,83.7414
2012-12-03,1354510800,82.2636
2012-12-04,1354597200,76.9703
2012-12-05,1354683600,78.1778
2012-12-06,1354770000,76.1785
2012-12-07,1354856400,75.6887
2012-12-10,1355115600,77.3411
2012-12-11,1355202000,77.0
2012-12-12,1355288400,75.67
2012-12-13,1355374800,72.8277
2012-12-14,1355461200,74.1185
2012-12-17,1355720400,76.2714
2012-12-18,1355806800,75.1871
2012-12-19,1355893200,74.5329
2012-12-20,1355979600,74.19
2012-12-21,1356066000,74.3097
2012-12-24,1356325200,73.2856
2012-12-26,1356498000,73.58
2012-12-27,1356584400,72.7984
2012-12-28,1356670800,76.0247
2012-12-31,1356930000,78.4328
2013-01-02,1357102800,77.4422
2013-01-03,1357189200,75.2857
2013-01-04,1357275600,74.8428
2013-01-07,1357534800,75.0443
2013-01-08,1357621200,73.8714
2013-01-09,1357707600,74.7871
2013-01-10,1357794000,74.3285
2013-01-11,1357880400,71.6785
2013-01-14,1358139600,69.4171
2013-01-15,1358226000,72.2985
2013-01-16,1358312400,71.8114
2013-01-17,1358398800,71.4285
2013-01-18,1358485200,72.11
2013-01-22,1358830800,73.4293
2013-01-23,1358917200,64.3571
2013-01-24,1359003600,62.84
2013-01-25,1359090000,64.2614
2013-01-28,1359349200,65.4671
2013-01-29,1359435600,65.2614
2013-01-30,1359522000,65.07
2013-01-31,1359608400,64.8028
2013-02-01,1359694800,63.188
2013-02-04,1359954000,65.4063
2013-02-05,1360040400,65.3357
2013-02-06,1360126800,66.8886
2013-02-07,1360213200,67.8543
2013-02-08,1360299600,68.5614
2013-02-11,1360558800,66.8428
2013-02-12,1360645200,66.7157
2013-02-13,1360731600,66.6557
2013-02-14,1360818000,65.7371
2013-02-15,1360904400,65.7128
2013-02-19,1361250000,64.1214
2013-02-20,1361336400,63.7228
2013-02-21,1361422800,64.4014
2013-02-22,1361509200,63.2571
2013-02-25,1361768400,64.1386
2013-02-26,1361854800,63.51
2013-02-27,1361941200,63.0571
2013-02-28,1362027600,61.4957
2013-03-01,1362114000,60.0071
2013-03-04,1362373200,61.592
2013-03-05,1362459600,60.8088
2013-03-06,1362546000,61.5117
2013-03-07,1362632400,61.6743
2013-03-08,1362718800,62.5528
2013-03-11,1362974400,61.2043
2013-03-12,1363060800,61.1928
2013-03-13,1363147200,61.7857
2013-03-14,1363233600,63.38
2013-03-15,1363320000,65.1028
2013-03-18,1363579200,64.9271
2013-03-19,1363665600,64.5828
2013-03-20,1363752000,64.6757
2013-03-21,1363838400,65.9871
2013-03-22,1363924800,66.2257
2013-03-25,1364184000,65.8766
2013-03-26,1364270400,64.5828
2013-03-27,1364356800,63.2371
2013-03-28,1364443200,61.2728
2013-03-29,1364529600,61.3988
2013-04-01,1364788800,61.7128
2013-04-02,1364875200,61.1028
2013-04-03,1364961600,60.4571
2013-04-04,1365048000,60.8871
2013-04-05,1365134400,60.9971
2013-04-08,1365393600,62.2414
2013-04-09,1365480000,62.0471
2013-04-10,1365566400,61.4
2013-04-11,1365652800,59.9786
2013-04-12,1365739200,60.8914
2013-04-15,1365998400,57.5428
2013-04-16,1366084800,56.0071
2013-04-17,1366171200,55.79
2013-04-18,1366257600,56.9528
2013-04-19,1366344000,58.0186
2013-04-22,1366603200,57.9231
2013-04-23,1366689600,58.34
2013-04-24,1366776000,59.6007
2013-04-25,1366862400,61.4457
2013-04-26,1366948800,63.2543
2013-04-29,1367208000,62.7557
2013-04-30,1367294400,63.6457
2013-05-01,1367380800,64.2828
2013-05-02,1367467200,65.8157
2013-05-03,1367553600,65.5226
2013-05-06,1367812800,66.2628
2013-05-07,1367899200,65.2528
2013-05-08,1367985600,64.71
2013-05-09,1368072000,64.9628
2013-05-10,1368158400,63.4086
2013-05-13,1368417600,61.2643
2013-05-14,1368504000,62.0826
2013-05-15,1368590400,61.8943
2013-05-16,1368676800,63.2757
2013-05-17,1368763200,62.8086
2013-05-20,1369022400,63.0506
2013-05-21,1369108800,63.1628
2013-05-22,1369195200,63.5928
2013-05-23,1369281600,63.0627
2013-05-24,1369368000,63.5643
2013-05-28,1369713600,64.5114
2013-05-29,1369800000,64.2478
2013-05-30,1369886400,64.3886
2013-05-31,1369972800,64.1871
2013-06-03,1370232000,63.5871
2013-06-04,1370318400,62.6371
2013-06-05,1370404800,63.1158
2013-06-06,1370491200,62.6986
2013-06-07,1370577600,62.5143
2013-06-10,1370836800,61.7414
2013-06-11,1370923200,62.2807
2013-06-12,1371009600,61.4357
2013-06-13,1371096000,61.7143
2013-06-14,1371182400,61.6814
2013-06-17,1371441600,60.4286
2013-06-18,1371528000,59.5483
2013-06-19,1371614400,59.0714
2013-06-20,1371700800,57.5057
2013-06-21,1371787200,57.5186
2013-06-24,1372046400,56.8671
2013-06-25,1372132800,56.2543
2013-06-26,1372219200,56.6471
2013-06-27,1372305600,58.46
2013-06-28,1372392000,59.7843
2013-07-01,1372651200,60.1143
2013-07-02,1372737600,59.6314
2013-07-03,1372824000,59.2928
2013-07-05,1372996800,60.3357
2013-07-08,1373256000,60.1043
2013-07-09,1373342400,61.0411
2013-07-10,1373428800,60.93
2013-07-11,1373515200,61.0628
2013-07-12,1373601600,61.4564
2013-07-15,1373860800,61.4728
2013-07-16,1373947200,61.6797
2013-07-17,1374033600,60.7071
2013-07-18,1374120000,60.9014
2013-07-19,1374206400,59.8557
2013-07-22,1374465600,62.93
2013-07-23,1374552000,62.6428
2013-07-24,1374638400,62.9986
2013-07-25,1374724800,63.97
2013-07-26,1374811200,64.76
2013-07-29,1375070400,64.6471
2013-07-30,1375156800,65.2394
2013-07-31,1375243200,66.4257
2013-08-01,1375329600,66.0771
2013-08-02,1375416000,67.0643
2013-08-05,1375675200,66.4643
2013-08-06,1375761600,66.4257
2013-08-07,1375848000,65.8586
2013-08-08,1375934400,64.9214
2013-08-09,1376020800,66.7657
2013-08-12,1376280000,69.9386
2013-08-13,1376366400,71.2143
2013-08-14,1376452800,71.13
2013-08-15,1376539200,71.7614
2013-08-16,1376625600,72.5343
2013-08-19,1376884800,71.5814
2013-08-20,1376971200,71.7657
2013-08-21,1377057600,71.8514
2013-08-22,1377144000,71.5743
2013-08-23,1377230400,71.8528
2013-08-26,1377489600,69.7986
2013-08-27,1377576000,70.128
2013-08-28,1377662400,70.2428
2013-08-29,1377748800,69.6023
2013-08-30,1377835200,69.7971
2013-09-03,1378180800,71.2416
2013-09-04,1378267200,70.7528
2013-09-05,1378353600,71.1743
2013-09-06,1378440000,72.31
2013-09-09,1378699200,70.6628
2013-09-10,1378785600,66.8157
2013-09-11,1378872000,67.5271
2013-09-12,1378958400,66.4143
2013-09-13,1379044800,64.3028
2013-09-16,1379304000,65.0457
2013-09-17,1379390400,66.3828
2013-09-18,1379476800,67.4714
2013-09-19,1379563200,66.7728
2013-09-20,1379649600,70.0914
2013-09-23,1379908800,69.8714
2013-09-24,1379995200,68.79
2013-09-25,1380081600,69.46
2013-09-26,1380168000,68.9643
2013-09-27,1380254400,68.1071
2013-09-30,1380513600,69.7086
2013-10-01,1380600000,69.9371
2013-10-02,1380686400,69.0586
2013-10-03,1380772800,69.0043
2013-10-04,1380859200,69.6786
2013-10-07,1381118400,68.7057
2013-10-08,1381204800,69.5126
2013-10-09,1381291200,69.9483
2013-10-10,1381377600,70.4017
2013-10-11,1381464000,70.8628
2013-10-14,1381723200,71.24
2013-10-15,1381809600,71.5877
2013-10-16,1381896000,72.0714
2013-10-17,1381982400,72.6985
2013-10-18,1382068800,74.4803
2013-10-21,1382328000,74.2668
2013-10-22,1382414400,74.9943
2013-10-23,1382500800,75.9871
2013-10-24,1382587200,75.1368
2013-10-25,1382673600,75.6965
2013-10-28,1382932800,73.8111
2013-10-29,1383019200,74.9851
2013-10-30,1383105600,74.6717
2013-10-31,1383192000,74.29
2013-11-01,1383278400,75.25
2013-11-04,1383541200,75.0641
2013-11-05,1383627600,74.4171
2013-11-06,1383714000,73.2131
2013-11-07,1383800400,74.3657
2013-11-08,1383886800,74.1497
2013-11-11,1384146000,74.2871
2013-11-12,1384232400,74.3763
2013-11-13,1384318800,75.4514
2013-11-14,1384405200,74.9987
2013-11-15,1384491600,74.0898
2013-11-18,1384750800,74.2214
2013-11-19,1384837200,73.5714
2013-11-20,1384923600,74.44800000000001
2013-11-21,1385010000,74.2571
2013-11-22,1385096400,74.82
2013-11-25,1385355600,76.2
2013-11-26,1385442000,77.9943
2013-11-27,1385528400,79.4385
2013-11-29,1385701200,78.7471
2013-12-02,1385960400,80.9031
2013-12-03,1386046800,80.7143
2013-12-04,1386133200,81.1287
2013-12-05,1386219600,80.0028
2013-12-06,1386306000,80.9185
2013-12-09,1386565200,80.7928
2013-12-10,1386651600,80.1943
2013-12-11,1386738000,80.0771
2013-12-12,1386824400,79.2043
2013-12-13,1386910800,79.6428
2013-12-16,1387170000,79.2843
2013-12-17,1387256400,78.6814
2013-12-18,1387342800,77.78
2013-12-19,1387429200,78.4314
2013-12-20,1387515600,81.4414
2013-12-23,1387774800,81.0957
2013-12-24,1387861200,80.5571
2013-12-26,1388034000,80.0128
2013-12-27,1388120400,79.2171
2013-12-30,1388379600,80.1457
2013-12-31,1388466000,79.0185
2014-01-02,1388638800,77.2828
2014-01-03,1388725200,77.7043
2014-01-06,1388984400,77.1482
2014-01-07,1389070800,77.6371
2014-01-08,1389157200,76.6455
2014-01-09,1389243600,76.1343
2014-01-10,1389330000,76.5328
2014-01-13,1389589200,78.0557
2014-01-14,1389675600,79.6228
2014-01-15,1389762000,79.1785
2014-01-16,1389848400,77.2385
2014-01-17,1389934800,78.4385
2014-01-21,1390280400,78.7871
2014-01-22,1390366800,79.4543
2014-01-23,1390453200,78.01
2014-01-24,1390539600,78.6428
2014-01-27,1390798800,72.3571
2014-01-28,1390885200,71.5357
2014-01-29,1390971600,71.3974
2014-01-30,1391058000,71.5143
2014-01-31,1391144400,71.6471
2014-02-03,1391403600,72.6843
2014-02-04,1391490000,73.2271
2014-02-05,1391576400,73.2157
2014-02-06,1391662800,74.24
2014-02-07,1391749200,75.57
2014-02-10,1392008400,76.5657
2014-02-11,1392094800,76.56
2014-02-12,1392181200,77.7757
2014-02-13,1392267600,77.7128
2014-02-14,1392354000,77.9985
2014-02-18,1392699600,76.7671
2014-02-19,1392786000,75.8785
2014-02-20,1392872400,75.0357
2014-02-21,1392958800,75.3643
2014-02-24,1393218000,74.58
2014-02-25,1393304400,73.9071
2014-02-26,1393390800,75.3814
2014-02-27,1393477200,75.1771
2014-02-28,1393563600,75.3943
2014-03-03,1393822800,75.8914
2014-03-04,1393909200,76.0514
2014-03-05,1393995600,75.8214
2014-03-06,1394082000,75.7771
2014-03-07,1394168400,75.8457
2014-03-10,1394424000,76.5843
2014-03-11,1394510400,76.6585
2014-03-12,1394596800,75.8071
2014-03-13,1394683200,74.9557
2014-03-14,1394769600,75.2485
2014-03-17,1395028800,75.9143
2014-03-18,1395115200,75.8943
2014-03-19,1395201600,75.5285
2014-03-20,1395288000,76.1243
2014-03-21,1395374400,77.0271
2014-03-24,1395633600,77.8557
2014-03-25,1395720000,77.1114
2014-03-26,1395806400,76.78
2014-03-27,1395892800,76.6943
2014-03-28,1395979200,76.6771
2014-03-31,1396238400,77.3785
2014-04-01,1396324800,77.5071
2014-04-02,1396411200,76.97
2014-04-03,1396497600,75.9743
2014-04-04,1396584000,74.7814
2014-04-07,1396843200,74.7771
2014-04-08,1396929600,75.76
2014-04-09,1397016000,74.7828
2014-04-10,1397102400,74.23
2014-04-11,1397188800,74.5257
2014-04-14,1397448000,73.9942
2014-04-15,1397534400,74.1443
2014-04-16,1397620800,74.9914
2014-04-17,1397707200,75.8814
2014-04-18,1397793600,75.957
2014-04-21,1398052800,74.9643
2014-04-22,1398139200,81.11
2014-04-23,1398225600,81.7057
2014-04-24,1398312000,84.87
2014-04-25,1398398400,84.6185
2014-04-28,1398657600,84.2985
2014-04-29,1398744000,84.4971
2014-04-30,1398830400,84.6543
2014-05-01,1398916800,85.8514
2014-05-02,1399003200,84.9157
2014-05-05,1399262400,84.6185
2014-05-06,1399348800,83.9985
2014-05-07,1399435200,83.6489
2014-05-08,1399521600,84.69
2014-05-09,1399608000,84.8228
2014-05-12,1399867200,84.8385
2014-05-13,1399953600,84.1171
2014-05-14,1400040000,85.3585
2014-05-15,1400126400,86.37
2014-05-16,1400212800,86.3871
2014-05-19,1400472000,86.6157
2014-05-20,1400558400,86.7528
2014-05-21,1400644800,87.7328
2014-05-22,1400731200,89.3757
2014-05-23,1400817600,89.1443
2014-05-27,1401163200,90.7685
2014-05-28,1401249600,90.4285
2014-05-29,1401336000,89.8071
2014-05-30,1401422400,91.0771
2014-06-02,1401681600,92.1171
2014-06-03,1401768000,92.4785
2014-06-04,1401854400,92.2243
2014-06-05,1401940800,93.7
2014-06-06,1402027200,94.25
2014-06-09,1402286400,93.86
2014-06-10,1402372800,92.29
2014-06-11,1402459200,91.28
2014-06-12,1402545600,92.2
2014-06-13,1402632000,92.08
2014-06-16,1402891200,92.18
2014-06-17,1402977600,91.86
2014-06-18,1403064000,90.91
2014-06-19,1403150400,90.83
2014-06-20,1403236800,90.28
2014-06-23,1403496000,90.36
2014-06-24,1403582400,90.9
2014-06-25,1403668800,91.98
2014-06-26,1403755200,92.93
2014-06-27,1403841600,93.52
2014-06-30,1404100800,93.48
2014-07-01,1404187200,94.03
2014-07-02,1404273600,95.96799999999999
2014-07-03,1404360000,95.35
2014-07-07,1404705600,95.39
2014-07-08,1404792000,95.035
2014-07-09,1404878400,95.22
2014-07-10,1404964800,96.45
2014-07-11,1405051200,95.32
2014-07-14,1405310400,94.78
2014-07-15,1405396800,93.0899
2014-07-16,1405483200,94.43
2014-07-17,1405569600,93.939
2014-07-18,1405656000,94.72
2014-07-21,1405915200,97.19
2014-07-22,1406001600,97.03
2014-07-23,1406088000,97.671
2014-07-24,1406174400,99.02
2014-07-25,1406260800,98.38
2014-07-28,1406520000,98.15
2014-07-29,1406606400,95.6
2014-07-30,1406692800,96.13
2014-07-31,1406779200,95.59
2014-08-01,1406865600,95.12
2014-08-04,1407124800,94.96
2014-08-05,1407211200,94.48
2014-08-06,1407297600,94.74
2014-08-07,1407384000,95.99
2014-08-08,1407470400,95.97
2014-08-11,1407729600,97.24
2014-08-12,1407816000,97.5
2014-08-13,1407902400,97.98
2014-08-14,1407988800,99.16
2014-08-15,1408075200,100.53
2014-08-18,1408334400,100.57
2014-08-19,1408420800,100.58
2014-08-20,1408507200,101.32
2014-08-21,1408593600,101.54
2014-08-22,1408680000,100.889
2014-08-25,1408939200,102.13
2014-08-26,1409025600,102.25
2014-08-27,1409112000,102.5
2014-08-28,1409198400,103.3
2014-08-29,1409284800,98.94
2014-09-02,1409630400,98.12
2014-09-03,1409716800,98.97
2014-09-04,1409803200,98.36
2014-09-05,1409889600,97.99
2014-09-08,1410148800,101.0
2014-09-09,1410235200,101.43
2014-09-10,1410321600,101.66
2014-09-11,1410408000,101.63
2014-09-12,1410494400,100.86
2014-09-15,1410753600,101.58
2014-09-16,1410840000,101.79
2014-09-17,1410926400,100.96
2014-09-18,1411012800,101.06
2014-09-19,1411099200,102.64
2014-09-22,1411358400,101.75
2014-09-23,1411444800,97.87
2014-09-24,1411531200,100.75
2014-09-25,1411617600,100.11
2014-09-26,1411704000,100.75
2014-09-29,1411963200,99.18
2014-09-30,1412049600,99.9
2014-10-01,1412136000,99.62
2014-10-02,1412222400,99.62
2014-10-03,1412308800,98.75
2014-10-06,1412568000,100.8
2014-10-07,1412654400,101.02
2014-10-08,1412740800,100.73
2014-10-09,1412827200,99.81
2014-10-10,1412913600,98.75
2014-10-13,1413172800,97.54
2014-10-14,1413259200,96.26
2014-10-15,1413345600,97.67
2014-10-16,1413432000,99.76
2014-10-17,1413518400,102.47
2014-10-20,1413777600,102.99
2014-10-21,1413864000,104.83
2014-10-22,1413950400,105.22
2014-10-23,1414036800,105.11
2014-10-24,1414123200,106.74
2014-10-27,1414382400,107.34
2014-10-28,1414468800,106.98
2014-10-29,1414555200,108.7
2014-10-30,1414641600,108.0
2014-10-31,1414728000,109.4
2014-11-03,1414990800,108.6
2014-11-04,1415077200,108.86
2014-11-05,1415163600,108.7
2014-11-06,1415250000,109.01
2014-11-07,1415336400,108.83
2014-11-10,1415595600,109.7
2014-11-11,1415682000,111.25
2014-11-12,1415768400,112.82
2014-11-13,1415854800,114.18
2014-11-14,1415941200,113.99
2014-11-17,1416200400,115.47
2014-11-18,1416286800,114.67
2014-11-19,1416373200,116.31
2014-11-20,1416459600,116.47
2014-11-21,1416546000,118.625
2014-11-24,1416805200,117.6
2014-11-25,1416891600,119.0
2014-11-26,1416978000,118.93
2014-11-28,1417150800,115.07
2014-12-01,1417410000,114.63
2014-12-02,1417496400,115.93
2014-12-03,1417582800,115.49
2014-12-04,1417669200,115.0
2014-12-05,1417755600,112.4
2014-12-08,1418014800,114.12
2014-12-09,1418101200,111.95
2014-12-10,1418187600,111.62
2014-12-11,1418274000,109.73
2014-12-12,1418360400,108.225
2014-12-15,1418619600,106.745
2014-12-16,1418706000,109.41
2014-12-17,1418792400,112.65
2014-12-18,1418878800,111.78
2014-12-19,1418965200,112.94
2014-12-22,1419224400,112.54
2014-12-23,1419310800,112.01
2014-12-24,1419397200,113.99
2014-12-26,1419570000,113.91
2014-12-29,1419829200,112.52
2014-12-30,1419915600,110.38
2014-12-31,1420002000,109.33
2015-01-02,1420174800,106.25
2015-01-05,1420434000,106.26
2015-01-06,1420520400,107.75
2015-01-07,1420606800,111.89
2015-01-08,1420693200,112.01
2015-01-09,1420779600,109.25
2015-01-12,1421038800,110.22
2015-01-13,1421125200,109.8
2015-01-14,1421211600,106.82
2015-01-15,1421298000,105.99
2015-01-16,1421384400,108.72
2015-01-20,1421730000,109.55
2015-01-21,1421816400,112.4
2015-01-22,1421902800,112.98
2015-01-23,1421989200,113.1
2015-01-26,1422248400,109.14
2015-01-27,1422334800,115.31
2015-01-28,1422421200,118.9
2015-01-29,1422507600,117.16
2015-01-30,1422594000,118.63
2015-02-02,1422853200,118.65
2015-02-03,1422939600,119.56
2015-02-04,1423026000,119.94
2015-02-05,1423112400,118.93
2015-02-06,1423198800,119.72
2015-02-09,1423458000,122.02
2015-02-10,1423544400,124.88
2015-02-11,1423630800,126.46
2015-02-12,1423717200,127.08
2015-02-13,1423803600,127.83
2015-02-17,1424149200,128.715
2015-02-18,1424235600,128.45
2015-02-19,1424322000,129.495
2015-02-20,1424408400,133.0
2015-02-23,1424667600,132.17
2015-02-24,1424754000,128.79
2015-02-25,1424840400,130.415
2015-02-26,1424926800,128.46
2015-02-27,1425013200,129.09
2015-03-02,1425272400,129.36
2015-03-03,1425358800,128.54
2015-03-04,1425445200,126.41
2015-03-05,1425531600,126.6
2015-03-06,1425618000,127.14
2015-03-09,1425873600,124.51
2015-03-10,1425960000,122.24
2015-03-11,1426046400,124.45
2015-03-12,1426132800,123.59
2015-03-13,1426219200,124.95
2015-03-16,1426478400,127.04
2015-03-17,1426564800,128.47
2015-03-18,1426651200,127.495
2015-03-19,1426737600,125.9
2015-03-20,1426824000,127.21
2015-03-23,1427083200,126.69
2015-03-24,1427169600,123.38
2015-03-25,1427256000,124.24
2015-03-26,1427342400,123.25
2015-03-27,1427428800,126.37
2015-03-30,1427688000,124.43
2015-03-31,1427774400,124.25
2015-04-01,1427860800,125.32
2015-04-02,1427947200,127.35
2015-04-03,1428033600,126.01
2015-04-06,1428292800,125.6
2015-04-07,1428379200,126.56
2015-04-08,1428465600,127.1
2015-04-09,1428552000,126.85
2015-04-10,1428638400,126.3
2015-04-13,1428897600,126.78
2015-04-14,1428984000,126.17
2015-04-15,1429070400,124.75
2015-04-16,1429156800,127.6
2015-04-17,1429243200,126.91
2015-04-20,1429502400,128.62
2015-04-21,1429588800,129.67
2015-04-22,1429675200,130.28
2015-04-23,1429761600,132.65
2015-04-24,1429848000,130.56
2015-04-27,1430107200,128.64
2015-04-28,1430193600,125.15
2015-04-29,1430280000,128.95
2015-04-30,1430366400,128.7
2015-05-01,1430452800,125.8
2015-05-04,1430712000,125.01
2015-05-05,1430798400,125.26
2015-05-06,1430884800,127.62
2015-05-07,1430971200,126.32
2015-05-08,1431057600,125.865
2015-05-11,1431316800,126.01
2015-05-12,1431403200,128.95
2015-05-13,1431489600,128.77
2015-05-14,1431576000,130.19
2015-05-15,1431662400,130.07
2015-05-18,1431921600,130.06
2015-05-19,1432008000,131.39
2015-05-20,1432094400,132.54
2015-05-21,1432180800,129.62
2015-05-22,1432267200,132.045
2015-05-26,1432612800,131.78
2015-05-27,1432699200,130.28
2015-05-28,1432785600,130.535
2015-05-29,1432872000,129.96
2015-06-01,1433131200,130.12
2015-06-02,1433217600,129.36
2015-06-03,1433304000,128.65
2015-06-04,1433390400,127.8
2015-06-05,1433476800,127.42
2015-06-08,1433736000,128.88
2015-06-09,1433822400,128.59
2015-06-10,1433908800,127.17
2015-06-11,1433995200,126.92
2015-06-12,1434081600,127.6
2015-06-15,1434340800,127.3
2015-06-16,1434427200,127.88
2015-06-17,1434513600,126.6
2015-06-18,1434600000,127.61
2015-06-19,1434686400,127.03
2015-06-22,1434945600,128.11
2015-06-23,1435032000,127.5
2015-06-24,1435118400,126.75
2015-06-25,1435204800,124.53
2015-06-26,1435291200,125.425
2015-06-29,1435550400,126.6
2015-06-30,1435636800,126.44
2015-07-01,1435723200,126.0
2015-07-02,1435809600,125.69
2015-07-06,1436155200,122.57
2015-07-07,1436241600,120.07
2015-07-08,1436328000,123.28
2015-07-09,1436414400,125.66
2015-07-10,1436500800,125.61
2015-07-13,1436760000,126.82
2015-07-14,1436846400,128.51
2015-07-15,1436932800,129.62
2015-07-16,1437019200,132.07
2015-07-17,1437105600,130.75
2015-07-20,1437364800,125.22
2015-07-21,1437451200,125.16
2015-07-22,1437537600,124.5
2015-07-23,1437624000,122.77
2015-07-24,1437710400,123.38
2015-07-27,1437969600,122.99
2015-07-28,1438056000,122.37
2015-07-29,1438142400,121.3
2015-07-30,1438228800,118.44
2015-07-31,1438315200,114.64
2015-08-03,1438574400,115.4
2015-08-04,1438660800,115.13
2015-08-05,1438747200,115.52
2015-08-06,1438833600,119.72
2015-08-07,1438920000,113.49
2015-08-10,1439179200,115.24
2015-08-11,1439265600,115.15
2015-08-12,1439352000,115.96
2015-08-13,1439438400,117.16
2015-08-14,1439524800,116.5
2015-08-17,1439784000,115.01
2015-08-18,1439870400,112.65
2015-08-19,1439956800,105.76
2015-08-20,1440043200,103.12
2015-08-21,1440129600,103.74
2015-08-24,1440388800,109.69
2015-08-25,1440475200,112.92
2015-08-26,1440561600,113.29
2015-08-27,1440648000,112.76
2015-08-28,1440734400,107.72
2015-08-31,1440993600,112.34
2015-09-01,1441080000,110.37
2015-09-02,1441166400,109.27
2015-09-03,1441252800,112.31
2015-09-04,1441339200,110.15
2015-09-08,1441684800,112.57
2015-09-09,1441771200,114.21
2015-09-10,1441857600,115.31
2015-09-11,1441944000,116.28
2015-09-14,1442203200,116.41
2015-09-15,1442289600,113.92
2015-09-16,1442376000,113.45
2015-09-17,1442462400,115.21
2015-09-18,1442548800,113.4
2015-09-21,1442808000,114.32
2015-09-22,1442894400,115.0
2015-09-23,1442980800,114.71
2015-09-24,1443067200,112.44
2015-09-25,1443153600,109.06
2015-09-28,1443412800,110.3
2015-09-29,1443499200,109.58
2015-09-30,1443585600,110.38
2015-10-01,1443672000,110.78
2015-10-02,1443758400,111.31
2015-10-05,1444017600,110.78
2015-10-06,1444104000,109.5
2015-10-07,1444190400,112.12
2015-10-08,1444276800,111.6
2015-10-09,1444363200,111.79
2015-10-12,1444622400,110.21
2015-10-13,1444708800,111.86
2015-10-14,1444795200,111.04
2015-10-15,1444881600,111.73
2015-10-16,1444968000,113.77
2015-10-19,1445227200,113.76
2015-10-20,1445313600,115.5
2015-10-21,1445400000,119.08
2015-10-22,1445486400,115.28
2015-10-23,1445572800,114.55
2015-10-26,1445832000,119.27
2015-10-27,1445918400,120.53
2015-10-28,1446004800,119.5
2015-10-29,1446091200,121.18
2015-10-30,1446177600,122.57
2015-11-02,1446440400,122.0
2015-11-03,1446526800,120.92
2015-11-04,1446613200,121.06
2015-11-05,1446699600,120.57
2015-11-06,1446786000,116.77
2015-11-09,1447045200,116.11
2015-11-10,1447131600,115.72
2015-11-11,1447218000,112.34
2015-11-12,1447304400,114.175
2015-11-13,1447390800,113.69
2015-11-16,1447650000,117.29
2015-11-17,1447736400,118.78
2015-11-18,1447822800,119.3
2015-11-19,1447909200,117.75
2015-11-20,1447995600,118.88
2015-11-23,1448254800,118.03
2015-11-24,1448341200,117.81
2015-11-25,1448427600,118.3
2015-11-27,1448600400,117.34
2015-11-30,1448859600,116.28
2015-12-01,1448946000,115.2
2015-12-02,1449032400,119.03
2015-12-03,1449118800,118.28
2015-12-04,1449205200,118.23
2015-12-07,1449464400,115.62
2015-12-08,1449550800,116.17
2015-12-09,1449637200,113.18
2015-12-10,1449723600,112.48
2015-12-11,1449810000,110.49
2015-12-14,1450069200,111.34
2015-12-15,1450155600,108.98
2015-12-16,1450242000,106.03
2015-12-17,1450328400,107.33
2015-12-18,1450414800,107.23
2015-12-21,1450674000,108.61
2015-12-22,1450760400,108.03
2015-12-23,1450846800,106.82
2015-12-24,1450933200,108.74
2015-12-28,1451278800,107.32
2015-12-29,1451365200,105.26
2015-12-30,1451451600,105.35
2015-12-31,1451538000,102.71
2016-01-04,1451883600,100.7
2016-01-05,1451970000,96.45
2016-01-06,1452056400,96.96
2016-01-07,1452142800,98.53
2016-01-08,1452229200,99.96
2016-01-11,1452488400,97.39
2016-01-12,1452574800,99.52
2016-01-13,1452661200,97.13
2016-01-14,1452747600,96.66
2016-01-15,1452834000,96.79
2016-01-19,1453179600,96.3
2016-01-20,1453266000,101.42
2016-01-21,1453352400,99.44
2016-01-22,1453438800,99.99
2016-01-25,1453698000,93.42
2016-01-26,1453784400,94.09
2016-01-27,1453870800,97.34
2016-01-28,1453957200,96.43
2016-01-29,1454043600,94.48
2016-02-01,1454302800,94.27
2016-02-02,1454389200,96.35
2016-02-03,1454475600,96.6
2016-02-04,1454562000,94.02
2016-02-05,1454648400,95.01
2016-02-08,1454907600,94.99
2016-02-09,1454994000,94.27
2016-02-10,1455080400,93.7
2016-02-11,1455166800,93.99
2016-02-12,1455253200,96.64
2016-02-16,1455598800,98.12
2016-02-17,1455685200,96.26
2016-02-18,1455771600,96.04
2016-02-19,1455858000,96.88
2016-02-22,1456117200,94.69
2016-02-23,1456203600,96.1
2016-02-24,1456290000,96.76
2016-02-25,1456376400,96.91
2016-02-26,1456462800,96.69
2016-02-29,1456722000,100.53
2016-03-01,1456808400,100.75
2016-03-02,1456894800,101.5
2016-03-03,1456981200,103.01
2016-03-04,1457067600,101.87
2016-03-07,1457326800,101.03
2016-03-08,1457413200,101.12
2016-03-09,1457499600,101.17
2016-03-10,1457586000,102.26
2016-03-11,1457672400,102.52
2016-03-14,1457928000,104.58
2016-03-15,1458014400,105.97
2016-03-16,1458100800,105.8
2016-03-17,1458187200,105.92
2016-03-18,1458273600,105.91
2016-03-21,1458532800,106.72
2016-03-22,1458619200,106.13
2016-03-23,1458705600,105.67
2016-03-24,1458792000,105.19
2016-03-25,1458878400,107.68
2016-03-28,1459137600,109.56
2016-03-29,1459224000,108.99
2016-03-30,1459310400,109.99
2016-03-31,1459396800,111.12
2016-04-01,1459483200,109.81
2016-04-04,1459742400,110.96
2016-04-05,1459828800,108.54
2016-04-06,1459915200,108.66
2016-04-07,1460001600,109.02
2016-04-08,1460088000,110.44
2016-04-11,1460347200,112.04
2016-04-12,1460433600,112.1
2016-04-13,1460520000,109.85
2016-04-14,1460606400,107.48
2016-04-15,1460692800,106.91
2016-04-18,1460952000,107.13
2016-04-19,1461038400,105.97
2016-04-20,1461124800,105.68
2016-04-21,1461211200,105.08
2016-04-22,1461297600,104.35
2016-04-25,1461556800,97.82
2016-04-26,1461643200,94.83
2016-04-27,1461729600,93.74
2016-04-28,1461816000,93.64
2016-04-29,1461902400,95.18
2016-05-02,1462161600,94.19
2016-05-03,1462248000,93.24
2016-05-04,1462334400,92.72
2016-05-05,1462420800,92.79
2016-05-06,1462507200,93.42
2016-05-09,1462766400,92.51
2016-05-10,1462852800,90.34
2016-05-11,1462939200,90.52
2016-05-12,1463025600,93.88
2016-05-13,1463112000,93.49
2016-05-16,1463371200,94.56
2016-05-17,1463457600,94.2
2016-05-18,1463544000,95.22
2016-05-19,1463630400,96.43
2016-05-20,1463716800,97.9
2016-05-23,1463976000,99.62
2016-05-24,1464062400,100.41
2016-05-25,1464148800,100.35
2016-05-26,1464235200,99.86
2016-05-27,1464321600,98.46
2016-05-31,1464667200,97.72
2016-06-01,1464753600,97.92
2016-06-02,1464840000,98.63
2016-06-03,1464926400,99.03
2016-06-06,1465185600,98.94
2016-06-07,1465272000,99.65
2016-06-08,1465358400,98.83
2016-06-09,1465444800,97.34
2016-06-10,1465531200,97.46
2016-06-13,1465790400,97.14
2016-06-14,1465876800,97.55
2016-06-15,1465963200,95.33
2016-06-16,1466049600,95.1
2016-06-17,1466136000,95.91
2016-06-20,1466395200,95.55
2016-06-21,1466481600,96.1
2016-06-22,1466568000,93.4
2016-06-23,1466654400,92.04
2016-06-24,1466740800,93.59
2016-06-27,1467000000,94.4
2016-06-28,1467086400,95.6
2016-06-29,1467172800,95.89
2016-06-30,1467259200,94.99
2016-07-01,1467345600,95.53
2016-07-05,1467691200,95.94
2016-07-06,1467777600,96.68
2016-07-07,1467864000,96.98
2016-07-08,1467950400,97.42
2016-07-11,1468209600,96.87
2016-07-12,1468296000,98.79
2016-07-13,1468382400,98.78
2016-07-14,1468468800,99.83
2016-07-15,1468555200,99.87
2016-07-18,1468814400,99.96
2016-07-19,1468900800,99.43
2016-07-20,1468987200,98.66
2016-07-21,1469073600,97.34
2016-07-22,1469160000,96.67
2016-07-25,1469419200,102.95
2016-07-26,1469505600,104.34
2016-07-27,1469592000,104.21
2016-07-28,1469678400,106.05
2016-07-29,1469764800,104.48
2016-08-01,1470024000,105.79
2016-08-02,1470110400,105.87
2016-08-03,1470196800,107.48
2016-08-04,1470283200,108.37
2016-08-05,1470369600,108.81
2016-08-08,1470628800,108.0
2016-08-09,1470715200,107.93
2016-08-10,1470801600,108.18
2016-08-11,1470888000,109.48
2016-08-12,1470974400,109.38
2016-08-15,1471233600,109.22
2016-08-16,1471320000,109.08
2016-08-17,1471406400,109.36
2016-08-18,1471492800,108.51
2016-08-19,1471579200,108.85
2016-08-22,1471838400,108.03
2016-08-23,1471924800,107.57
2016-08-24,1472011200,106.94
2016-08-25,1472097600,106.82
2016-08-26,1472184000,106.0
2016-08-29,1472443200,106.1
2016-08-30,1472529600,106.73
2016-08-31,1472616000,107.73
2016-09-01,1472702400,107.7
2016-09-02,1472788800,108.36
2016-09-06,1473134400,105.52
2016-09-07,1473220800,103.13
2016-09-08,1473307200,105.44
2016-09-09,1473393600,107.95
2016-09-12,1473652800,111.77
2016-09-13,1473739200,115.57
2016-09-14,1473825600,114.92
2016-09-15,1473912000,113.58
2016-09-16,1473998400,113.57
2016-09-19,1474257600,113.55
2016-09-20,1474344000,114.62
2016-09-21,1474430400,112.71
2016-09-22,1474516800,112.88
2016-09-23,1474603200,113.09
2016-09-26,1474862400,113.95
2016-09-27,1474948800,112.18
2016-09-28,1475035200,113.05
2016-09-29,1475121600,112.52
2016-09-30,1475208000,113.0
2016-10-03,1475467200,113.05
2016-10-04,1475553600,113.89
2016-10-05,1475640000,114.06
2016-10-06,1475726400,116.05
2016-10-07,1475812800,116.3
2016-10-10,1476072000,117.34
2016-10-11,1476158400,116.98
2016-10-12,1476244800,117.63
2016-10-13,1476331200,117.55
2016-10-14,1476417600,117.47
2016-10-17,1476676800,117.12
2016-10-18,1476763200,117.06
2016-10-19,1476849600,116.6
2016-10-20,1476936000,117.65
2016-10-21,1477022400,118.25
2016-10-24,1477281600,115.59
2016-10-25,1477368000,114.48
2016-10-26,1477454400,113.72
2016-10-27,1477540800,113.54
2016-10-28,1477627200,111.49
2016-10-31,1477886400,111.59
2016-11-01,1477972800,109.83
2016-11-02,1478059200,108.84
2016-11-03,1478145600,110.41
2016-11-04,1478232000,111.06
2016-11-07,1478494800,110.88
2016-11-08,1478581200,107.79
2016-11-09,1478667600,108.43
2016-11-10,1478754000,105.71
2016-11-11,1478840400,107.11
2016-11-14,1479099600,109.99
2016-11-15,1479186000,109.95
2016-11-16,1479272400,110.06
2016-11-17,1479358800,111.73
2016-11-18,1479445200,111.8
2016-11-21,1479704400,111.23
2016-11-22,1479790800,111.79
2016-11-23,1479877200,111.57
2016-11-25,1480050000,111.46
2016-11-28,1480309200,110.52
2016-11-29,1480395600,109.49
2016-11-30,1480482000,109.9
2016-12-01,1480568400,109.11
2016-12-02,1480654800,109.95
2016-12-05,1480914000,111.03
2016-12-06,1481000400,112.12
2016-12-07,1481086800,113.95
2016-12-08,1481173200,113.3
2016-12-09,1481259600,115.19
2016-12-12,1481518800,115.19
2016-12-13,1481605200,115.82
2016-12-14,1481691600,115.97
2016-12-15,1481778000,116.64
2016-12-16,1481864400,116.95
2016-12-19,1482123600,117.06
2016-12-20,1482210000,116.29
2016-12-21,1482296400,116.52
2016-12-22,1482382800,117.26
2016-12-23,1482469200,116.76
2016-12-27,1482814800,116.73
2016-12-28,1482901200,115.82
2016-12-29,1482987600,116.15
2016-12-30,1483074000,116.02
2017-01-03,1483419600,116.61
2017-01-04,1483506000,117.91
2017-01-05,1483592400,118.99
2017-01-06,1483678800,119.11
2017-01-09,1483938000,119.75
2017-01-10,1484024400,119.25
2017-01-11,1484110800,119.04
2017-01-12,1484197200,120.0
2017-01-13,1484283600,119.99
2017-01-17,1484629200,119.78
2017-01-18,1484715600,120.0
2017-01-19,1484802000,120.08
2017-01-20,1484888400,119.97
2017-01-23,1485147600,121.88
2017-01-24,1485234000,121.94
2017-01-25,1485320400,121.95
2017-01-26,1485406800,121.63
2017-01-27,1485493200,121.35
2017-01-30,1485752400,128.75
2017-01-31,1485838800,128.53
2017-02-01,1485925200,129.08
2017-02-02,1486011600,130.29
2017-02-03,1486098000,131.53
2017-02-06,1486357200,132.04
2017-02-07,1486443600,132.42
2017-02-08,1486530000,132.12
2017-02-09,1486616400,133.29
2017-02-10,1486702800,135.02
2017-02-13,1486962000,135.51
2017-02-14,1487048400,135.345
2017-02-15,1487134800,135.72
2017-02-16,1487221200,136.7
2017-02-17,1487307600,137.11
2017-02-21,1487653200,136.53
2017-02-22,1487739600,136.66
2017-02-23,1487826000,136.93
2017-02-24,1487912400,136.99
2017-02-27,1488171600,139.79
2017-02-28,1488258000,138.96
2017-03-01,1488344400,139.78
2017-03-02,1488430800,139.34
2017-03-03,1488517200,139.52
2017-03-06,1488776400,139.0
2017-03-07,1488862800,138.68
2017-03-08,1488949200,139.14
2017-03-09,1489035600,139.2
2017-03-10,1489122000,138.99
2017-03-13,1489377600,140.46
2017-03-14,1489464000,140.69
2017-03-15,1489550400,139.99
2017-03-16,1489636800,141.46
2017-03-17,1489723200,139.84
2017-03-20,1489982400,141.42
2017-03-21,1490068800,140.92
2017-03-22,1490155200,140.64
2017-03-23,1490241600,140.88
2017-03-24,1490328000,143.8
2017-03-27,1490587200,144.12
2017-03-28,1490673600,143.93
2017-03-29,1490760000,143.66
2017-03-30,1490846400,143.7
2017-03-31,1490932800,144.77
2017-04-03,1491192000,144.02
2017-04-04,1491278400,143.66
2017-04-05,1491364800,143.34
2017-04-06,1491451200,143.17
2017-04-07,1491537600,141.63
2017-04-10,1491796800,141.8
2017-04-11,1491883200,141.05
2017-04-12,1491969600,141.83
2017-04-13,1492056000,141.2
2017-04-14,1492142400,140.68
2017-04-17,1492401600,142.44
2017-04-18,1492488000,142.27
2017-04-19,1492574400,143.64
2017-04-20,1492660800,144.53
2017-04-21,1492747200,143.68
2017-04-24,1493006400,143.79
2017-04-25,1493092800,143.65
2017-04-26,1493179200,146.58
2017-04-27,1493265600,147.51
2017-04-28,1493352000,147.06
2017-05-01,1493611200,156.1
2017-05-02,1493697600,146.53
2017-05-03,1493784000,148.96
2017-05-04,1493870400,153.01
2017-05-05,1493956800,153.99
2017-05-08,1494216000,153.26
2017-05-09,1494302400,153.95
2017-05-10,1494388800,156.1
2017-05-11,1494475200,155.7
2017-05-12,1494561600,155.47
2017-05-15,1494820800,150.25
2017-05-16,1494907200,152.54
2017-05-17,1494993600,153.06
2017-05-18,1495080000,153.99
2017-05-19,1495166400,153.8
2017-05-22,1495425600,153.34
2017-05-23,1495512000,153.87
2017-05-24,1495598400,153.61
2017-05-25,1495684800,153.67
2017-05-26,1495771200,152.76
2017-05-30,1496116800,153.18
2017-05-31,1496203200,155.45
2017-06-01,1496289600,153.93
2017-06-02,1496376000,154.45
2017-06-05,1496635200,155.37
2017-06-06,1496721600,154.99
2017-06-07,1496808000,148.98
2017-06-08,1496894400,145.42
2017-06-09,1496980800,146.59
2017-06-12,1497240000,145.16
2017-06-13,1497326400,144.29
2017-06-14,1497412800,142.27
2017-06-15,1497499200,146.34
2017-06-16,1497585600,145.01
2017-06-19,1497844800,145.87
2017-06-20,1497931200,145.63
2017-06-21,1498017600,146.28
2017-06-22,1498104000,145.82
2017-06-23,1498190400,143.73
2017-06-26,1498449600,145.83
2017-06-27,1498536000,143.68
2017-06-28,1498622400,144.02
2017-06-29,1498708800,143.5
2017-06-30,1498795200,144.09
2017-07-03,1499054400,142.73
2017-07-05,1499227200,144.18
2017-07-06,1499313600,145.06
2017-07-07,1499400000,145.53
2017-07-10,1499659200,145.74
2017-07-11,1499745600,147.77
2017-07-12,1499832000,149.04
2017-07-13,1499918400,149.56
2017-07-14,1500004800,150.08
2017-07-17,1500264000,151.02
2017-07-18,1500350400,150.34
2017-07-19,1500436800,150.27
2017-07-20,1500523200,152.09
2017-07-21,1500609600,152.74
2017-07-24,1500868800,153.46
2017-07-25,1500955200,150.56
2017-07-26,1501041600,149.5
2017-07-27,1501128000,148.73
2017-07-28,1501214400,150.05
2017-07-31,1501473600,157.14
2017-08-01,1501560000,155.57
2017-08-02,1501646400,156.39
2017-08-03,1501732800,158.81
2017-08-04,1501819200,160.08
2017-08-07,1502078400,161.06
2017-08-08,1502164800,155.32
2017-08-09,1502251200,157.48
2017-08-10,1502337600,159.85
2017-08-11,1502424000,161.6
2017-08-14,1502683200,160.95
2017-08-15,1502769600,157.86
2017-08-16,1502856000,157.5
2017-08-17,1502942400,157.21
2017-08-18,1503028800,159.78
2017-08-21,1503288000,159.98
2017-08-22,1503374400,159.27
2017-08-23,1503460800,159.86
2017-08-24,1503547200,161.47
2017-08-25,1503633600,162.91
2017-08-28,1503892800,163.35
2017-08-29,1503979200,164.0
2017-08-30,1504065600,164.05
2017-08-31,1504152000,162.08
2017-09-01,1504238400,161.91
2017-09-05,1504584000,161.26
2017-09-06,1504670400,158.63
2017-09-07,1504756800,161.5
2017-09-08,1504843200,160.86
2017-09-11,1505102400,159.65
2017-09-12,1505188800,158.28
2017-09-13,1505275200,159.88
2017-09-14,1505361600,158.67
2017-09-15,1505448000,158.73
2017-09-18,1505707200,156.07
2017-09-19,1505793600,153.39
2017-09-20,1505880000,151.89
2017-09-21,1505966400,150.55
2017-09-22,1506052800,153.14
2017-09-25,1506312000,154.23
2017-09-26,1506398400,153.28
2017-09-27,1506484800,154.12
2017-09-28,1506571200,153.81
2017-09-29,1506657600,154.48
2017-10-02,1506916800,153.48
2017-10-03,1507003200,155.39
2017-10-04,1507089600,155.3
2017-10-05,1507176000,155.84
2017-10-06,1507262400,155.9
2017-10-09,1507521600,156.55
2017-10-10,1507608000,156.0
2017-10-11,1507694400,156.99
2017-10-12,1507780800,159.88
2017-10-13,1507867200,160.47
2017-10-16,1508126400,159.76
2017-10-17,1508212800,155.98
2017-10-18,1508299200,156.25
2017-10-19,1508385600,156.17
2017-10-20,1508472000,157.1
2017-10-23,1508731200,156.41
2017-10-24,1508817600,157.41
2017-10-25,1508904000,163.05
2017-10-26,1508990400,166.72
2017-10-27,1509076800,169.04
2017-10-30,1509336000,166.89
2017-10-31,1509422400,168.11
2017-11-01,1509508800,172.5
2017-11-02,1509595200,174.25
2017-11-03,1509681600,174.81
2017-11-06,1509944400,176.24
2017-11-07,1510030800,175.88
2017-11-08,1510117200,174.67
2017-11-09,1510203600,173.97
2017-11-13,1510549200,171.34
2017-11-14,1510635600,169.08
2017-11-15,1510722000,171.1
2017-11-16,1510808400,170.15
2017-11-17,1510894800,169.98
2017-11-20,1511154000,173.14
2017-11-21,1511240400,174.96
2017-11-22,1511326800,174.97
2017-11-24,1511499600,174.09
2017-11-27,1511758800,173.07
2017-11-28,1511845200,169.48
2017-11-29,1511931600,171.85
2017-11-30,1512018000,171.05
2017-12-01,1512104400,169.8
2017-12-04,1512363600,169.64
2017-12-05,1512450000,169.01
2017-12-06,1512536400,169.32
2017-12-07,1512622800,169.37
2017-12-08,1512709200,172.67
2017-12-11,1512968400,171.7
2017-12-12,1513054800,172.27
2017-12-13,1513141200,172.22
2017-12-14,1513227600,173.97
2017-12-15,1513314000,176.42
2017-12-18,1513573200,174.54
2017-12-19,1513659600,174.35
2017-12-20,1513746000,175.01
2017-12-21,1513832400,175.01
2017-12-22,1513918800,170.57
2017-12-26,1514264400,170.6
2017-12-27,1514350800,171.08
2017-12-28,1514437200,169.23
2017-12-29,1514523600,172.26
2018-01-02,1514869200,172.23
2018-01-03,1514955600,173.03
2018-01-04,1515042000,175.0
2018-01-05,1515128400,174.35
2018-01-08,1515387600,174.33
2018-01-09,1515474000,174.29
2018-01-10,1515560400,175.28
2018-01-11,1515646800,177.09
2018-01-12,1515733200,176.19
2018-01-16,1516078800,179.1
2018-01-17,1516165200,179.26
2018-01-18,1516251600,178.46
2018-01-19,1516338000,177.0
2018-01-22,1516597200,177.04
2018-01-23,1516683600,174.22
2018-01-24,1516770000,171.11
2018-01-25,1516856400,171.51
2018-01-26,1516942800,167.96
2018-01-29,1517202000,166.97
2018-01-30,1517288400,167.43
2018-01-31,1517374800,167.78
2018-02-01,1517461200,160.5
2018-02-02,1517547600,156.49
2018-02-05,1517806800,163.03
2018-02-06,1517893200,159.54
2018-02-07,1517979600,155.15
2018-02-08,1518066000,156.41
2018-02-09,1518152400,162.71
2018-02-12,1518411600,164.34
2018-02-13,1518498000,167.37
2018-02-14,1518584400,172.99
2018-02-15,1518670800,172.43
2018-02-16,1518757200,171.85
2018-02-20,1519102800,171.07
2018-02-21,1519189200,172.5
2018-02-22,1519275600,175.5
2018-02-23,1519362000,178.97
2018-02-26,1519621200,178.39
2018-02-27,1519707600,178.12
2018-02-28,1519794000,175.0
2018-03-01,1519880400,176.21
2018-03-02,1519966800,176.82
2018-03-05,1520226000,176.67
2018-03-06,1520312400,175.03
2018-03-07,1520398800,176.94
2018-03-08,1520485200,179.98
2018-03-09,1520571600,181.72
2018-03-12,1520827200,179.97
2018-03-13,1520913600,178.44
2018-03-14,1521000000,178.65
2018-03-15,1521086400,178.02
2018-03-16,1521172800,175.3
2018-03-19,1521432000,175.24
2018-03-20,1521518400,171.27
2018-03-21,1521604800,168.85
2018-03-22,1521691200,164.94
2018-03-23,1521777600,172.77
2018-03-26,1522036800,168.34
2018-03-27,1522123200,166.48
2018-03-28,1522209600,167.78
2018-03-29,1522296000,166.68
2018-03-30,1522382400,168.39
2018-04-02,1522641600,171.61
2018-04-03,1522728000,172.8
2018-04-04,1522814400,168.38
2018-04-05,1522900800,170.05
2018-04-06,1522987200,173.25
2018-04-09,1523246400,172.44
2018-04-10,1523332800,174.14
2018-04-11,1523419200,174.73
2018-04-12,1523505600,175.82
2018-04-13,1523592000,178.24
2018-04-16,1523851200,177.84
2018-04-17,1523937600,172.8
2018-04-18,1524024000,165.72
2018-04-19,1524110400,165.24
2018-04-20,1524196800,162.94
2018-04-23,1524456000,163.65
2018-04-24,1524542400,164.22
2018-04-25,1524628800,162.32
2018-04-26,1524715200,165.26
2018-04-27,1524801600,169.1
2018-04-30,1525060800,176.57
2018-05-01,1525147200,176.89
2018-05-02,1525233600,183.83
2018-05-03,1525320000,185.16
2018-05-04,1525406400,186.05
2018-05-07,1525665600,187.36
2018-05-08,1525752000,190.04
2018-05-09,1525838400,188.59
2018-05-10,1525924800,188.15
2018-05-11,1526011200,186.44
2018-05-14,1526270400,188.18
2018-05-15,1526356800,186.99
2018-05-16,1526443200,186.31
2018-05-17,1526529600,187.63
2018-05-18,1526616000,187.16
2018-05-21,1526875200,188.36
2018-05-22,1526961600,188.15
2018-05-23,1527048000,188.58
2018-05-24,1527134400,187.9
2018-05-25,1527220800,187.5
2018-05-29,1527566400,186.87
2018-05-30,1527652800,190.24
2018-05-31,1527739200,191.83
2018-06-01,1527825600,193.31
2018-06-04,1528084800,193.98
2018-06-05,1528171200,193.46
2018-06-06,1528257600,191.7
2018-06-07,1528344000,191.23
2018-06-08,1528430400,192.28
2018-06-11,1528689600,190.7
2018-06-12,1528776000,190.8
2018-06-13,1528862400,188.84
2018-06-14,1528948800,188.74
2018-06-15,1529035200,185.69
2018-06-18,1529294400,186.5
2018-06-19,1529380800,185.46
2018-06-20,1529467200,184.92
2018-06-21,1529553600,182.17
2018-06-22,1529640000,184.43
2018-06-25,1529899200,184.16
2018-06-26,1529985600,185.5
2018-06-27,1530072000,185.11
2018-06-28,1530158400,187.18
2018-06-29,1530244800,183.92
2018-07-02,1530504000,185.4
2018-07-03,1530590400,187.97
2018-07-05,1530763200,190.58
2018-07-06,1530849600,190.35
2018-07-09,1531108800,187.88
2018-07-10,1531195200,191.03
2018-07-11,1531281600,191.33
2018-07-12,1531368000,190.91
2018-07-13,1531454400,191.45
2018-07-16,1531713600,190.4
2018-07-17,1531800000,191.88
2018-07-18,1531886400,191.44
2018-07-19,1531972800,191.61
2018-07-20,1532059200,193.0
2018-07-23,1532318400,194.82
2018-07-24,1532404800,194.21
2018-07-25,1532491200,190.98
2018-07-26,1532577600,189.91
2018-07-27,1532664000,189.91
