Datetime,Timestamp,Price,VIX,11-Month-LIBOR,11-Month-VM,100-Calls,100-Calls-P,100-Calls-ROI,100-Puts,100-Puts-P,100-Puts-ROI,100-Calls,100-Calls-P,100-Calls-ROI
2015-11-19,1447909200000,13.07,16.99,0.885163514,,,,,,,,,,
2015-11-20,1447995600000,12.85,15.47,0.899258108,,,,,,,,,,
2015-11-23,1448254800000,12.12,15.62,0.904952703,,,,,,,,,,
2015-11-24,1448341200000,12.02,15.93,0.91192027,,,,,,,,,,
2015-11-25,1448427600000,11.9,15.19,0.9165486490000001,,,,,,,,,,
2015-11-27,1448600400000,12.05,15.12,0.9133189190000001,,,,,,,,,,
2015-11-30,1448859600000,12.04,16.13,0.9199270270000001,,,,,,,,,,
2015-12-01,1448946000000,11.91,14.67,0.92362973,,,,,,,,,,
2015-12-02,1449032400000,11.93,15.91,0.929031081,,,,,,,,,,
2015-12-03,1449118800000,11.92,18.11,0.94942027,,,,,,,,,,
2015-12-04,1449205200000,12.04,14.81,0.956156757,,,,,,,,,,
2015-12-07,1449464400000,12.36,15.84,0.9781364859999999,,,,,,,,,,
2015-12-08,1449550800000,12.12,17.6,0.983690541,,,,,,,,,,
2015-12-09,1449637200000,11.99,19.61,0.99137973,,,,,,,,,,
2015-12-10,1449723600000,12.05,19.34,0.9943864859999999,,,,,,,,,,
2015-12-11,1449810000000,11.95,24.39,1.006162162,,,,,,,,,,
2015-12-14,1450069200000,12.33,22.73,1.004513514,,,,,,,,,,
2015-12-15,1450155600000,12.47,20.95,1.013243243,,,,,,,,,,
2015-12-16,1450242000000,12.27,17.86,1.02417027,,,,,,,,,,
2015-12-17,1450328400000,12.32,18.94,1.049594595,,,,,,,,,,
2015-12-18,1450414800000,12.34,20.7,1.056121622,,,,,,,,,,
2015-12-21,1450674000000,12.24,18.7,1.066297297,,,,,,,,,,
2015-12-22,1450760400000,12.46,16.6,1.072067568,,,,,,,,,,
2015-12-23,1450846800000,12.5,15.57,1.084121622,,,,,,,,,,
2015-12-24,1450933200000,12.6,15.74,1.086921622,,,,,,,,,,
2015-12-28,1451278800000,12.83,16.91,1.086921622,,,,,,,,,,
2015-12-29,1451365200000,12.74,16.08,1.086921622,,,,,,,,,,
2015-12-30,1451451600000,12.78,17.29,1.097805405,,,,,,,,,,
2015-12-31,1451538000000,13.09,18.21,1.115217568,,,,,,,,,,
2016-01-04,1451883600000,12.16,20.7,1.115217568,,,,,,,,,,
2016-01-05,1451970000000,11.51,19.34,1.107385135,,,,,,,,,,
2016-01-06,1452056400000,11.52,20.59,1.1122,,,,,,,,,,
2016-01-07,1452142800000,11.16,24.99,1.105935135,,,,,,,,,,
2016-01-08,1452229200000,11.31,27.01,1.089908108,,,,,,,,,,
2016-01-11,1452488400000,11.84,24.3,1.09752973,,,,,,,,,,
2016-01-12,1452574800000,12.09,22.47,1.0964081079999999,,,,,,,,,,
2016-01-13,1452661200000,11.61,25.22,1.0990972970000001,,,,,,,,,,
2016-01-14,1452747600000,10.82,23.95,1.1057,,,,,,,,,,
2016-01-15,1452834000000,10.27,27.02,1.101597297,,,,,,,,,,
2016-01-19,1453179600000,9.47,26.05,1.089090541,,,,,,,,,,
2016-01-20,1453266000000,9.49,27.59,1.090858108,,,,,,,,,,
2016-01-21,1453352400000,10.02,26.69,1.095074324,,,,,,,,,,
2016-01-22,1453438800000,9.85,22.34,1.086114865,,,,,,,,,,
2016-01-25,1453698000000,9.81,24.15,1.089601351,,,,,,,,,,
2016-01-26,1453784400000,9.54,22.5,1.100905405,,,,,,,,,,
2016-01-27,1453870800000,9.05,23.11,1.098564865,,,,,,,,,,
2016-01-28,1453957200000,8.74,22.42,1.096912162,,,,,,,,,,
2016-01-29,1454043600000,8.77,20.2,1.096445946,,,,,,,,,,
2016-02-01,1454302800000,8.76,19.98,1.097074324,,,,,,,,,,
2016-02-02,1454389200000,8.47,21.98,1.086871622,,,,,,,,,,
2016-02-03,1454475600000,8.43,21.65,1.0881756759999999,,,,,,,,,,
2016-02-04,1454562000000,8.9,21.84,1.086201351,,,,,,,,,,
2016-02-05,1454648400000,8.63,23.38,1.079744595,,,,,,,,,,
2016-02-08,1454907600000,8.37,26.0,1.07862973,,,,,,,,,,
2016-02-09,1454994000000,8.62,26.54,1.084740541,,,,,,,,,,
2016-02-10,1455080400000,8.88,26.29,1.0889918920000001,,,,,,,,,,
2016-02-11,1455166800000,8.62,28.14,1.0828378379999999,,,,,,,,,,
2016-02-12,1455253200000,9.3,25.4,1.0680662159999998,,,,,,,,,,
2016-02-16,1455598800000,9.93,24.11,1.066836486,,,,,,,,,,
2016-02-17,1455685200000,9.84,22.31,1.0781810809999999,,,,,,,,,,
2016-02-18,1455771600000,9.98,21.64,1.0817689190000002,,,,,,,,,,
2016-02-19,1455858000000,9.97,20.53,1.083937838,,,,,,,,,,
2016-02-22,1456117200000,10.38,19.38,1.090616216,,,,,,,,,,
2016-02-23,1456203600000,9.71,20.98,1.088318919,,,,,,,,,,
2016-02-24,1456290000000,9.89,20.72,1.106104054,,,,,,,,,,
2016-02-25,1456376400000,10.26,19.11,1.104793243,,,,,,,,,,
2016-02-26,1456462800000,10.32,19.81,1.102448649,,,,,,,,,,
2016-02-29,1456722000000,10.44,20.55,1.107274324,,,,,,,,,,
2016-03-01,1456808400000,10.72,17.7,1.1079608109999999,,,,,,,,,,
2016-03-02,1456894800000,11.97,17.09,1.123345946,,,,,,,,,,
2016-03-03,1456981200000,12.25,16.7,1.122933784,,,,,,,,,,
2016-03-04,1457067600000,12.01,16.86,1.1375135140000001,,,,,,,,,,
2016-03-07,1457326800000,12.26,17.35,1.142643243,,,,,,,,,,
2016-03-08,1457413200000,11.48,18.67,1.136874324,,,,,,,,,,
2016-03-09,1457499600000,12.03,18.34,1.1532986490000001,,,,,,,,,,
2016-03-10,1457586000000,11.3,18.05,1.148483784,,,,,,,,,,
2016-03-11,1457672400000,11.1,16.5,1.150237838,,,,,,,,,,
2016-03-14,1457928000000,11.61,16.92,1.152256757,,,,,,,,,,
2016-03-15,1458014400000,11.95,16.84,1.1641486490000001,,,,,,,,,,
2016-03-16,1458100800000,11.87,14.99,1.170508108,,,,,,,,,,
2016-03-17,1458187200000,11.95,14.44,1.17557027,,,,,,,,,,
2016-03-18,1458273600000,12.04,14.02,1.182778378,,,,,,,,,,
2016-03-21,1458532800000,13.4,13.79,1.142813514,,,,,,,,,,
2016-03-22,1458619200000,13.06,14.17,1.1508621620000001,,,,,,,,,,
2016-03-23,1458705600000,12.59,14.94,1.163954054,,,,,,,,,,
2016-03-24,1458792000000,12.88,14.74,1.176045946,,,,,,,,,,
2016-03-25,1458878400000,13.4,15.24,1.170562162,,,,,,,,,,
2016-03-28,1459137600000,13.74,13.82,1.170562162,,,,,,,,,,
2016-03-29,1459224000000,15.02,13.56,1.170562162,,,,,,,,,,
2016-03-30,1459310400000,15.28,13.95,1.177210811,,,,,,,,,,
2016-03-31,1459396800000,14.22,13.1,1.154508108,,,,,,,,,,
2016-04-01,1459483200000,14.28,14.12,1.1516189190000001,,,,,,,,,,
2016-04-04,1459742400000,14.26,15.42,1.154316216,,,,,,,,,,
2016-04-05,1459828800000,14.97,14.09,1.161451351,,,,,,,,,,
2016-04-06,1459915200000,14.81,16.16,1.146008108,,,,,,,,,,
2016-04-07,1460001600000,15.13,15.36,1.152118919,,,,,,,,,,
2016-04-08,1460088000000,15.36,16.26,1.146731081,,,,,,,,,,
2016-04-11,1460347200000,15.48,14.85,1.1459675679999999,,,,,,,,,,
2016-04-12,1460433600000,15.01,13.84,1.1486837840000002,,,,,,,,,,
2016-04-13,1460520000000,14.82,13.72,1.149474324,,,,,,,,,,
2016-04-14,1460606400000,14.33,13.62,1.157312162,,,,,,,,,,
2016-04-15,1460692800000,14.51,13.35,1.160562162,,,,,,,,,,
2016-04-18,1460952000000,14.09,13.24,1.160832432,,,,,,,,,,
2016-04-19,1461038400000,13.63,13.28,1.1582513509999999,,,,,,,,,,
2016-04-20,1461124800000,13.24,13.95,1.163960811,,,,,,,,,,
2016-04-21,1461211200000,13.34,13.22,1.1641364859999999,,,,,,,,,,
2016-04-22,1461297600000,13.59,14.08,1.177636486,,,,,,,,,,
2016-04-25,1461556800000,14.18,13.96,1.174352703,,,,,,,,,,
2016-04-26,1461643200000,14.69,13.77,1.176710811,,,,,,,,,,
2016-04-27,1461729600000,15.35,15.22,1.180035135,,,,,,,,,,
2016-04-28,1461816000000,14.89,15.7,1.18162973,,,,,,,,,,
2016-04-29,1461902400000,14.0,14.68,1.168447297,,,,,,,,,,
2016-05-02,1462161600000,13.45,15.6,1.167947297,,,,,,,,,,
2016-05-03,1462248000000,13.39,16.05,1.17037973,,,,,,,,,,
2016-05-04,1462334400000,13.05,15.91,1.168951351,,,,,,,,,,
2016-05-05,1462420800000,10.22,14.72,1.169381081,,,,,,,,,,
2016-05-06,1462507200000,9.85,14.57,1.169381081,,,,,,,,,,
2016-05-09,1462766400000,10.0,13.63,1.166278378,,,,,,,,,,
2016-05-10,1462852800000,9.68,14.69,1.163954054,,,,,,,,,,
2016-05-11,1462939200000,9.28,14.41,1.164562162,,,,,,,,,,
2016-05-12,1463025600000,9.36,15.04,1.166312162,,,,,,,,,,
2016-05-13,1463112000000,9.16,14.68,1.167981081,,,,,,,,,,
2016-05-16,1463371200000,9.18,15.57,1.170927027,,,,,,,,,,
2016-05-17,1463457600000,9.4,15.95,1.179775676,,,,,,,,,,
2016-05-18,1463544000000,9.6,16.33,1.205552703,,,,,,,,,,
2016-05-19,1463630400000,9.39,15.2,1.2339108109999999,,,,,,,,,,
2016-05-20,1463716800000,9.46,15.82,1.236427027,,,,,,,,,,
2016-05-23,1463976000000,10.14,14.42,1.237710811,,,,,,,,,,
2016-05-24,1464062400000,10.0,13.9,1.247231081,,,,,,,,,,
2016-05-25,1464148800000,9.75,13.43,1.257032432,,,,,,,,,,
2016-05-26,1464235200000,9.63,13.12,1.255694595,,,,,,,,,,
2016-05-27,1464321600000,9.53,14.19,1.2526405409999999,,,,,,,,,,
2016-05-31,1464667200000,9.6,14.2,1.2526405409999999,,,,,,,,,,
2016-06-01,1464753600000,9.65,13.63,1.272262162,,,,,,,,,,
2016-06-02,1464840000000,9.46,13.47,1.263508108,,,,,,,,,,
2016-06-03,1464926400000,9.51,13.65,1.266467568,,,,,,,,,,
2016-06-06,1465185600000,9.57,14.05,1.265997297,,,,,,,,,,
2016-06-07,1465272000000,9.55,14.08,1.222902703,,,,,,,,,,
2016-06-08,1465358400000,9.34,14.64,1.221494595,,,,,,,,,,
2016-06-09,1465444800000,9.14,17.03,1.215662162,,,,,,,,,,
2016-06-10,1465531200000,8.92,20.97,1.211190541,,,,,,,,,,
2016-06-13,1465790400000,8.89,20.5,1.19817027,,,,,,,,,,
2016-06-14,1465876800000,9.06,20.14,1.192832432,,,,,,,,,,
2016-06-15,1465963200000,9.05,19.37,1.204264865,,,,,,,,,,
2016-06-16,1466049600000,9.04,19.41,1.179113514,,,,,,,,,,
2016-06-17,1466136000000,9.2,18.37,1.1809472970000001,,,,,,,,,,
2016-06-20,1466395200000,9.35,18.48,1.190798649,,,,,,,,,,
2016-06-21,1466481600000,8.78,21.17,1.1917040540000001,,,,,,,,,,
2016-06-22,1466568000000,9.13,17.25,1.190204054,,,,,,,,,,
2016-06-23,1466654400000,8.77,25.76,1.189048649,,,,,,,,,,
2016-06-24,1466740800000,8.62,23.85,1.146343243,,,,,,,,,,
2016-06-27,1467000000000,8.9,18.75,1.137268919,,,,,,,,,,
2016-06-28,1467086400000,9.3,16.64,1.146744595,,,,,,,,,,
2016-06-29,1467172800000,9.05,15.63,1.159001351,,,,,,,,,,
2016-06-30,1467259200000,9.27,14.77,1.1723391890000001,,,,,,,,,,
2016-07-01,1467345600000,8.94,15.58,1.167987838,,,,,,,,,,
2016-07-05,1467691200000,9.0,14.96,1.1769472970000001,,,,,,,,,,
2016-07-06,1467777600000,9.08,14.76,1.1757918920000001,,,,,,,,,,
2016-07-07,1467864000000,9.3,13.2,1.172541892,,,,,,,,,,
2016-07-08,1467950400000,9.24,13.54,1.187548649,,,,,,,,,,
2016-07-11,1468209600000,9.4,13.55,1.193291892,,,,,,,,,,
2016-07-12,1468296000000,9.29,13.04,1.209318919,,,,,,,,,,
2016-07-13,1468382400000,9.37,12.82,1.2242432429999999,,,,,,,,,,
2016-07-14,1468468800000,9.17,12.67,1.234127027,,,,,,,,,,
2016-07-15,1468555200000,9.27,12.44,1.238471622,,,,,,,,,,
2016-07-18,1468814400000,9.35,11.97,1.248759459,,,,,,,,,,
2016-07-19,1468900800000,9.58,11.77,1.2651783779999999,,,,,,,,,,
2016-07-20,1468987200000,9.46,12.74,1.268056757,,,,,,,,,,
2016-07-21,1469073600000,9.73,12.02,1.297035135,,,,,,,,,,
2016-07-22,1469160000000,9.85,12.87,1.309940541,,,,,,,,,,
2016-07-25,1469419200000,10.1,13.05,1.3241864859999999,,,,,,,,,,
2016-07-26,1469505600000,10.13,12.83,1.3370378379999999,,,,,,,,,,
2016-07-27,1469592000000,10.12,12.72,1.3517540540000001,,,,,,,,,,
2016-07-28,1469678400000,10.07,11.87,1.357983784,,,,,,,,,,
2016-07-29,1469764800000,10.19,12.44,1.371483784,,,,,,,,,,
2016-08-01,1470024000000,10.05,13.37,1.3732675680000002,,,,,,,,,,
2016-08-02,1470110400000,10.44,12.86,1.38292973,,,,,,,,,,
2016-08-03,1470196800000,11.32,12.42,1.395875676,,,,,,,,,,
2016-08-04,1470283200000,11.15,11.39,1.416362162,,,,,,,,,,
2016-08-05,1470369600000,11.26,11.5,1.4156189190000001,,,,,,,,,,
2016-08-08,1470628800000,11.3,11.66,1.447010811,,,,,,,,,,
2016-08-09,1470715200000,11.07,12.05,1.460767568,,,,,,,,,,
2016-08-10,1470801600000,11.37,11.68,1.463808108,,,,,,,,,,
2016-08-11,1470888000000,11.66,11.55,1.4598013509999999,,,,,,,,,,
2016-08-12,1470974400000,11.48,11.81,1.465348649,,,,,,,,,,
2016-08-15,1471233600000,11.64,12.64,1.4481183780000002,,,,,,,,,,
2016-08-16,1471320000000,11.4,12.19,1.440770811,,,,,,,,,,
2016-08-17,1471406400000,11.75,11.43,1.460425946,,,,,,,,,,
2016-08-18,1471492800000,11.8,11.34,1.457674865,,,,,,,,,,
2016-08-19,1471579200000,11.82,12.27,1.464824865,,,,,,,,,,
2016-08-22,1471838400000,12.39,12.38,1.4754378380000002,,,,,,,,,,
2016-08-23,1471924800000,12.16,13.45,1.473864865,,,,,,,,,,
2016-08-24,1472011200000,12.31,13.63,1.469212973,,,,,,,,,,
2016-08-25,1472097600000,12.04,13.65,1.469007027,,,,,,,,,,
2016-08-26,1472184000000,12.01,12.94,1.4788459459999999,,,,,,,,,,
2016-08-29,1472443200000,12.07,13.12,1.4788459459999999,,,,,,,,,,
2016-08-30,1472529600000,12.19,13.42,1.4979675680000002,,,,,,,,,,
2016-08-31,1472616000000,12.0,13.48,1.50609027,,,,,,,,,,
2016-09-01,1472702400000,12.05,11.98,1.500341081,,,,,,,,,,
2016-09-02,1472788800000,11.83,12.02,1.5030781080000002,,,,,,,,,,
2016-09-06,1473134400000,11.93,11.94,1.502441081,,,,,,,,,,
2016-09-07,1473220800000,11.78,12.51,1.4814018919999998,,,,,,,,,,
2016-09-08,1473307200000,11.27,17.5,1.4825118919999998,,,,,,,,,,
2016-09-09,1473393600000,11.33,15.16,1.4987405409999999,,,,,,,,,,
2016-09-12,1473652800000,11.23,17.85,1.5075718919999999,,,,,,,,,,
2016-09-13,1473739200000,11.28,18.14,1.496285946,,,,,,,,,,
2016-09-14,1473825600000,11.38,16.3,1.4988218919999998,,,,,,,,,,
2016-09-15,1473912000000,11.37,15.37,1.493742973,,,,,,,,,,
2016-09-16,1473998400000,11.55,15.53,1.488594865,,,,,,,,,,
2016-09-19,1474257600000,11.66,15.92,1.499170811,,,,,,,,,,
2016-09-20,1474344000000,11.9,13.3,1.506914324,,,,,,,,,,
2016-09-21,1474430400000,11.68,12.02,1.511752973,,,,,,,,,,
2016-09-22,1474516800000,11.83,12.29,1.502113784,,,,,,,,,,
2016-09-23,1474603200000,11.55,14.5,1.498276757,,,,,,,,,,
2016-09-26,1474862400000,11.78,13.1,1.496423784,,,,,,,,,,
2016-09-27,1474948800000,11.83,12.39,1.4927075680000002,,,,,,,,,,
2016-09-28,1475035200000,11.64,14.02,1.491265135,,,,,,,,,,
2016-09-29,1475121600000,11.66,13.29,1.496063784,,,,,,,,,,
2016-09-30,1475208000000,11.67,13.57,1.4927416219999998,,,,,,,,,,
2016-10-03,1475467200000,11.63,13.63,1.500120541,,,,,,,,,,
2016-10-04,1475553600000,11.69,12.99,1.506211622,,,,,,,,,,
2016-10-05,1475640000000,11.52,12.84,1.5127178380000001,,,,,,,,,,
2016-10-06,1475726400000,11.48,13.48,1.52091027,,,,,,,,,,
2016-10-07,1475812800000,11.47,13.38,1.5256443240000002,,,,,,,,,,
2016-10-10,1476072000000,11.18,15.36,1.529218919,,,,,,,,,,
2016-10-11,1476158400000,11.27,15.91,1.532859189,,,,,,,,,,
2016-10-12,1476244800000,11.19,16.69,1.5258340540000002,,,,,,,,,,
2016-10-13,1476331200000,11.12,16.12,1.5244881080000001,,,,,,,,,,
2016-10-14,1476417600000,10.93,16.21,1.5208218919999998,,,,,,,,,,
2016-10-17,1476676800000,11.34,15.28,1.512476757,,,,,,,,,,
2016-10-18,1476763200000,11.3,14.41,1.5056767569999998,,,,,,,,,,
2016-10-19,1476849600000,11.19,13.75,1.5075827030000002,,,,,,,,,,
2016-10-20,1476936000000,11.32,13.34,1.5122478380000002,,,,,,,,,,
2016-10-21,1477022400000,11.35,13.02,1.511084865,,,,,,,,,,
2016-10-24,1477281600000,11.07,13.46,1.5182778380000002,,,,,,,,,,
2016-10-25,1477368000000,11.21,14.24,1.5192918919999998,,,,,,,,,,
2016-10-26,1477454400000,11.15,15.36,1.521117838,,,,,,,,,,
2016-10-27,1477540800000,11.14,16.19,1.521011892,,,,,,,,,,
2016-10-28,1477627200000,11.2,17.06,1.514737838,,,,,,,,,,
2016-10-31,1477886400000,11.07,18.56,1.5152978380000002,,,,,,,,,,
2016-11-01,1477972800000,11.78,19.32,1.5051578380000001,,,,,,,,,,
2016-11-02,1478059200000,11.99,22.08,1.500893784,,,,,,,,,,
2016-11-03,1478145600000,12.18,22.51,1.4996778380000002,,,,,,,,,,
2016-11-04,1478232000000,12.22,18.71,1.50848973,,,,,,,,,,
2016-11-07,1478494800000,12.34,18.74,1.5084637840000001,,,,,,,,,,
2016-11-08,1478581200000,12.0,14.38,1.49689973,,,,,,,,,,
2016-11-09,1478667600000,11.65,14.74,1.5219118919999999,,,,,,,,,,
2016-11-10,1478754000000,11.88,14.17,1.526255946,,,,,,,,,,
2016-11-11,1478840400000,12.35,14.48,1.54669,,,,,,,,,,
2016-11-14,1479099600000,12.03,13.37,1.541664054,,,,,,,,,,
2016-11-15,1479186000000,12.04,13.72,1.5481481080000001,,,,,,,,,,
2016-11-16,1479272400000,12.22,13.35,1.54219,,,,,,,,,,
2016-11-17,1479358800000,12.16,12.85,1.556946216,,,,,,,,,,
2016-11-18,1479445200000,12.22,12.42,1.561736216,,,,,,,,,,
2016-11-21,1479704400000,12.46,12.41,1.563406216,,,,,,,,,,
2016-11-22,1479790800000,12.43,12.43,1.576342162,,,,,,,,,,
2016-11-23,1479877200000,12.75,12.34,1.577906216,,,,,,,,,,
2016-11-25,1480050000000,12.53,13.15,1.5747521619999998,,,,,,,,,,
2016-11-28,1480309200000,12.46,12.9,1.5748321619999999,,,,,,,,,,
2016-11-29,1480395600000,12.94,13.33,1.572742162,,,,,,,,,,
2016-11-30,1480482000000,12.71,14.07,1.5767621619999999,,,,,,,,,,
2016-12-01,1480568400000,13.06,14.12,1.577776216,,,,,,,,,,
2016-12-02,1480654800000,13.2,12.14,1.5772162159999998,,,,,,,,,,
2016-12-05,1480914000000,13.27,11.79,1.57899027,,,,,,,,,,
2016-12-06,1481000400000,14.12,12.22,1.578536216,,,,,,,,,,
2016-12-07,1481086800000,13.94,12.64,1.57809027,,,,,,,,,,
2016-12-08,1481173200000,13.89,11.75,1.581762162,,,,,,,,,,
2016-12-09,1481259600000,13.85,12.64,1.58725027,,,,,,,,,,
2016-12-12,1481518800000,14.07,12.72,1.58669027,,,,,,,,,,
2016-12-13,1481605200000,13.83,13.19,1.587144324,,,,,,,,,,
2016-12-14,1481691600000,14.13,12.79,1.628256486,,,,,,,,,,
2016-12-15,1481778000000,14.38,12.2,1.6227683780000002,,,,,,,,,,
2016-12-16,1481864400000,14.36,11.71,1.6210024319999998,,,,,,,,,,
2016-12-19,1482123600000,14.48,11.45,1.620626486,,,,,,,,,,
2016-12-20,1482210000000,14.38,11.27,1.6188864859999998,,,,,,,,,,
2016-12-21,1482296400000,14.05,11.43,1.617532432,,,,,,,,,,
2016-12-22,1482382800000,14.07,11.44,1.618992432,,,,,,,,,,
2016-12-23,1482469200000,14.0,11.99,1.618992432,,,,,,,,,,
2016-12-27,1482814800000,13.95,12.95,1.618992432,,,,,,,,,,
2016-12-28,1482901200000,13.73,13.37,1.6196483780000002,,,,,,,,,,
2016-12-29,1482987600000,13.63,14.04,1.6160483780000001,,,,,,,,,,
2016-12-30,1483074000000,13.81,12.85,1.6160483780000001,,,,,,,,,,
2017-01-03,1483419600000,14.25,11.85,1.618748378,,,,,,,,,,
2017-01-04,1483506000000,14.56,11.67,1.619484324,,,,,,,,,,
2017-01-05,1483592400000,15.0,11.32,1.6193783780000002,,,,,,,,,,
2017-01-06,1483678800000,15.06,11.56,1.616408378,,,,,,,,,,
2017-01-09,1483938000000,14.91,11.49,1.6308383780000002,,,,,,,,,,
2017-01-10,1484024400000,14.9,11.26,1.6321583780000002,,,,,,,,,,
2017-01-11,1484110800000,14.74,11.54,1.633215405,,,,,,,,,,
2017-01-12,1484197200000,14.75,11.23,1.628794324,,,,,,,,,,
2017-01-13,1484283600000,14.69,11.87,1.62903027,,,,,,,,,,
2017-01-17,1484629200000,14.64,12.48,1.631999459,,,,,,,,,,
2017-01-18,1484715600000,14.73,12.78,1.632341351,,,,,,,,,,
2017-01-19,1484802000000,14.89,11.54,1.640032432,,,,,,,,,,
2017-01-20,1484888400000,14.61,11.77,1.656919459,,,,,,,,,,
2017-01-23,1485147600000,14.66,11.07,1.662006486,,,,,,,,,,
2017-01-24,1485234000000,14.6,10.81,1.651441351,,,,,,,,,,
2017-01-25,1485320400000,14.41,10.63,1.6389172969999999,,,,,,,,,,
2017-01-26,1485406800000,14.53,10.58,1.650254324,,,,,,,,,,
2017-01-27,1485493200000,14.45,11.88,1.6588624319999998,,,,,,,,,,
2017-01-30,1485752400000,14.62,11.99,1.654904324,,,,,,,,,,
2017-01-31,1485838800000,14.36,11.81,1.655157297,,,,,,,,,,
2017-02-01,1485925200000,14.36,11.93,1.6441872969999998,,,,,,,,,,
2017-02-02,1486011600000,14.28,10.97,1.6461183780000002,,,,,,,,,,
2017-02-03,1486098000000,14.4,11.37,1.64355027,,,,,,,,,,
2017-02-06,1486357200000,14.4,11.29,1.64466027,,,,,,,,,,
2017-02-07,1486443600000,14.47,11.45,1.6386032430000002,,,,,,,,,,
2017-02-08,1486530000000,14.73,10.88,1.6366972969999998,,,,,,,,,,
2017-02-09,1486616400000,14.61,10.85,1.62606027,,,,,,,,,,
2017-02-10,1486702800000,14.5,11.07,1.633671351,,,,,,,,,,
2017-02-13,1486962000000,14.33,10.74,1.639926486,,,,,,,,,,
2017-02-14,1487048400000,14.31,11.97,1.6376383780000001,,,,,,,,,,
2017-02-15,1487134800000,13.89,11.76,1.6521194590000001,,,,,,,,,,
2017-02-16,1487221200000,14.47,11.49,1.672966486,,,,,,,,,,
2017-02-17,1487307600000,14.63,11.57,1.663876486,,,,,,,,,,
2017-02-21,1487653200000,15.04,11.74,1.6638235140000002,,,,,,,,,,
2017-02-22,1487739600000,17.15,11.71,1.672930541,,,,,,,,,,
2017-02-23,1487826000000,17.43,11.47,1.6732616219999998,,,,,,,,,,
2017-02-24,1487912400000,17.93,12.09,1.672030541,,,,,,,,,,
2017-02-27,1488171600000,17.32,12.92,1.667887568,,,,,,,,,,
2017-02-28,1488258000000,17.219998999999998,12.54,1.6682124319999998,,,,,,,,,,
2017-03-01,1488344400000,16.99,11.81,1.684076486,,,,,,,,,,
2017-03-02,1488430800000,16.889999,10.96,1.717266486,,,,,,,,,,
2017-03-03,1488517200000,16.860001,11.24,1.7258675680000002,,,,,,,,,,
2017-03-06,1488776400000,16.76,11.45,1.735237568,,,,,,,,,,
2017-03-07,1488862800000,16.83,11.86,1.728386486,,,,,,,,,,
2017-03-08,1488949200000,17.07,12.3,1.728053514,,,,,,,,,,
2017-03-09,1489035600000,16.91,11.66,1.729286486,,,,,,,,,,
2017-03-10,1489122000000,16.93,11.35,1.741610541,,,,,,,,,,
2017-03-13,1489377600000,16.77,12.3,1.744194595,,,,,,,,,,
2017-03-14,1489464000000,16.950001,11.63,1.747604595,,,,,,,,,,
2017-03-15,1489550400000,17.209999,11.21,1.7494575680000002,49.10641981725116,3.2888216640889416,45.941181335911075,1396.888795690828,3.0187523507889216,-3.0187523507889216,-100.0,,,
2017-03-16,1489636800000,17.280001000000002,11.28,1.753941622,48.83058932307607,3.2850413919448846,45.914960608055104,1397.6980844333134,3.0131840294654832,-3.0131840294654832,-100.0,,,
2017-03-17,1489723200000,17.24,11.34,1.7417675680000002,48.824612037904785,3.2762724016662217,44.24372959833378,1350.4289074325031,3.0069121553747142,-3.0069121553747142,-100.0,,,
2017-03-20,1489982400000,16.51,12.47,1.740973514,48.96877288504879,3.146208674257277,45.67379332574272,1451.7089632182422,2.888370729019893,-2.888370729019893,-100.0,,,
2017-03-21,1490068800000,16.41,12.47,1.743849459,48.96219253863981,3.126933869505317,47.74306513049469,1526.8332213897345,2.8702376132619447,-2.8702376132619447,-100.0,,,
2017-03-22,1490155200000,16.610001,12.81,1.7357394590000002,48.97168168112968,3.1651162911176565,47.194883708882344,1491.094777191173,2.9064903773506496,-2.9064903773506496,-100.0,,,
2017-03-23,1490241600000,16.610001,13.12,1.732626486,48.960780240127676,3.164259592985964,47.175736407014035,1490.8933676486542,2.9060938900354905,-2.9060938900354905,-100.0,,,
2017-03-24,1490328000000,16.59,12.96,1.731796486,48.96112619061881,3.1604187420439795,48.57958325795603,1537.124894612462,2.902686469037693,-2.902686469037693,-100.0,,,
2017-03-27,1490587200000,17.25,12.5,1.726543514,49.07338417278513,3.2928993496566576,47.74710165034335,1450.0018549100753,3.0257202527349705,-3.0257202527349705,-100.0,,,
2017-03-28,1490673600000,17.23,11.53,1.727549459,49.067582748830425,3.288780494180401,47.7712205058196,1452.5511991558042,3.0217568937785746,-3.0217568937785746,-100.0,,,
2017-03-29,1490760000000,17.219998999999998,11.42,1.7232224319999998,49.01825559600036,3.2834828259783864,,,3.0172774545531293,,,,,
2017-03-30,1490846400000,17.32,11.54,1.7225583780000002,48.986683901944474,3.3005058080754686,,,3.032856891208045,,,,,
2017-03-31,1490932800000,17.280001000000002,12.37,1.7301605409999998,48.97655874980027,3.2927352898537467,,,3.0245351910411817,,,,,
2017-04-03,1491192000000,17.030001000000002,12.38,1.731412432,48.99451244896049,3.2462965896429887,,,2.9817869396414283,,,,,
2017-04-04,1491278400000,17.040001,11.79,1.722525405,48.9876298610284,3.247206001141598,,,2.983888957953538,,,,,
2017-04-05,1491364800000,16.75,12.89,1.725372432,48.941625112095274,3.1892997841283544,,,2.9300396096536203,,,,,
2017-04-06,1491451200000,17.0,12.39,1.727759459,48.948309788502044,3.2374694263460317,,,2.973978496838152,,,,,
2017-04-07,1491537600000,16.690001000000002,12.87,1.729115405,48.954682345214046,3.178907623759766,,,2.9200200791873128,,,,,
2017-04-10,1491796800000,16.99,14.05,1.729115405,48.97616256278077,3.237383890354488,,,2.9738429006154226,,,,,
2017-04-11,1491883200000,16.92,15.07,1.718326486,48.978157755299684,3.2234851770345485,,,2.962654911778027,,,,,
2017-04-12,1491969600000,17.299999,15.77,1.712872432,49.00678679221015,3.2973398811762067,,,3.0314916851338705,,,,,
2017-04-13,1492056000000,16.92,15.96,1.702052432,49.026711740940684,3.225461497742706,,,2.9670825644696066,,,,,
2017-04-14,1492142400000,17.08,14.66,1.702052432,49.03192052964504,3.2562880537838663,,,2.9954658209053475,,,,,
2017-04-17,1492401600000,16.98,14.42,1.702052432,49.03165448239772,3.2372065952940887,,,2.9779114246689598,,,,,
2017-04-18,1492488000000,17.200001,14.93,1.69244027,49.019768418362595,3.277781603790697,,,3.0165988761410043,,,,,
2017-04-19,1492574400000,17.709999,14.15,1.6704091890000001,49.07722491176795,3.3772362239364195,,,3.111783503473068,,,,,
2017-04-20,1492660800000,17.49,14.63,1.6739681080000002,49.09102723604996,3.3364001329140383,,,3.0736906236585977,,,,,
2017-04-21,1492747200000,17.85,10.84,1.679772162,49.07912696250185,3.404683941723581,,,3.135644447357895,,,,,
2017-04-24,1493006400000,18.219998999999998,10.76,1.702436216,48.67054104131225,3.4495418193075253,,,3.1712488372700824,,,,,
2017-04-25,1493092800000,18.08,10.85,1.7083829730000002,48.42750331440088,3.4073433118607577,,,3.1302314784814325,,,,,
2017-04-26,1493179200000,18.23,10.36,1.7163370269999998,48.43122864789957,3.4364058149841634,,,3.1557040934634646,,,,,
2017-04-27,1493265600000,18.24,10.82,1.711029189,48.34411190893183,3.4321053705543747,,,3.152111527298937,,,,,
2017-04-28,1493352000000,18.610001,10.11,1.708215135,48.36033775634332,3.5026356419814504,,,3.2174282995935015,,,,,
2017-05-01,1493611200000,18.809998999999998,10.59,1.714325135,48.21116092383941,3.5304282925222332,,,3.2411327510199617,,,,,
2017-05-02,1493697600000,18.280001000000002,10.68,1.705271081,48.251788593187186,3.43305251003822,,,3.1533816955619915,,,,,
2017-05-03,1493784000000,19.9,10.46,1.715462162,48.66331148188035,3.768057548456113,,,3.4617964974713478,,,,,
2017-05-04,1493870400000,19.780001000000002,10.57,1.713478108,48.25610951753698,3.715681755963097,,,3.4116168465415173,,,,,
2017-05-05,1493956800000,19.559998999999998,9.77,1.72170027,48.037246156898526,3.6592716068645035,,,3.3571570096840477,,,,,
2017-05-08,1494216000000,19.799999,9.96,1.725305135,47.490501107974865,3.6647540736299216,,,3.3582972061704144,,,,,
2017-05-09,1494302400000,19.950001,10.21,1.722245135,47.49276835449015,3.692453111902745,,,3.3842179671696444,,,,,
2017-05-10,1494388800000,19.709999,10.6,1.7201462159999998,47.28903910645651,3.633149494416964,,,3.3289907243408097,,,,,
2017-05-11,1494475200000,20.08,10.4,1.703405946,47.28116667650082,3.6995017428888057,,,3.3926256722700554,,,,,
2017-05-12,1494561600000,20.25,10.42,1.684107838,47.28117351621746,3.7293461567809896,,,3.4233514793993383,,,,,
2017-05-15,1494820800000,20.34,10.65,1.6839129730000002,47.20785427177862,3.740434898585717,,,3.4331155382685985,,,,,
2017-05-16,1494907200000,19.559998999999998,15.59,1.672570811,47.10110340271701,3.5884962055932497,,,3.294937555491788,,,,,
2017-05-17,1494993600000,19.68,14.66,1.646762703,46.98925928934867,3.600513139873448,,,3.3096771166100587,,,,,
2017-05-18,1495080000000,19.91,12.04,1.6646727030000001,46.99600395167931,3.6444339941396113,,,3.3470229268887164,,,,,
2017-05-19,1495166400000,20.950001,10.93,1.668386757,47.185035924373025,3.8496280388881488,,,3.535988709957728,,,,,
2017-05-22,1495425600000,21.639999,10.72,1.6616567569999998,47.1488491847819,3.9729934810226752,,,3.650321342195332,,,,,
2017-05-23,1495512000000,21.92,10.02,1.6673467569999998,47.152255390966644,4.025145658681709,,,3.6971876433195,,,,,
2017-05-24,1495598400000,22.33,9.99,1.665196757,46.95715455194403,4.084264334142906,,,3.750599636025228,,,,,
2017-05-25,1495684800000,22.33,9.81,1.663055676,46.865418375673286,4.076564837901582,,,3.7433259427748466,,,,,
2017-05-26,1495771200000,22.74,10.38,1.663055676,46.79238265142625,4.145318079281799,,,3.805960601665056,,,,,
2017-05-30,1496116800000,22.99,10.41,1.6634927030000002,46.74032907930135,4.1865361018078415,,,3.8433582988404846,,,,,
2017-05-31,1496203200000,23.23,9.89,1.666028649,46.68610262669826,4.2258394886291155,,,3.878554487516446,,,,,
2017-06-01,1496289600000,23.200001,9.75,1.668965676,46.599929146424856,4.213300785069425,,,3.865857430924265,,,,,
2017-06-02,1496376000000,23.389999,10.07,1.67344973,46.161799939575424,4.210571788850723,,,3.859348995037479,,,,,
2017-06-05,1496635200000,24.209999,10.45,1.667503784,45.91739158976996,4.3359010982467865,,,3.9736472040810327,,,,,
2017-06-06,1496721600000,24.290001,10.39,1.66503973,45.905757033905815,4.348963136207547,,,3.986045208777536,,,,,
2017-06-07,1496808000000,24.780001000000002,10.16,1.6653627030000002,45.919703219684976,4.4379945265280325,,,4.067684211341634,,,,,
2017-06-08,1496894400000,23.030001000000002,10.7,1.6692237840000002,46.396398602684705,4.165239145572194,,,3.8202887750232404,,,,,
2017-06-09,1496980800000,23.6,11.46,1.676294865,46.318187954254654,4.262185198830389,,,3.9072111001427383,,,,,
2017-06-12,1497240000000,23.48,10.42,1.6765578380000001,45.92421919857096,4.2065591929692,,,3.85333506186808,,,,,
2017-06-13,1497326400000,23.469998999999998,10.64,1.67752973,45.904392897776965,4.2031447161864035,,,3.8498679094922377,,,,,
2017-06-14,1497412800000,23.99,10.9,1.67233973,45.83828224175978,4.2899688122419475,,,3.929973580599501,,,,,
2017-06-15,1497499200000,23.559998999999998,10.38,1.6756375680000002,45.87290237041175,4.216367083904577,,,3.862132555416372,,,,,
2017-06-16,1497585600000,24.200001,10.37,1.6725875680000002,45.91527404044548,4.3343901978203885,,,3.9711902680387783,,,,,
2017-06-19,1497844800000,23.85,10.86,1.6798775680000002,45.8915577836725,4.270285918341955,,,3.910790594365041,,,,,
2017-06-20,1497931200000,24.16,10.75,1.6804513509999999,44.91695811377101,4.239295432793114,,,3.875003979680196,,,,,
2017-06-21,1498017600000,24.280001000000002,10.48,1.683388378,44.87995803901304,4.257320698995285,,,3.890584836265399,,,,,
2017-06-22,1498104000000,24.17,10.02,1.67887027,44.84283994757081,4.234315820837084,,,3.870213880694118,,,,,
2017-06-23,1498190400000,23.93,9.9,1.6800413509999998,44.825919928293715,4.190888570337323,,,3.8301524911554097,,,,,
2017-06-26,1498449600000,23.32,11.06,1.678770541,44.49826642133339,4.055839113182509,,,3.704562460949616,,,,,
2017-06-27,1498536000000,24.299999,10.03,1.681873514,44.457682936598594,4.222942349880432,,,3.8562322173368457,,,,,
2017-06-28,1498622400000,23.4,11.44,1.6844416219999998,44.23293777928379,4.047417388335754,,,3.6937539901961935,,,,,
2017-06-29,1498708800000,23.459999,11.18,1.683429459,44.1979723971882,4.054685525718879,,,3.70032675366306,,,,,
2017-06-30,1498795200000,22.83,11.22,1.693113514,44.11422951119832,3.939613302138525,,,3.5928019539477147,,,,,
2017-07-03,1499054400000,23.76,11.07,1.6956835140000002,44.17629152976633,4.105757721748842,,,3.7442750249386205,,,,,
2017-07-05,1499227200000,23.219998999999998,12.54,1.695577568,44.223979866269886,4.016510063150188,,,3.663264800710408,,,,,
2017-07-06,1499313600000,23.59,11.19,1.7021075680000002,44.23848988094551,4.082362095185081,,,3.722116529811069,,,,,
2017-07-07,1499400000000,23.940001000000002,11.11,1.702334595,44.249801188313754,4.143948657447506,,,3.778309798962425,,,,,
2017-07-10,1499659200000,25.440001000000002,10.89,1.696296486,43.58935454947133,4.341162949893063,,,3.9539820136901516,,,,,
2017-07-11,1499745600000,26.209999,10.3,1.697529459,43.58966731297489,4.472712465836088,,,4.073524914943498,,,,,
2017-07-12,1499832000000,25.98,9.9,1.6919264859999998,43.46776685825007,4.421241626348809,,,4.0268530994451295,,,,,
2017-07-13,1499918400000,26.33,9.51,1.6845594590000001,43.44145352626874,4.47750557053034,,,4.079531051158821,,,,,
2017-07-14,1500004800000,26.190001000000002,9.82,1.686132432,43.322312819772215,4.442365587725191,,,4.046140308794355,,,,,
2017-07-17,1500264000000,26.59,9.89,1.6799794590000001,43.29063774550286,4.50648091608471,,,4.105660955444467,,,,,
2017-07-18,1500350400000,26.360001,9.79,1.680951351,42.622329100080854,4.402693302750169,,,4.00511223496072,,,,,
2017-07-19,1500436800000,26.389999,9.58,1.680425405,42.60081288801091,4.4055572171315065,,,4.007647292699982,,,,,
2017-07-20,1500523200000,26.85,9.36,1.682203243,42.13167455077199,4.4360998013768,,,4.030828889865814,,,,,
2017-07-21,1500609600000,26.75,9.43,1.68215027,42.134092170377606,4.419810972716926,,,4.0160620681873045,,,,,
2017-07-24,1500868800000,26.889999,9.43,1.68506027,42.134088718507726,4.443245651325767,,,4.036686905915299,,,,,
2017-07-25,1500955200000,27.309998999999998,9.6,1.683436216,41.95218989925013,4.49415559868733,,,4.081641674043777,,,,,
2017-07-26,1501041600000,25.92,10.11,1.67751027,42.20333389081847,4.288823978490377,,,3.89867358227683,,,,,
2017-07-27,1501128000000,26.200001,10.29,1.677162162,42.17557446960121,4.332437082360787,,,3.938153301115044,,,,,
2017-07-28,1501214400000,26.35,10.26,1.675808108,42.160671467195655,4.355654685946805,,,3.9594312975593553,,,,,
2017-07-31,1501473600000,26.809998999999998,10.09,1.6738321619999998,42.1795187837924,4.433350248455639,,,4.030681637643782,,,,,
2017-08-01,1501560000000,26.459999,10.28,1.6738321619999998,42.103381674336134,4.368045223055205,,,3.9706333828155542,,,,,
2017-08-02,1501646400000,25.219998999999998,10.44,1.673726216,42.3083454525893,4.182393538381948,,,3.8036294799236834,,,,,
2017-08-03,1501732800000,25.209999,10.03,1.671156216,42.195885706022025,4.170031180527719,,,3.7919942853231716,,,,,
2017-08-04,1501819200000,25.68,9.93,1.679336216,42.21083824379561,4.250004940187813,,,3.8630494926329,,,,,
2017-08-07,1502078400000,26.02,10.96,1.677536216,42.134340809798616,4.298753843288855,,,3.907092225310031,,,,,
2017-08-08,1502164800000,25.59,11.11,1.675736216,42.05370332481245,4.219926049146192,,,3.8351471186643415,,,,,
2017-08-09,1502251200000,24.65,16.04,1.676288108,42.107369126674364,4.069845860844991,,,3.6990799062558057,,,,,
2017-08-10,1502337600000,24.82,15.51,1.673719189,42.106738979322635,4.097608808304786,,,3.7248536484091415,,,,,
2017-08-11,1502424000000,25.200001,12.33,1.667208108,42.097531812886686,4.1588524126991135,,,3.781851489354128,,,,,
2017-08-14,1502683200000,24.83,12.04,1.675946216,41.97153891258424,4.087094848152107,,,3.713697071984543,,,,,
2017-08-15,1502769600000,24.99,11.74,1.683856216,41.86998205238265,4.104839141452152,,,3.7272750350082986,,,,,
2017-08-16,1502856000000,24.540001,15.55,1.680736216,41.74054246813715,4.018909629686311,,,3.6488261623145513,,,,,
2017-08-17,1502942400000,24.83,14.26,1.675171081,41.656687157010175,4.058185277453949,,,3.68495889546395,,,,,
2017-08-18,1503028800000,24.459999,13.19,1.676071081,41.31287433358776,3.9667712312756236,,,3.5989103952445984,,,,,
2017-08-21,1503288000000,25.34,11.35,1.676018108,41.25449691413672,4.104020372020287,,,3.7229369059798585,,,,,
2017-08-22,1503374400000,25.48,12.25,1.6763681080000001,41.251874419779526,4.1264826712973885,,,3.7432143559320767,,,,,
2017-08-23,1503460800000,25.66,12.23,1.672444054,41.18284124614417,4.148704250014756,,,3.7636250690584063,,,,,
2017-08-24,1503547200000,24.99,11.28,1.6762621619999998,35.15353241857229,3.4832853285600507,,,3.107411134791814,,,,,
2017-08-25,1503633600000,24.91,11.32,1.6762621619999998,34.985861339094875,3.4566434567724813,,,3.0819725417358,,,,,
2017-08-28,1503892800000,25.040001,11.7,1.6643700000000001,34.96988541949881,3.4720008673086262,,,3.0980265129441413,,,,,
2017-08-29,1503979200000,25.76,11.22,1.664335946,34.903676229979766,3.5655043315455384,,,3.180784549028905,,,,,
2017-08-30,1504065600000,26.110001,10.59,1.662884054,34.69032079918958,3.593129322442396,,,3.2035199755481774,,,,,
2017-08-31,1504152000000,25.93,10.13,1.66389,34.69811781047581,3.5692137061219245,,,3.1820579964647813,,,,,
2017-09-01,1504238400000,25.77,12.23,1.665454054,34.6402231498386,3.5418170199854933,,,3.156691274725372,,,,,
2017-09-05,1504584000000,26.049999,11.63,1.65952,34.646605043802644,3.5802936675000776,,,3.192360154102131,,,,,
2017-09-06,1504670400000,26.299999,11.55,1.6603159459999999,34.60447371349157,3.61062650659578,,,3.2187835811086014,,,,,
2017-09-07,1504756800000,26.530001000000002,12.12,1.648297027,34.57226317210753,3.637746109416169,,,3.245316454723323,,,,,
2017-09-08,1504843200000,27.57,10.73,1.651765135,34.63922811802309,3.787585141747785,,,3.3789202344438114,,,,,
2017-09-11,1505102400000,27.27,10.58,1.661294054,34.65950204517901,3.749469690552708,,,3.3429371889703106,,,,,
2017-09-12,1505188800000,27.49,10.5,1.6638029730000001,34.17304454537691,3.7303713496384163,,,3.3199448947580428,,,,,
2017-09-13,1505275200000,28.639999,10.44,1.670191081,34.30116495021265,3.900782680748344,,,3.4715573349138182,,,,,
2017-09-14,1505361600000,28.5,10.17,1.682691081,34.217497419362076,3.874304917780988,,,3.444005285703547,,,,,
2017-09-15,1505448000000,28.690001000000002,10.15,1.6896210809999999,34.19129544986895,3.8981476878444905,,,3.4632090058707465,,,,,
2017-09-18,1505707200000,28.559998999999998,10.18,1.694018108,34.17701591823585,3.8794784222894223,,,3.445392424622103,,,,,
2017-09-19,1505793600000,28.469998999999998,9.78,1.6967540540000001,34.17990090304019,3.8678728915728247,,,3.4344612918079283,,,,,
2017-09-20,1505880000000,28.4,9.67,1.715278378,34.183188311955355,3.860836731676264,,,3.4238071223922404,,,,,
2017-09-21,1505966400000,28.75,9.59,1.7226894590000001,34.13175182419198,3.9037923662294727,,,3.459480162494144,,,,,
2017-09-22,1506052800000,27.450001,10.21,1.722288378,34.40583115693904,3.7551411176256657,,,3.3310175385910004,,,,,
2017-09-25,1506312000000,27.610001,10.17,1.722969459,34.40552936573883,3.7770740630374102,,,3.3503109739818817,,,,,
2017-09-26,1506398400000,28.07,9.87,1.732133243,34.42200591305708,3.8427571934192297,,,3.4065944018494783,,,,,
2017-09-27,1506484800000,28.49,9.55,1.73431027,34.36406646673857,3.8943822002805977,,,3.451141240500087,,,,,
2017-09-28,1506571200000,28.809998999999998,9.51,1.730051351,34.30061072545442,3.930845996557784,,,3.483718664612926,,,,,
2017-09-29,1506657600000,29.389999,9.45,1.737443514,34.24356389596411,4.004639980305527,,,3.5465774458296018,,,,,
2017-10-02,1506916800000,29.940001000000002,9.51,1.745179459,34.26286572289137,4.082662995851189,,,3.613966980132547,,,,,
2017-10-03,1507003200000,30.15,9.63,1.744192432,34.237995297548714,4.108396784785075,,,3.636678179863273,,,,,
2017-10-04,1507089600000,30.76,9.19,1.7458864859999998,34.26534858568065,4.194850541988554,,,3.7131242961331403,,,,,
2017-10-05,1507176000000,30.76,9.65,1.750493514,34.26429529050122,4.195303500335831,,,3.7123161124676263,,,,,
2017-10-06,1507262400000,31.07,10.33,1.755249459,34.247342458402294,4.236227730184035,,,3.7470578121143294,,,,,
2017-10-09,1507521600000,31.32,10.08,1.756543514,34.231978651005264,4.268692909418428,,,3.7752262979238846,,,,,
2017-10-10,1507608000000,32.0,9.85,1.756057297,33.766215165020725,4.306013453140352,,,3.801971461033665,,,,,
2017-10-11,1507694400000,32.810001,9.91,1.760189459,33.67612406223192,4.404591199345261,,,3.886584200610935,,,,,
2017-10-12,1507780800000,32.810001,9.61,1.757268108,33.45532779170773,4.377317823207735,,,3.860163738809893,,,,,
2017-10-13,1507867200000,33.220001,9.91,1.7690037840000001,33.41141862073114,4.428188294353571,,,3.9011027417536495,,,,,
2017-10-16,1508126400000,32.689999,10.31,1.780828378,33.36814083936339,4.3538606909713184,,,3.83174525656117,,,,,
2017-10-17,1508212800000,32.52,10.07,1.7754467569999999,33.19263308986915,4.309324591499567,,,3.791481384228837,,,,,
2017-10-18,1508299200000,32.119999,10.05,1.7789413509999998,33.11143511879423,4.247095748553981,,,3.734623438051603,,,,,
2017-10-19,1508385600000,32.5,9.97,1.78320973,33.071516111900074,4.293091116147938,,,3.773321749327879,,,,,
2017-10-20,1508472000000,32.529999,11.07,1.783456216,32.885728149599736,4.27465239454782,,,3.754331922850741,,,,,
2017-10-23,1508731200000,32.709998999999996,11.16,1.791138649,32.885130540281175,4.299257588190153,,,3.7738224584988065,,,,,
2017-10-24,1508817600000,32.900002,11.23,1.790215946,32.882698348895694,4.323809924216087,,,3.795592744874531,,,,,
2017-10-25,1508904000000,34.110001000000004,11.3,1.7958213509999998,32.956677792181274,4.4929776824665515,,,3.943632824200272,,,,,
2017-10-26,1508990400000,35.200001,9.8,1.7913870269999999,33.031484130263124,4.645690305218382,,,4.080179400401404,,,,,
2017-10-27,1509076800000,35.75,10.5,1.796728919,33.026744331847475,4.718428277676878,,,4.1423824593540415,,,,,
2017-10-30,1509336000000,37.189999,10.18,1.803695405,33.142258980779616,4.925484493986755,,,4.3239311436709045,,,,,
2017-10-31,1509422400000,36.470001,10.2,1.811313243,33.204913102682546,4.8397380657451805,,,4.247359675872299,,,,,
2017-11-01,1509508800000,36.07,9.93,1.8112943240000001,33.1551543430386,4.7799930323846285,,,4.194117886183219,,,,,
2017-11-02,1509595200000,36.889998999999996,9.14,1.8131572969999998,33.18871670151375,4.893533595313155,,,4.293728177192238,,,,,
2017-11-03,1509681600000,37.18,9.4,1.8172927030000001,33.18800797049973,4.932531178774183,,,4.326643068031261,,,,,
2017-11-06,1509944400000,36.759997999999996,9.89,1.821795676,33.1687323936636,4.874855976524343,,,4.274340102393284,,,,,
2017-11-07,1510030800000,36.709998999999996,9.78,1.830814324,33.139962458452054,4.865655261164322,,,4.263011918623628,,,,,
2017-11-08,1510117200000,37.959998999999996,10.5,1.831007297,33.172908307616126,5.036004351905851,,,4.412775459743584,,,,,
2017-11-09,1510203600000,39.209998999999996,11.29,1.8335583780000002,33.25731369615434,5.214523778999432,,,4.569882829629928,,,,,
2017-11-13,1510549200000,39.98,11.5,1.841428649,33.23392093540634,5.314737493563939,,,4.654639225234323,,,,,
2017-11-14,1510635600000,39.740002000000004,11.59,1.835494595,33.24569019943151,5.283608226291712,,,4.629569415238724,,,,,
2017-11-15,1510722000000,40.66,13.13,1.849785676,33.28291434096473,5.413907539740379,,,4.7395606897706415,,,,,
2017-11-16,1510808400000,41.900002,11.76,1.8543613509999999,33.349502956616604,5.590145420393857,,,4.893528531487796,,,,,
2017-11-17,1510894800000,44.18,11.43,1.873895405,33.613345336188026,5.9410794816828165,,,5.198883832881523,,,,,
2017-11-20,1511154000000,45.209998999999996,10.65,1.8806694590000002,33.61422781839942,6.0809814174430725,,,5.318760164601834,,,,,
2017-11-21,1511240400000,48.060001,9.73,1.877515405,33.84991311575212,6.505705952751615,,,5.696782282211821,,,,,
2017-11-22,1511326800000,48.810001,9.88,1.8826859459999998,33.19681998535085,6.490040632440626,,,5.666250028436174,,,,,
2017-11-24,1511499600000,48.860001000000004,9.67,1.8890929730000001,33.153900071039985,6.490186780812722,,,5.662769859746728,,,,,
2017-11-27,1511758800000,41.02,9.87,1.884893514,36.669130202102906,5.9822848774073,,,5.289165099756854,,,,,
2017-11-28,1511845200000,42.549999,10.03,1.8910216219999998,36.78029660426793,6.223960537375098,,,5.502670610216316,,,,,
2017-11-29,1511931600000,39.130001,10.7,1.898018919,37.51168430424986,5.8306425268004825,,,5.164893536712242,,,,,
2017-11-30,1512018000000,39.220001,11.28,1.906295946,37.458097317423025,5.8375759215019976,,,5.167410768733745,,,,,
2017-12-01,1512104400000,38.220001,11.43,1.9270975680000002,37.49975688727143,5.6977887353245995,,,5.037646387316249,,,,,
2017-12-04,1512363600000,36.869999,11.68,1.936858108,37.621772622744736,5.514595138165057,,,4.874572963152894,,,,,
2017-12-05,1512450000000,37.599998,11.33,1.93645,37.63723722340767,5.6258681635076035,,,4.97331034410449,,,,,
2017-12-06,1512536400000,37.610001000000004,11.02,1.945318919,37.57763436982689,5.620408125053399,,,4.964713410455347,,,,,
2017-12-07,1512622800000,38.73,10.16,1.957612432,37.572856597885725,5.788993176224508,,,5.109542907760622,,,,,
2017-12-08,1512709200000,38.09,9.58,1.960925676,37.61456734803547,5.6997066120793605,,,5.030363060951993,,,,,
2017-12-11,1512968400000,38.299999,9.34,1.975171081,37.61459752670458,5.733308752095269,,,5.0554291367786135,,,,,
2017-12-12,1513054800000,38.080002,9.92,1.985055405,37.429164181397645,5.675781949099831,,,4.998453462450302,,,,,
2017-12-13,1513141200000,36.189999,10.18,1.990614324,37.67963939845803,5.4283776879717776,,,4.782880193392755,,,,,
2017-12-14,1513227600000,37.009997999999996,10.49,1.9959435140000001,37.70852651148525,5.556110716334049,,,4.894236075243446,,,,,
2017-12-15,1513314000000,37.029999,9.42,2.00592973,37.64299478670331,5.551621477894933,,,4.886105781300385,,,,,
2017-12-18,1513573200000,37.75,9.53,2.0157972969999998,37.664869430489894,5.664101291271198,,,4.982338353483387,,,,,
2017-12-19,1513659600000,36.919998,10.03,2.032667838,37.7315219063531,5.551138847990462,,,4.878836484306362,,,,,
2017-12-20,1513746000000,35.66,9.72,2.04058,37.873777006089924,5.38155136545673,,,4.7296888135558435,,,,,
2017-12-21,1513832400000,35.869999,9.62,2.051357027,37.837952282831296,5.410037060819375,,,4.7509047625449465,,,,,
2017-12-22,1513918800000,35.139998999999996,9.9,2.051357027,37.895365481481136,5.307386569889968,,,4.6616684503485795,,,,,
2017-12-26,1514264400000,35.049999,10.25,2.051357027,37.85121717349593,5.288078863495665,,,4.644014546811778,,,,,
2017-12-27,1514350800000,35.75,10.47,2.059997297,37.87600140679185,5.398192395915903,,,4.738523873367429,,,,,
2017-12-28,1514437200000,35.130001,10.18,2.056638108,37.894005579728045,5.306439084912442,,,4.659258202259338,,,,,
2017-12-29,1514523600000,34.669998,11.04,2.055907838,37.69195768775522,5.210983810016773,,,4.572502002533287,,,,,
2018-01-02,1514869200000,36.169998,9.77,2.058258378,37.84500527975274,5.457220654834097,,,4.790360383796287,,,,,
2018-01-03,1514955600000,37.310001,9.15,2.065768378,37.905559289014846,5.638680126916172,,,4.948315301563676,,,,,
2018-01-04,1515042000000,38.099998,9.22,2.085361351,37.93568770037621,5.765285060946912,,,5.05367890338526,,,,,
2018-01-05,1515128400000,41.139998999999996,9.22,2.095713243,38.467030601732134,6.3076790855670355,,,5.535515531002228,,,,,
2018-01-08,1515387600000,40.759997999999996,9.52,2.096744054,38.48201698834835,6.2518375653546805,,,5.486433575617067,,,,,
2018-01-09,1515474000000,40.880001,10.08,2.093141351,38.468103807549355,6.2675597782705905,,,5.50120891057712,,,,,
2018-01-10,1515560400000,40.84,9.82,2.101775135,38.46719683484015,6.262691255874912,,,5.493962220810811,,,,,
2018-01-11,1515646800000,42.299999,9.88,2.11037,38.53741607957285,6.498982321749754,,,5.699546797662919,,,,,
2018-01-12,1515733200000,41.25,10.16,2.1191278380000003,38.570519789227966,6.344133514128195,,,5.561337777396116,,,,,
2018-01-16,1516078800000,39.32,11.66,2.133836486,38.82645653981161,6.0867243205361605,,,5.335424640444469,,,,,
2018-01-17,1516165200000,40.060001,11.91,2.1404681080000003,38.772986526893646,6.194429799095492,,,5.426634767230997,,,,,
2018-01-18,1516251600000,40.27,12.22,2.157362162,38.74800080396326,6.225891185887015,,,5.448038765285607,,,,,
2018-01-19,1516338000000,42.560001,11.27,2.170364865,39.00930468060727,6.623139834610968,,,5.796147553572156,,,,,
2018-01-22,1516597200000,45.290001000000004,11.03,2.171547297,39.3004383942259,7.096801507258931,,,6.216287263912483,,,,,
2018-01-23,1516683600000,45.009997999999996,11.1,2.170616216,39.31023317211147,7.054385101599563,,,6.179686119353197,,,,,
2018-01-24,1516770000000,44.32,11.47,2.168642703,39.346322339803926,6.9517918598654065,,,6.0912773391402375,,,,,
2018-01-25,1516856400000,45.119999,11.58,2.17515027,39.359404191769435,7.0806131436800674,,,6.2019628491940795,,,,,
2018-01-26,1516942800000,45.970001,11.08,2.185587297,39.379854131343535,7.219366648323844,,,6.3199105722493485,,,,,
2018-01-29,1517202000000,45.43,13.84,2.191777027,39.370273342362104,7.134071004490828,,,6.242688133366657,,,,,
2018-01-30,1517288400000,45.52,14.79,2.207895405,39.36505379190624,7.1502332484725954,,,6.2505815866195595,,,,,
2018-01-31,1517374800000,46.91,13.54,2.206963514,39.42753091535164,7.379200298119475,,,6.452464269714883,,,,,
2018-02-01,1517461200000,44.450001,13.47,2.209866216,39.668131806261904,7.032145597854921,,,6.152864901476692,,,,,
2018-02-02,1517547600000,43.610001000000004,17.31,2.234172973,39.71870308006425,6.911569625804648,,,6.039512146560633,,,,,
2018-02-05,1517806800000,41.02,37.32,2.234061622,40.11521863530322,6.560976853959661,,,5.740751399712612,,,,,
2018-02-06,1517893200000,41.610001000000004,29.98,2.2377918919999997,40.11535660676272,6.655978479316943,,,5.8225802717692146,,,,,
2018-02-07,1517979600000,41.669998,27.73,2.224071892,40.07281735219596,6.656792595466921,,,5.827258413855692,,,,,
2018-02-08,1518066000000,39.5,33.46,2.232623243,40.28364985997934,6.342132512711417,,,5.552804001178619,,,,,
2018-02-09,1518152400000,39.57,29.06,2.261428919,40.27893846157516,6.357178416215523,,,5.556352934491925,,,,,
2018-02-12,1518411600000,39.919998,25.61,2.267897568,40.263686438935935,6.412184672883233,,,5.6019885105916885,,,,,
2018-02-13,1518498000000,42.110001000000004,24.97,2.27585,40.490476885406345,6.800427311632348,,,5.9428178521106885,,,,,
2018-02-14,1518584400000,41.849998,19.26,2.286297568,40.50007636868054,6.761639577166567,,,5.90545296697438,,,,,
2018-02-15,1518670800000,44.290001000000004,19.13,2.3273670269999998,40.68135685835913,7.19257139563337,,,6.270360065343763,,,,,
2018-02-16,1518757200000,44.110001000000004,19.46,2.336805676,40.68113385446615,7.1649429531071425,,,6.242793978686695,,,,,
2018-02-20,1519102800000,44.93,20.6,2.3452516219999997,40.69160783782668,7.301363498285806,,,6.358712869188036,,,,,
2018-02-21,1519189200000,44.099998,20.02,2.355502973,40.738247046774944,7.1758287395867155,,,6.246590507401437,,,,,
2018-02-22,1519275600000,44.900002,18.72,2.372632432,40.75598771926469,7.311960859444383,,,6.359059038743943,,,,,
2018-02-23,1519362000000,44.860001000000004,16.49,2.396397297,40.734687645706394,7.30613164690444,,,6.344645690812803,,,,,
2018-02-26,1519621200000,46.549999,15.8,2.407131351,40.51926758808109,7.546468668783046,,,6.544340400428169,,,,,
2018-02-27,1519707600000,45.91,18.59,2.41863,40.53239149350808,7.447012868425792,,,6.453992667636964,,,,,
2018-02-28,1519794000000,46.049999,19.85,2.430168919,40.51961014402893,7.469653895815501,,,6.4689055721016215,,,,,
2018-03-01,1519880400000,46.009997999999996,22.47,2.449512162,40.52182032511787,7.4670509150293185,,,6.459301017592008,,,,,
2018-03-02,1519966800000,46.02,19.59,2.454031351,40.52002928275135,7.469191842288655,,,6.459383789639407,,,,,
2018-03-05,1520226000000,50.419998,18.73,2.445938108,41.13564721718177,8.295804894175976,,,7.193057026740861,,,,,
2018-03-06,1520312400000,49.599998,18.36,2.447114324,41.068305885636526,8.148842269488252,,,7.063512897303369,,,,,
2018-03-07,1520398800000,50.720001,17.76,2.4606370269999998,41.076881955911176,8.337145839682236,,,7.221243992816628,,,,,
2018-03-08,1520485200000,52.25,16.54,2.4669,41.02626708604763,8.580210777463336,,,7.427753651302138,,,,,
2018-03-09,1520571600000,52.490002000000004,14.64,2.4809094590000003,40.93836558265619,8.60556371128409,,,7.4413115825803,,,,,
2018-03-12,1520827200000,53.189999,15.78,2.492308378,40.94430361418325,8.723874575292662,,,7.538736364055349,,,,,
2018-03-13,1520913600000,51.830002,16.35,2.510436486,41.02022750797056,8.518974935565403,,,7.355834244403522,,,,,
2018-03-14,1521000000000,54.610001000000004,17.23,2.525909459,41.22465767612623,9.020239153882734,,,7.787243666319974,,,,,
2018-03-15,1521086400000,54.84,16.59,2.539238108,41.22465609573098,9.061105133500694,,,7.8164577537243405,,,,,
2018-03-16,1521172800000,54.889998999999996,15.8,2.552260811,41.20515953713411,9.068249610718349,,,7.8161517829744565,,,,,
2018-03-19,1521432000000,54.580002,19.02,2.567038108,41.210314580691644,9.021243716472693,,,7.7690920073619285,,,,,
2018-03-20,1521518400000,57.689999,18.2,2.587324324,41.40992948546868,9.582161964076057,,,8.248324786666178,,,,,
2018-03-21,1521604800000,57.09,17.86,2.605690811,41.38611855626966,9.481638775089504,,,8.152414014038367,,,,,
2018-03-22,1521691200000,55.16,23.34,2.633543243,41.5167087349159,9.193579454042606,,,7.895725739716116,,,,,
2018-03-23,1521777600000,51.669998,24.87,2.6253883780000002,41.86039082620989,8.675395547589673,,,7.463377790469472,,,,,
2018-03-26,1522036800000,53.549999,21.03,2.630718919,41.90579013398922,9.001086555070426,,,7.742449623367076,,,,,
2018-03-27,1522123200000,51.060001,22.5,2.6300629730000002,42.10309974985906,8.619371124848971,,,7.41955469524413,,,,,
2018-03-28,1522209600000,47.389998999999996,22.87,2.618735405,42.6572737203546,8.094043300875708,,,6.985204769963187,,,,,
2018-03-29,1522296000000,49.200001,19.97,2.622856757,42.75810610950622,8.4221638848916,,,7.2691843077582154,,,,,
2018-03-30,1522382400000,47.68,23.62,2.622856757,42.5647300566396,8.12816533446889,,,7.010806287307088,,,,,
2018-04-02,1522641600000,47.580002,21.1,2.622856757,42.54315880486833,8.107355320949008,,,6.992339681295557,,,,,
2018-04-03,1522728000000,47.669998,20.06,2.630247568,42.53863713163109,8.123277625665718,,,7.0030423637478725,,,,,
2018-04-04,1522814400000,48.02,18.94,2.6391405409999997,42.53581525472928,8.184093619085807,,,7.051863348910028,,,,,
2018-04-05,1522900800000,45.869999,21.49,2.6560283780000002,42.742603000197924,7.855464618763019,,,6.7670897464765645,,,,,
2018-04-06,1522987200000,45.889998999999996,21.77,2.66359,42.70467576090266,7.853866905530242,,,6.7619547440953625,,,,,
2018-04-09,1523246400000,47.799999,20.47,2.659492162,42.79970215499423,8.196636403854708,,,7.061006306124514,,,,,
2018-04-10,1523332800000,47.759997999999996,20.24,2.659410811,42.78429199055429,8.187064668991272,,,7.052419206148695,,,,,
2018-04-11,1523419200000,49.689999,18.49,2.664662162,42.897289712376754,8.539502726751492,,,7.356702700034777,,,,,
2018-04-12,1523505600000,47.5,17.41,2.672671892,43.10707013617297,8.201133636846343,,,7.0671056396134695,,,,,
2018-04-13,1523592000000,47.029999,16.56,2.685356757,43.11351357464049,8.123422542040721,,,6.995350909158393,,,,,
2018-04-16,1523851200000,49.130001,15.25,2.6984786489999997,43.19119872991187,8.502647545282437,,,7.318516357230028,,,,,
2018-04-17,1523937600000,51.380001,15.6,2.699744595,43.33889362594139,8.920088333185102,,,7.6811537547070445,,,,,
2018-04-18,1524024000000,50.630001,15.96,2.701267838,43.362511916007016,8.794560386520367,,,7.573030236213268,,,,,
2018-04-19,1524110400000,51.459998999999996,16.88,2.711320541,43.370976850011985,8.942343929669224,,,7.696224724598113,,,,,
2018-04-20,1524196800000,50.349998,16.34,2.7131905410000003,43.39476503644114,8.75420871332335,,,7.534137873825479,,,,,
2018-04-23,1524456000000,46.009997999999996,18.02,2.7208624319999997,44.15618876130321,8.12923182480036,,,7.011213057417012,,,,,
2018-04-24,1524542400000,44.75,17.84,2.72097973,44.23377229358292,7.919333792096295,,,6.831886009557356,,,,,
2018-04-25,1524628800000,46.740002000000004,16.24,2.724085135,44.3049141891599,8.284229475064578,,,7.147143253307578,,,,,
2018-04-26,1524715200000,47.57,15.41,2.7229770269999998,44.29409357054288,8.42925135237541,,,7.272438008694365,,,,,
2018-04-27,1524801600000,47.34,15.93,2.7309789189999996,44.2406167986074,8.380703281901608,,,7.2261416609128295,,,,,
2018-04-30,1525060800000,48.200001,15.49,2.7211743239999997,44.2587918598999,8.534323349779164,,,7.362956046949581,,,,,
2018-05-01,1525147200000,48.66,15.97,2.726873784,44.24592448964604,8.614555882161962,,,7.429563159834824,,,,,
2018-05-02,1525233600000,49.209998999999996,15.9,2.7239475680000003,44.24939224142798,8.711991176895118,,,7.514874824699877,,,,,
2018-05-03,1525320000000,49.099998,14.77,2.728138649,44.23435203235021,8.690613268274994,,,7.49435767488961,,,,,
2018-05-04,1525406400000,51.119999,14.75,2.728138649,44.349452625409,9.069675702752537,,,7.824205494431857,,,,,
2018-05-07,1525665600000,53.32,14.71,2.724174324,44.47054856076161,9.482798681864846,,,8.185592959425383,,,,,
2018-05-08,1525752000000,54.259997999999996,13.42,2.7231110810000003,44.481680704796354,9.651960443374437,,,8.332394709170337,,,,,
2018-05-09,1525838400000,54.650002,13.23,2.720596216,44.48215646869047,9.720898506841065,,,8.393060523791393,,,,,
2018-05-10,1525924800000,54.73,12.65,2.718343243,44.47865890027692,9.733950394171323,,,8.405256428182124,,,,,
2018-05-11,1526011200000,54.279999,12.93,2.7088867569999997,44.44616922985957,9.645476458060404,,,8.332235584617107,,,,,
2018-05-14,1526270400000,54.650002,14.63,2.7044135139999996,44.44682260633612,9.71040916659932,,,8.390373286016402,,,,,
2018-05-15,1526356800000,56.59,13.42,2.710947568,44.52297204935268,10.072311134781039,,,8.702153633001918,,,,,
2018-05-16,1526443200000,54.82,13.43,2.7159475680000003,44.6080927361041,9.775402762698397,,,8.44568240571877,,,,,
2018-05-17,1526529600000,55.040001000000004,13.42,2.714482432,44.60654159438799,9.814008561667098,,,8.479663238367834,,,,,
2018-05-18,1526616000000,56.389998999999996,13.08,2.714814865,44.63347961877327,10.060350962042287,,,8.693112003370564,,,,,
2018-05-21,1526875200000,54.630001,13.22,2.713952973,44.7381345851367,9.76708362305213,,,8.442933177167928,,,,,
2018-05-22,1526961600000,55.09,12.58,2.7055459460000004,44.69838629805627,9.839525084536136,,,8.508310925208217,,,,,
2018-05-23,1527048000000,55.549999,12.53,2.689664865,44.6984870914849,9.918293014738602,,,8.58374710234693,,,,,
2018-05-24,1527134400000,55.77,13.22,2.684169189,44.690425979872934,9.954743737736422,,,8.617617006253788,,,,,
2018-05-25,1527220800000,56.919998,17.02,2.684169189,44.71156178096778,10.164414905790416,,,8.799716127204476,,,,,
2018-05-29,1527566400000,57.91,14.94,2.662567568,44.724647851380396,10.339138684588473,,,8.961743751790248,,,,,
2018-05-30,1527652800000,58.25,15.43,2.655896216,44.72484279570393,10.398380915958533,,,9.01632901304329,,,,,
2018-05-31,1527739200000,59.41,13.46,2.671895946,44.72959828243492,10.61016419237222,,,9.192200432285297,,,,,
2018-06-01,1527825600000,61.200001,12.74,2.67688,44.77152342425885,10.940409297171662,,,9.477030950107846,,,,,
2018-06-04,1528084800000,61.57,12.4,2.691656757,44.759607417961824,11.007385744739173,,,9.527131788902167,,,,,
2018-06-05,1528171200000,62.720001,11.64,2.689832703,44.75405041658925,11.21126395194628,,,9.704371380323737,,,,,
2018-06-06,1528257600000,60.669998,12.13,2.692233784,44.87233886077377,10.871634452017084,,,9.412709266691763,,,,,
2018-06-07,1528344000000,61.779999,12.18,2.704207027,44.78817694047471,11.054382111834192,,,9.562238258720278,,,,,
2018-06-08,1528430400000,61.290001000000004,12.35,2.692668919,44.68756638398918,10.941417731239635,,,9.467348075556494,,,,,
2018-06-11,1528689600000,63.209998999999996,12.34,2.714377027,44.743724433079926,11.302463684611974,,,9.770110306802398,,,,,
2018-06-12,1528776000000,62.5,12.94,2.7164137839999998,44.71841575877889,11.170217539637468,,,9.653953147567185,,,,,
2018-06-13,1528862400000,63.880001,12.12,2.7209881080000002,43.33971616963975,11.095695744100428,,,9.543374476952382,,,,,
2018-06-14,1528948800000,64.480003,11.98,2.7214040539999997,43.329071114695175,11.197504788234005,,,9.630366531630553,,,,,
2018-06-15,1529035200000,66.199997,12.31,2.719852973,43.320994267498605,11.493838339613099,,,9.885802712216273,,,,,
2018-06-18,1529294400000,65.959999,13.35,2.7118918919999997,43.194118497481625,11.419474607514706,,,9.821901109150584,,,,,
2018-06-19,1529380800000,67.589996,12.79,2.721112432,43.22202695716482,11.7110103812866,,,10.068459946031853,,,,,
2018-06-20,1529467200000,67.099998,14.64,2.7199989189999996,43.20615264617594,11.621918461273015,,,9.991934908531867,,,,,
2018-06-21,1529553600000,65.75,13.77,2.7259162160000003,43.250241768729076,11.40022789733406,,,9.799606293141787,,,,,
2018-06-22,1529640000000,61.889998999999996,17.33,2.7161,43.61446067581724,10.811119264811158,,,9.309824957034936,,,,,
2018-06-25,1529899200000,62.549999,15.92,2.7201540539999995,43.609702368348294,10.926307152937179,,,9.406765924230431,,,,,
2018-06-26,1529985600000,60.09,17.91,2.713208378,43.77974391906349,10.53237190519608,,,9.076273876398773,,,,,
2018-06-27,1530072000000,61.549999,16.85,2.713585135,43.80594202596093,10.794268089656544,,,9.302586857600673,,,,,
2018-06-28,1530158400000,61.639998999999996,16.09,2.714339189,43.790948644237005,10.806849563259716,,,9.312577112980804,,,,,
2018-06-29,1530244800000,63.139998999999996,15.6,2.7220170269999997,43.825558925011386,11.079715815354707,,,9.54480394083922,,,,,
2018-07-02,1530504000000,61.75,16.14,2.722758378,43.869815531368666,10.84598097693387,,,9.344455680454603,,,,,
2018-07-03,1530590400000,64.150002,14.97,2.722831892,43.96754733824114,11.290488744793286,,,9.730562921433863,,,,,
2018-07-05,1530763200000,66.440002,13.37,2.734101351,44.04041176057226,11.714155142321536,,,10.0919392300546,,,,,
2018-07-06,1530849600000,66.480003,12.69,2.723497568,44.04146858545344,11.718727676981793,,,10.101753198898829,,,,,
2018-07-09,1531108800000,64.760002,12.64,2.7253905410000003,44.11750454469793,11.434029473401836,,,9.857808726248622,,,,,
2018-07-10,1531195200000,65.33000200000001,13.63,2.7300367569999997,43.924306970223924,11.489660950128965,,,9.896889276113688,,,,,
2018-07-11,1531281600000,67.279999,12.58,2.728104324,43.970362044189145,11.843443417982908,,,10.204276855774122,,,,,
2018-07-12,1531368000000,66.970001,12.18,2.735046216,43.97182637450511,11.791038554822114,,,10.155323924725678,,,,,
2018-07-13,1531454400000,66.949997,12.83,2.736555676,43.97205398810093,11.787964898800135,,,10.151847502275775,,,,,
2018-07-16,1531713600000,68.33000200000001,12.06,2.7368108110000002,43.992156955161285,12.036038216119854,,,10.366042629255386,,,,,
2018-07-17,1531800000000,68.290001,12.1,2.744173243,43.888731394756775,12.005100241311526,,,10.331647843187572,,,,,
2018-07-18,1531886400000,68.290001,12.1,2.748994865,43.88776941377957,12.006139659891536,,,10.329783326724113,,,,,
