Datetime,Price,Timestamp
2010-06-29,23.889999,1277784000000
2010-06-30,23.83,1277870400000
2010-07-01,21.959999,1277956800000
2010-07-02,19.200001,1278043200000
2010-07-06,16.110001,1278388800000
2010-07-07,15.8,1278475200000
2010-07-08,17.459999,1278561600000
2010-07-09,17.4,1278648000000
2010-07-12,17.049999,1278907200000
2010-07-13,18.139999,1278993600000
2010-07-14,19.84,1279080000000
2010-07-15,19.889999,1279166400000
2010-07-16,20.639999,1279252800000
2010-07-19,21.91,1279512000000
2010-07-20,20.299999,1279598400000
2010-07-21,20.219998999999998,1279684800000
2010-07-22,21.0,1279771200000
2010-07-23,21.290001,1279857600000
2010-07-26,20.950001,1280116800000
2010-07-27,20.549999,1280203200000
2010-07-28,20.719998999999998,1280289600000
2010-07-29,20.35,1280376000000
2010-07-30,19.940001000000002,1280462400000
2010-08-02,20.92,1280721600000
2010-08-03,21.950001,1280808000000
2010-08-04,21.26,1280894400000
2010-08-05,20.450001,1280980800000
2010-08-06,19.59,1281067200000
2010-08-09,19.6,1281326400000
2010-08-10,19.030001000000002,1281412800000
2010-08-11,17.9,1281499200000
2010-08-12,17.6,1281585600000
2010-08-13,18.32,1281672000000
2010-08-16,18.780001000000002,1281931200000
2010-08-17,19.15,1282017600000
2010-08-18,18.77,1282104000000
2010-08-19,18.790001,1282190400000
2010-08-20,19.1,1282276800000
2010-08-23,20.129998999999998,1282536000000
2010-08-24,19.200001,1282622400000
2010-08-25,19.9,1282708800000
2010-08-26,19.75,1282795200000
2010-08-27,19.700001,1282881600000
2010-08-30,19.870001000000002,1283140800000
2010-08-31,19.48,1283227200000
2010-09-01,20.450001,1283313600000
2010-09-02,21.059998999999998,1283400000000
2010-09-03,21.049999,1283486400000
2010-09-07,20.540001,1283832000000
2010-09-08,20.9,1283918400000
2010-09-09,20.709999,1284004800000
2010-09-10,20.17,1284091200000
2010-09-13,20.719998999999998,1284350400000
2010-09-14,21.120001000000002,1284436800000
2010-09-15,21.98,1284523200000
2010-09-16,20.940001000000002,1284609600000
2010-09-17,20.23,1284696000000
2010-09-20,21.059998999999998,1284955200000
2010-09-21,20.77,1285041600000
2010-09-22,19.870001000000002,1285128000000
2010-09-23,19.559998999999998,1285214400000
2010-09-24,20.1,1285300800000
2010-09-27,20.530001000000002,1285560000000
2010-09-28,21.4,1285646400000
2010-09-29,21.98,1285732800000
2010-09-30,20.41,1285819200000
2010-10-01,20.6,1285905600000
2010-10-04,20.99,1286164800000
2010-10-05,21.120001000000002,1286251200000
2010-10-06,20.459999,1286337600000
2010-10-07,20.43,1286424000000
2010-10-08,20.43,1286510400000
2010-10-11,20.24,1286769600000
2010-10-12,20.24,1286856000000
2010-10-13,20.540001,1286942400000
2010-10-14,20.75,1287028800000
2010-10-15,20.540001,1287115200000
2010-10-18,20.23,1287374400000
2010-10-19,20.049999,1287460800000
2010-10-20,20.65,1287547200000
2010-10-21,20.75,1287633600000
2010-10-22,20.719998999999998,1287720000000
2010-10-25,20.85,1287979200000
2010-10-26,21.360001,1288065600000
2010-10-27,21.0,1288152000000
2010-10-28,21.190001000000002,1288238400000
2010-10-29,21.84,1288324800000
2010-11-01,21.41,1288584000000
2010-11-02,21.25,1288670400000
2010-11-03,21.77,1288756800000
2010-11-04,24.9,1288843200000
2010-11-05,24.440001000000002,1288929600000
2010-11-08,24.98,1289192400000
2010-11-09,24.629998999999998,1289278800000
2010-11-10,29.360001,1289365200000
2010-11-11,28.040001,1289451600000
2010-11-12,29.84,1289538000000
2010-11-15,30.799999,1289797200000
2010-11-16,29.67,1289883600000
2010-11-17,29.49,1289970000000
2010-11-18,29.889999,1290056400000
2010-11-19,30.99,1290142800000
2010-11-22,33.400002,1290402000000
2010-11-23,34.57,1290488400000
2010-11-24,35.470001,1290574800000
2010-11-26,35.32,1290747600000
2010-11-29,34.330002,1291006800000
2010-11-30,35.330002,1291093200000
2010-12-01,34.349998,1291179600000
2010-12-02,32.349998,1291266000000
2010-12-03,31.49,1291352400000
2010-12-06,30.309998999999998,1291611600000
2010-12-07,31.559998999999998,1291698000000
2010-12-08,32.369999,1291784400000
2010-12-09,32.049999,1291870800000
2010-12-10,31.52,1291957200000
2010-12-13,30.549999,1292216400000
2010-12-14,28.530001000000002,1292302800000
2010-12-15,29.6,1292389200000
2010-12-16,30.809998999999998,1292475600000
2010-12-17,31.360001,1292562000000
2010-12-20,31.700001,1292821200000
2010-12-21,32.259997999999996,1292907600000
2010-12-22,32.630001,1292994000000
2010-12-23,30.09,1293080400000
2010-12-27,25.549999,1293426000000
2010-12-28,26.41,1293512400000
2010-12-29,27.73,1293598800000
2010-12-30,26.5,1293685200000
2011-01-03,26.629998999999998,1294030800000
2011-01-04,26.620001000000002,1294117200000
2011-01-05,26.67,1294203600000
2011-01-06,26.83,1294290000000
2011-01-07,27.879998999999998,1294376400000
2011-01-10,28.24,1294635600000
2011-01-11,28.450001,1294722000000
2011-01-12,26.959999,1294808400000
2011-01-13,26.959999,1294894800000
2011-01-14,26.219998999999998,1294981200000
2011-01-18,25.75,1295326800000
2011-01-19,25.639999,1295413200000
2011-01-20,24.030001000000002,1295499600000
2011-01-21,22.620001000000002,1295586000000
2011-01-24,23.040001,1295845200000
2011-01-25,24.49,1295931600000
2011-01-26,24.68,1296018000000
2011-01-27,24.75,1296104400000
2011-01-28,24.92,1296190800000
2011-01-31,24.01,1296450000000
2011-02-01,24.1,1296536400000
2011-02-02,23.91,1296622800000
2011-02-03,23.940001000000002,1296709200000
2011-02-04,23.629998999999998,1296795600000
2011-02-07,23.459999,1297054800000
2011-02-08,23.07,1297141200000
2011-02-09,24.49,1297227600000
2011-02-10,23.209999,1297314000000
2011-02-11,23.219998999999998,1297400400000
2011-02-14,23.25,1297659600000
2011-02-15,23.08,1297746000000
2011-02-16,22.84,1297832400000
2011-02-17,24.73,1297918800000
2011-02-18,23.6,1298005200000
2011-02-22,23.18,1298350800000
2011-02-23,21.870001000000002,1298437200000
2011-02-24,21.83,1298523600000
2011-02-25,22.530001000000002,1298610000000
2011-02-28,23.610001,1298869200000
2011-03-01,23.889999,1298955600000
2011-03-02,23.940001000000002,1299042000000
2011-03-03,24.02,1299128400000
2011-03-04,24.360001,1299214800000
2011-03-07,24.950001,1299474000000
2011-03-08,24.940001000000002,1299560400000
2011-03-09,24.66,1299646800000
2011-03-10,24.719998999999998,1299733200000
2011-03-11,24.01,1299819600000
2011-03-14,24.07,1300075200000
2011-03-15,23.25,1300161600000
2011-03-16,22.950001,1300248000000
2011-03-17,22.82,1300334400000
2011-03-18,22.809998999999998,1300420800000
2011-03-21,22.959999,1300680000000
2011-03-22,22.73,1300766400000
2011-03-23,22.190001000000002,1300852800000
2011-03-24,22.209999,1300939200000
2011-03-25,22.33,1301025600000
2011-03-28,22.75,1301284800000
2011-03-29,23.25,1301371200000
2011-03-30,23.92,1301457600000
2011-03-31,23.709999,1301544000000
2011-04-01,27.75,1301630400000
2011-04-04,26.66,1301889600000
2011-04-05,25.83,1301976000000
2011-04-06,26.700001,1302062400000
2011-04-07,26.49,1302148800000
2011-04-08,27.24,1302235200000
2011-04-11,26.49,1302494400000
2011-04-12,25.27,1302580800000
2011-04-13,24.65,1302667200000
2011-04-14,24.93,1302753600000
2011-04-15,25.139999,1302840000000
2011-04-18,25.58,1303099200000
2011-04-19,25.030001000000002,1303185600000
2011-04-20,25.16,1303272000000
2011-04-21,25.75,1303358400000
2011-04-22,26.74,1303444800000
2011-04-25,26.389999,1303704000000
2011-04-26,26.93,1303790400000
2011-04-27,27.08,1303876800000
2011-04-28,27.66,1303963200000
2011-04-29,27.6,1304049600000
2011-05-02,27.450001,1304308800000
2011-05-03,26.870001000000002,1304395200000
2011-05-04,26.690001000000002,1304481600000
2011-05-05,26.440001000000002,1304568000000
2011-05-06,27.120001000000002,1304654400000
2011-05-09,27.91,1304913600000
2011-05-10,28.33,1305000000000
2011-05-11,27.07,1305086400000
2011-05-12,27.67,1305172800000
2011-05-13,27.549999,1305259200000
2011-05-16,26.6,1305518400000
2011-05-17,25.959999,1305604800000
2011-05-18,26.35,1305691200000
2011-05-19,28.200001,1305777600000
2011-05-20,27.969998999999998,1305864000000
2011-05-23,26.82,1306123200000
2011-05-24,26.719998999999998,1306209600000
2011-05-25,28.98,1306296000000
2011-05-26,29.48,1306382400000
2011-05-27,29.549999,1306468800000
2011-05-31,30.139999,1306814400000
2011-06-01,28.52,1306900800000
2011-06-02,28.76,1306987200000
2011-06-03,30.129998999999998,1307073600000
2011-06-06,28.700001,1307332800000
2011-06-07,28.370001000000002,1307419200000
2011-06-08,27.120001000000002,1307505600000
2011-06-09,27.620001000000002,1307592000000
2011-06-10,27.860001,1307678400000
2011-06-13,28.43,1307937600000
2011-06-14,28.6,1308024000000
2011-06-15,27.32,1308110400000
2011-06-16,26.5,1308196800000
2011-06-17,26.5,1308283200000
2011-06-20,26.01,1308542400000
2011-06-21,27.530001000000002,1308628800000
2011-06-22,27.209999,1308715200000
2011-06-23,27.709999,1308801600000
2011-06-24,27.57,1308888000000
2011-06-27,27.459999,1309147200000
2011-06-28,28.110001,1309233600000
2011-06-29,28.290001,1309320000000
2011-06-30,29.129998999999998,1309406400000
2011-07-01,29.02,1309492800000
2011-07-05,29.139999,1309838400000
2011-07-06,28.959999,1309924800000
2011-07-07,29.73,1310011200000
2011-07-08,28.809998999999998,1310097600000
2011-07-11,28.35,1310356800000
2011-07-12,28.17,1310443200000
2011-07-13,28.639999,1310529600000
2011-07-14,27.610001,1310616000000
2011-07-15,27.58,1310702400000
2011-07-18,27.23,1310961600000
2011-07-19,27.889999,1311048000000
2011-07-20,28.690001000000002,1311134400000
2011-07-21,28.700001,1311220800000
2011-07-22,29.290001,1311307200000
2011-07-25,28.49,1311566400000
2011-07-26,28.0,1311652800000
2011-07-27,27.639999,1311739200000
2011-07-28,28.17,1311825600000
2011-07-29,28.17,1311912000000
2011-08-01,28.77,1312171200000
2011-08-02,27.34,1312257600000
2011-08-03,27.200001,1312344000000
2011-08-04,24.75,1312430400000
2011-08-05,24.24,1312516800000
2011-08-08,23.639999,1312776000000
2011-08-09,25.059998999999998,1312862400000
2011-08-10,23.82,1312948800000
2011-08-11,25.299999,1313035200000
2011-08-12,26.309998999999998,1313121600000
2011-08-15,26.23,1313380800000
2011-08-16,26.1,1313467200000
2011-08-17,25.83,1313553600000
2011-08-18,24.26,1313640000000
2011-08-19,22.299999,1313726400000
2011-08-22,21.950001,1313985600000
2011-08-23,22.959999,1314072000000
2011-08-24,22.959999,1314158400000
2011-08-25,23.870001000000002,1314244800000
2011-08-26,23.110001,1314331200000
2011-08-29,23.73,1314590400000
2011-08-30,24.709999,1314676800000
2011-08-31,24.629998999999998,1314763200000
2011-09-01,24.74,1314849600000
2011-09-02,24.0,1314936000000
2011-09-06,23.07,1315281600000
2011-09-07,22.940001000000002,1315368000000
2011-09-08,23.84,1315454400000
2011-09-09,23.610001,1315540800000
2011-09-12,22.969998999999998,1315800000000
2011-09-13,22.879998999999998,1315886400000
2011-09-14,24.08,1315972800000
2011-09-15,24.34,1316059200000
2011-09-16,24.82,1316145600000
2011-09-19,25.799999,1316404800000
2011-09-20,25.77,1316491200000
2011-09-21,26.01,1316577600000
2011-09-22,25.85,1316664000000
2011-09-23,25.629998999999998,1316750400000
2011-09-26,26.379998999999998,1317009600000
2011-09-27,25.52,1317096000000
2011-09-28,26.190001000000002,1317182400000
2011-09-29,24.59,1317268800000
2011-09-30,24.120001000000002,1317355200000
2011-10-03,24.389999,1317614400000
2011-10-04,23.73,1317700800000
2011-10-05,23.66,1317787200000
2011-10-06,25.370001000000002,1317873600000
2011-10-07,26.959999,1317960000000
2011-10-10,26.99,1318219200000
2011-10-11,27.879998999999998,1318305600000
2011-10-12,27.610001,1318392000000
2011-10-13,27.799999,1318478400000
2011-10-14,27.940001000000002,1318564800000
2011-10-17,28.049999,1318824000000
2011-10-18,27.42,1318910400000
2011-10-19,28.34,1318996800000
2011-10-20,27.57,1319083200000
2011-10-21,27.34,1319169600000
2011-10-24,28.030001000000002,1319428800000
2011-10-25,28.549999,1319515200000
2011-10-26,28.25,1319601600000
2011-10-27,27.98,1319688000000
2011-10-28,28.76,1319774400000
2011-10-31,29.870001000000002,1320033600000
2011-11-01,29.370001000000002,1320120000000
2011-11-02,28.879998999999998,1320206400000
2011-11-03,28.709999,1320292800000
2011-11-04,32.459998999999996,1320379200000
2011-11-07,32.310001,1320642000000
2011-11-08,31.27,1320728400000
2011-11-09,31.84,1320814800000
2011-11-10,30.879998999999998,1320901200000
2011-11-11,31.33,1320987600000
2011-11-14,33.639998999999996,1321246800000
2011-11-15,33.220001,1321333200000
2011-11-16,33.93,1321419600000
2011-11-17,34.939999,1321506000000
2011-11-18,33.68,1321592400000
2011-11-21,32.599998,1321851600000
2011-11-22,31.76,1321938000000
2011-11-23,32.07,1322024400000
2011-11-25,31.450001,1322197200000
2011-11-28,31.66,1322456400000
2011-11-29,32.560001,1322542800000
2011-11-30,31.75,1322629200000
2011-12-01,32.740002000000004,1322715600000
2011-12-02,32.599998,1322802000000
2011-12-05,33.299999,1323061200000
2011-12-06,34.419998,1323147600000
2011-12-07,34.869999,1323234000000
2011-12-08,34.189999,1323320400000
2011-12-09,30.889999,1323406800000
2011-12-12,31.040001,1323666000000
2011-12-13,30.41,1323752400000
2011-12-14,29.450001,1323838800000
2011-12-15,28.530001000000002,1323925200000
2011-12-16,28.620001000000002,1324011600000
2011-12-19,28.0,1324270800000
2011-12-20,27.75,1324357200000
2011-12-21,27.9,1324443600000
2011-12-22,27.57,1324530000000
2011-12-23,27.77,1324616400000
2011-12-27,27.9,1324962000000
2011-12-28,28.57,1325048400000
2011-12-29,28.51,1325134800000
2011-12-30,28.73,1325221200000
2012-01-03,28.559998999999998,1325566800000
2012-01-04,28.08,1325653200000
2012-01-05,27.709999,1325739600000
2012-01-06,27.120001000000002,1325826000000
2012-01-09,26.91,1326085200000
2012-01-10,27.25,1326171600000
2012-01-11,27.620001000000002,1326258000000
2012-01-12,28.23,1326344400000
2012-01-13,28.25,1326430800000
2012-01-17,22.790001,1326776400000
2012-01-18,26.6,1326862800000
2012-01-19,26.809998999999998,1326949200000
2012-01-20,26.76,1327035600000
2012-01-23,26.6,1327294800000
2012-01-24,26.77,1327381200000
2012-01-25,27.42,1327467600000
2012-01-26,27.969998999999998,1327554000000
2012-01-27,28.940001000000002,1327640400000
2012-01-30,29.33,1327899600000
2012-01-31,29.57,1327986000000
2012-02-01,29.07,1328072400000
2012-02-02,29.58,1328158800000
2012-02-03,30.25,1328245200000
2012-02-06,31.15,1328504400000
2012-02-07,31.799999,1328590800000
2012-02-08,31.6,1328677200000
2012-02-09,31.93,1328763600000
2012-02-10,32.580002,1328850000000
2012-02-13,31.1,1329109200000
2012-02-14,31.49,1329195600000
2012-02-15,33.169998,1329282000000
2012-02-16,33.599998,1329368400000
2012-02-17,34.18,1329454800000
2012-02-21,34.970001,1329800400000
2012-02-22,34.5,1329886800000
2012-02-23,34.220001,1329973200000
2012-02-24,34.529999,1330059600000
2012-02-27,33.75,1330318800000
2012-02-28,33.619999,1330405200000
2012-02-29,33.810001,1330491600000
2012-03-01,33.41,1330578000000
2012-03-02,34.41,1330664400000
2012-03-05,34.040001000000004,1330923600000
2012-03-06,33.77,1331010000000
2012-03-07,33.110001000000004,1331096400000
2012-03-08,33.119999,1331182800000
2012-03-09,33.07,1331269200000
2012-03-12,34.740002000000004,1331524800000
2012-03-13,36.009997999999996,1331611200000
2012-03-14,36.09,1331697600000
2012-03-15,35.290001000000004,1331784000000
2012-03-16,35.0,1331870400000
2012-03-19,35.32,1332129600000
2012-03-20,34.98,1332216000000
2012-03-21,34.959998999999996,1332302400000
2012-03-22,35.150002,1332388800000
2012-03-23,34.400002,1332475200000
2012-03-26,34.080002,1332734400000
2012-03-27,37.400002,1332820800000
2012-03-28,37.939999,1332907200000
2012-03-29,37.849998,1332993600000
2012-03-30,37.330002,1333080000000
2012-04-02,37.240002000000004,1333339200000
2012-04-03,36.580002,1333425600000
2012-04-04,38.009997999999996,1333512000000
2012-04-05,35.0,1333598400000
2012-04-06,34.48,1333684800000
2012-04-09,33.150002,1333944000000
2012-04-10,32.459998999999996,1334030400000
2012-04-11,33.09,1334116800000
2012-04-12,33.439999,1334203200000
2012-04-13,33.59,1334289600000
2012-04-16,32.25,1334548800000
2012-04-17,32.240002000000004,1334635200000
2012-04-18,32.66,1334721600000
2012-04-19,33.16,1334808000000
2012-04-20,33.16,1334894400000
2012-04-23,31.940001000000002,1335153600000
2012-04-24,31.82,1335240000000
2012-04-25,32.91,1335326400000
2012-04-26,33.490002000000004,1335412800000
2012-04-27,33.34,1335499200000
2012-04-30,33.130001,1335758400000
2012-05-01,33.779999,1335844800000
2012-05-02,33.939999,1335931200000
2012-05-03,32.459998999999996,1336017600000
2012-05-04,31.83,1336104000000
2012-05-07,32.470001,1336363200000
2012-05-08,30.190001000000002,1336449600000
2012-05-09,30.059998999999998,1336536000000
2012-05-10,32.959998999999996,1336622400000
2012-05-11,32.25,1336708800000
2012-05-14,30.059998999999998,1336968000000
2012-05-15,29.43,1337054400000
2012-05-16,29.18,1337140800000
2012-05-17,28.57,1337227200000
2012-05-18,27.559998999999998,1337313600000
2012-05-21,28.77,1337572800000
2012-05-22,30.799999,1337659200000
2012-05-23,31.02,1337745600000
2012-05-24,30.280001000000002,1337832000000
2012-05-25,29.809998999999998,1337918400000
2012-05-29,31.690001000000002,1338264000000
2012-05-30,30.41,1338350400000
2012-05-31,29.5,1338436800000
2012-06-01,28.15,1338523200000
2012-06-04,27.879998999999998,1338782400000
2012-06-05,27.91,1338868800000
2012-06-06,29.219998999999998,1338955200000
2012-06-07,28.93,1339041600000
2012-06-08,30.08,1339128000000
2012-06-11,29.120001000000002,1339387200000
2012-06-12,29.66,1339473600000
2012-06-13,29.77,1339560000000
2012-06-14,29.389999,1339646400000
2012-06-15,29.91,1339732800000
2012-06-18,31.84,1339992000000
2012-06-19,32.09,1340078400000
2012-06-20,33.779999,1340164800000
2012-06-21,32.189999,1340251200000
2012-06-22,33.790001000000004,1340337600000
2012-06-25,33.110001000000004,1340596800000
2012-06-26,31.610001,1340683200000
2012-06-27,31.959999,1340769600000
2012-06-28,31.41,1340856000000
2012-06-29,31.290001,1340942400000
2012-07-02,30.4,1341201600000
2012-07-03,30.66,1341288000000
2012-07-05,31.23,1341460800000
2012-07-06,30.99,1341547200000
2012-07-09,31.49,1341806400000
2012-07-10,31.27,1341892800000
2012-07-11,31.51,1341979200000
2012-07-12,32.700001,1342065600000
2012-07-13,34.25,1342152000000
2012-07-16,35.959998999999996,1342411200000
2012-07-17,33.349998,1342497600000
2012-07-18,32.150002,1342584000000
2012-07-19,32.27,1342670400000
2012-07-20,31.790001,1342756800000
2012-07-23,30.66,1343016000000
2012-07-24,29.84,1343102400000
2012-07-25,28.950001,1343188800000
2012-07-26,28.129998999999998,1343275200000
2012-07-27,29.51,1343361600000
2012-07-30,27.35,1343620800000
2012-07-31,27.42,1343707200000
2012-08-01,26.25,1343793600000
2012-08-02,26.1,1343880000000
2012-08-03,27.27,1343966400000
2012-08-06,28.27,1344225600000
2012-08-07,30.25,1344312000000
2012-08-08,29.09,1344398400000
2012-08-09,29.41,1344484800000
2012-08-10,29.940001000000002,1344571200000
2012-08-13,31.17,1344830400000
2012-08-14,29.42,1344916800000
2012-08-15,29.4,1345003200000
2012-08-16,30.299999,1345089600000
2012-08-17,30.01,1345176000000
2012-08-20,29.51,1345435200000
2012-08-21,29.110001,1345521600000
2012-08-22,29.950001,1345608000000
2012-08-23,30.73,1345694400000
2012-08-24,29.5,1345780800000
2012-08-27,28.32,1346040000000
2012-08-28,28.690001000000002,1346126400000
2012-08-29,28.41,1346212800000
2012-08-30,28.41,1346299200000
2012-08-31,28.52,1346385600000
2012-09-04,28.139999,1346731200000
2012-09-05,27.940001000000002,1346817600000
2012-09-06,28.549999,1346904000000
2012-09-07,29.35,1346990400000
2012-09-10,27.370001000000002,1347249600000
2012-09-11,27.799999,1347336000000
2012-09-12,28.280001000000002,1347422400000
2012-09-13,29.48,1347508800000
2012-09-14,30.389999,1347595200000
2012-09-17,32.540001000000004,1347854400000
2012-09-18,31.34,1347940800000
2012-09-19,31.049999,1348027200000
2012-09-20,30.9,1348113600000
2012-09-21,30.02,1348200000000
2012-09-24,30.66,1348459200000
2012-09-25,27.66,1348545600000
2012-09-26,27.540001,1348632000000
2012-09-27,28.49,1348718400000
2012-09-28,29.280001000000002,1348804800000
2012-10-01,29.16,1349064000000
2012-10-02,29.799999,1349150400000
2012-10-03,29.299999,1349236800000
2012-10-04,29.4,1349323200000
2012-10-05,28.889999,1349409600000
2012-10-08,29.25,1349668800000
2012-10-09,28.370001000000002,1349755200000
2012-10-10,28.4,1349841600000
2012-10-11,28.32,1349928000000
2012-10-12,27.639999,1350014400000
2012-10-15,27.33,1350273600000
2012-10-16,28.82,1350360000000
2012-10-17,28.059998999999998,1350446400000
2012-10-18,28.82,1350532800000
2012-10-19,28.040001,1350619200000
2012-10-22,27.74,1350878400000
2012-10-23,27.85,1350964800000
2012-10-24,28.389999,1351051200000
2012-10-25,27.42,1351137600000
2012-10-26,27.52,1351224000000
2012-10-29,27.379998999999998,1351483200000
2012-10-30,28.129998999999998,1351569600000
2012-10-31,29.25,1351656000000
2012-11-01,28.92,1351742400000
2012-11-02,31.5,1351828800000
2012-11-05,31.15,1352091600000
2012-11-06,31.540001,1352178000000
2012-11-07,31.309998999999998,1352264400000
2012-11-08,30.32,1352350800000
2012-11-09,31.07,1352437200000
2012-11-13,31.610001,1352782800000
2012-11-14,31.379998999999998,1352869200000
2012-11-15,30.82,1352955600000
2012-11-16,31.84,1353042000000
2012-11-19,32.919998,1353301200000
2012-11-20,33.0,1353387600000
2012-11-21,32.470001,1353474000000
2012-11-23,32.130001,1353646800000
2012-11-26,32.27,1353906000000
2012-11-27,32.150002,1353992400000
2012-11-28,33.23,1354078800000
2012-11-29,33.689999,1354165200000
2012-11-30,33.82,1354251600000
2012-12-03,34.619999,1354510800000
2012-12-04,33.900002,1354597200000
2012-12-05,33.709998999999996,1354683600000
2012-12-06,33.900002,1354770000000
2012-12-07,34.169998,1354856400000
2012-12-10,34.57,1355115600000
2012-12-11,35.279999,1355202000000
2012-12-12,35.259997999999996,1355288400000
2012-12-13,33.610001000000004,1355374800000
2012-12-14,33.810001,1355461200000
2012-12-17,34.400002,1355720400000
2012-12-18,34.59,1355806800000
2012-12-19,34.610001000000004,1355893200000
2012-12-20,34.43,1355979600000
2012-12-21,34.0,1356066000000
2012-12-24,34.279999,1356325200000
2012-12-26,33.59,1356498000000
2012-12-27,33.689999,1356584400000
2012-12-28,33.220001,1356670800000
2012-12-31,33.869999,1356930000000
2013-01-02,35.360001000000004,1357102800000
2013-01-03,34.77,1357189200000
2013-01-04,34.400002,1357275600000
2013-01-07,34.34,1357534800000
2013-01-08,33.68,1357621200000
2013-01-09,33.639998999999996,1357707600000
2013-01-10,33.529999,1357794000000
2013-01-11,32.91,1357880400000
2013-01-14,33.259997999999996,1358139600000
2013-01-15,33.900002,1358226000000
2013-01-16,34.099998,1358312400000
2013-01-17,34.380001,1358398800000
2013-01-18,34.52,1358485200000
2013-01-22,35.189999,1358830800000
2013-01-23,36.0,1358917200000
2013-01-24,36.990002000000004,1359003600000
2013-01-25,36.98,1359090000000
2013-01-28,38.029999,1359349200000
2013-01-29,37.950001,1359435600000
2013-01-30,37.52,1359522000000
2013-01-31,37.509997999999996,1359608400000
2013-02-01,38.299999,1359694800000
2013-02-04,37.740002000000004,1359954000000
2013-02-05,38.130001,1360040400000
2013-02-06,39.169998,1360126800000
2013-02-07,39.48,1360213200000
2013-02-08,39.240002000000004,1360299600000
2013-02-11,38.419998,1360558800000
2013-02-12,37.889998999999996,1360645200000
2013-02-13,38.450001,1360731600000
2013-02-14,38.27,1360818000000
2013-02-15,37.040001000000004,1360904400000
2013-02-19,39.279999,1361250000000
2013-02-20,38.540001000000004,1361336400000
2013-02-21,35.16,1361422800000
2013-02-22,36.110001000000004,1361509200000
2013-02-25,34.380001,1361768400000
2013-02-26,34.43,1361854800000
2013-02-27,35.099998,1361941200000
2013-02-28,34.830002,1362027600000
2013-03-01,34.650002,1362114000000
2013-03-04,35.580002,1362373200000
2013-03-05,36.650002,1362459600000
2013-03-06,37.689999,1362546000000
2013-03-07,38.23,1362632400000
2013-03-08,38.470001,1362718800000
2013-03-11,39.099998,1362974400000
2013-03-12,39.119999,1363060800000
2013-03-13,38.98,1363147200000
2013-03-14,36.849998,1363233600000
2013-03-15,35.290001000000004,1363320000000
2013-03-18,35.150002,1363579200000
2013-03-19,35.080002,1363665600000
2013-03-20,35.950001,1363752000000
2013-03-21,36.009997999999996,1363838400000
2013-03-22,36.619999,1363924800000
2013-03-25,37.529999,1364184000000
2013-03-26,37.860001000000004,1364270400000
2013-03-27,38.16,1364356800000
2013-03-28,37.889998999999996,1364443200000
2013-03-29,43.93,1364529600000
2013-04-01,44.34,1364788800000
2013-04-02,41.099998,1364875200000
2013-04-03,42.009997999999996,1364961600000
2013-04-04,41.369999,1365048000000
2013-04-05,41.830002,1365134400000
2013-04-08,40.5,1365393600000
2013-04-09,41.860001000000004,1365480000000
2013-04-10,43.59,1365566400000
2013-04-11,43.75,1365652800000
2013-04-12,43.299999,1365739200000
2013-04-15,45.59,1365998400000
2013-04-16,45.450001,1366084800000
2013-04-17,46.970001,1366171200000
2013-04-18,47.830002,1366257600000
2013-04-19,50.189999,1366344000000
2013-04-22,51.009997999999996,1366603200000
2013-04-23,50.43,1366689600000
2013-04-24,52.0,1366776000000
2013-04-25,51.200001,1366862400000
2013-04-26,54.939999,1366948800000
2013-04-29,53.990002000000004,1367208000000
2013-04-30,53.279999,1367294400000
2013-05-01,54.110001000000004,1367380800000
2013-05-02,54.549999,1367467200000
2013-05-03,59.5,1367553600000
2013-05-06,55.509997999999996,1367812800000
2013-05-07,55.790001000000004,1367899200000
2013-05-08,69.400002,1367985600000
2013-05-09,76.760002,1368072000000
2013-05-10,87.800003,1368158400000
2013-05-13,83.239998,1368417600000
2013-05-14,84.839996,1368504000000
2013-05-15,92.25,1368590400000
2013-05-16,91.5,1368676800000
2013-05-17,89.940002,1368763200000
2013-05-20,87.589996,1369022400000
2013-05-21,87.239998,1369108800000
2013-05-22,92.730003,1369195200000
2013-05-23,97.08000200000001,1369281600000
2013-05-24,110.33000200000001,1369368000000
2013-05-28,104.629997,1369713600000
2013-05-29,104.949997,1369800000000
2013-05-30,97.760002,1369886400000
2013-05-31,92.589996,1369972800000
2013-06-03,94.839996,1370232000000
2013-06-04,95.370003,1370318400000
2013-06-05,97.349998,1370404800000
2013-06-06,102.040001,1370491200000
2013-06-07,100.050003,1370577600000
2013-06-10,94.470001,1370836800000
2013-06-11,97.730003,1370923200000
2013-06-12,98.18,1371009600000
2013-06-13,100.300003,1371096000000
2013-06-14,102.199997,1371182400000
2013-06-17,103.389999,1371441600000
2013-06-18,104.68,1371528000000
2013-06-19,100.650002,1371614400000
2013-06-20,99.550003,1371700800000
2013-06-21,101.489998,1371787200000
2013-06-24,102.400002,1372046400000
2013-06-25,105.720001,1372132800000
2013-06-26,109.25,1372219200000
2013-06-27,107.360001,1372305600000
2013-06-28,117.18,1372392000000
2013-07-01,117.82,1372651200000
2013-07-02,115.239998,1372737600000
2013-07-03,120.089996,1372824000000
2013-07-05,121.610001,1372996800000
2013-07-08,123.449997,1373256000000
2013-07-09,122.269997,1373342400000
2013-07-10,125.610001,1373428800000
2013-07-11,129.899994,1373515200000
2013-07-12,127.260002,1373601600000
2013-07-15,109.050003,1373860800000
2013-07-16,120.25,1373947200000
2013-07-17,119.029999,1374033600000
2013-07-18,119.68,1374120000000
2013-07-19,122.43,1374206400000
2013-07-22,122.739998,1374465600000
2013-07-23,121.699997,1374552000000
2013-07-24,124.07,1374638400000
2013-07-25,129.389999,1374724800000
2013-07-26,134.619995,1374811200000
2013-07-29,131.740005,1375070400000
2013-07-30,134.279999,1375156800000
2013-07-31,135.550003,1375243200000
2013-08-01,138.0,1375329600000
2013-08-02,144.679993,1375416000000
2013-08-05,142.149994,1375675200000
2013-08-06,134.229996,1375761600000
2013-08-07,153.479996,1375848000000
2013-08-08,153.0,1375934400000
2013-08-09,147.380005,1376020800000
2013-08-12,145.429993,1376280000000
2013-08-13,139.360001,1376366400000
2013-08-14,139.669998,1376452800000
2013-08-15,142.0,1376539200000
2013-08-16,144.899994,1376625600000
2013-08-19,149.580002,1376884800000
2013-08-20,147.860001,1376971200000
2013-08-21,157.100006,1377057600000
2013-08-22,161.83999599999999,1377144000000
2013-08-23,164.220001,1377230400000
2013-08-26,167.009995,1377489600000
2013-08-27,166.449997,1377576000000
2013-08-28,166.059998,1377662400000
2013-08-29,169.0,1377748800000
2013-08-30,168.940002,1377835200000
2013-09-03,170.619995,1378180800000
2013-09-04,169.929993,1378267200000
2013-09-05,166.970001,1378353600000
2013-09-06,160.699997,1378440000000
2013-09-09,166.369995,1378699200000
2013-09-10,163.520004,1378785600000
2013-09-11,164.929993,1378872000000
2013-09-12,165.53999299999998,1378958400000
2013-09-13,166.580002,1379044800000
2013-09-16,166.229996,1379304000000
2013-09-17,166.220001,1379390400000
2013-09-18,177.919998,1379476800000
2013-09-19,183.389999,1379563200000
2013-09-20,181.110001,1379649600000
2013-09-23,182.330002,1379908800000
2013-09-24,185.240005,1379995200000
2013-09-25,188.639999,1380081600000
2013-09-26,190.899994,1380168000000
2013-09-27,193.369995,1380254400000
2013-09-30,193.0,1380513600000
2013-10-01,180.949997,1380600000000
2013-10-02,173.309998,1380686400000
2013-10-03,180.979996,1380772800000
2013-10-04,183.070007,1380859200000
2013-10-07,174.729996,1381118400000
2013-10-08,168.779999,1381204800000
2013-10-09,172.929993,1381291200000
2013-10-10,178.699997,1381377600000
2013-10-11,179.720001,1381464000000
2013-10-14,183.940002,1381723200000
2013-10-15,183.559998,1381809600000
2013-10-16,182.800003,1381896000000
2013-10-17,183.399994,1381982400000
2013-10-18,172.600006,1382068800000
2013-10-21,171.53999299999998,1382328000000
2013-10-22,164.5,1382414400000
2013-10-23,173.149994,1382500800000
2013-10-24,169.66000400000001,1382587200000
2013-10-25,162.860001,1382673600000
2013-10-28,164.470001,1382932800000
2013-10-29,159.220001,1383019200000
2013-10-30,159.940002,1383105600000
2013-10-31,162.169998,1383192000000
2013-11-01,175.199997,1383278400000
2013-11-04,176.809998,1383541200000
2013-11-05,151.16000400000001,1383627600000
2013-11-06,139.770004,1383714000000
2013-11-07,137.949997,1383800400000
2013-11-08,144.699997,1383886800000
2013-11-11,137.800003,1384146000000
2013-11-12,138.699997,1384232400000
2013-11-13,137.600006,1384318800000
2013-11-14,135.449997,1384405200000
2013-11-15,121.58000200000001,1384491600000
2013-11-18,126.089996,1384750800000
2013-11-19,121.110001,1384837200000
2013-11-20,122.099998,1384923600000
2013-11-21,121.379997,1385010000000
2013-11-22,120.839996,1385096400000
2013-11-25,120.5,1385355600000
2013-11-26,126.940002,1385442000000
2013-11-27,127.279999,1385528400000
2013-11-29,124.16999799999999,1385701200000
2013-12-02,144.699997,1385960400000
2013-12-03,138.949997,1386046800000
2013-12-04,140.479996,1386133200000
2013-12-05,137.360001,1386219600000
2013-12-06,141.600006,1386306000000
2013-12-09,142.190002,1386565200000
2013-12-10,139.649994,1386651600000
2013-12-11,147.940002,1386738000000
2013-12-12,147.470001,1386824400000
2013-12-13,147.649994,1386910800000
2013-12-16,147.940002,1387170000000
2013-12-17,152.46000700000002,1387256400000
2013-12-18,147.979996,1387342800000
2013-12-19,140.720001,1387429200000
2013-12-20,143.240005,1387515600000
2013-12-23,143.550003,1387774800000
2013-12-24,151.41000400000001,1387861200000
2013-12-26,155.5,1388034000000
2013-12-27,151.119995,1388120400000
2013-12-30,152.440002,1388379600000
2013-12-31,150.429993,1388466000000
2014-01-02,150.100006,1388638800000
2014-01-03,149.559998,1388725200000
2014-01-06,147.0,1388984400000
2014-01-07,149.360001,1389070800000
2014-01-08,151.279999,1389157200000
2014-01-09,147.529999,1389243600000
2014-01-10,145.720001,1389330000000
2014-01-13,139.33999599999999,1389589200000
2014-01-14,161.270004,1389675600000
2014-01-15,164.130005,1389762000000
2014-01-16,170.970001,1389848400000
2014-01-17,170.009995,1389934800000
2014-01-21,176.679993,1390280400000
2014-01-22,178.559998,1390366800000
2014-01-23,181.5,1390453200000
2014-01-24,174.600006,1390539600000
2014-01-27,169.619995,1390798800000
2014-01-28,178.380005,1390885200000
2014-01-29,175.229996,1390971600000
2014-01-30,182.83999599999999,1391058000000
2014-01-31,181.41000400000001,1391144400000
2014-02-03,177.110001,1391403600000
2014-02-04,178.729996,1391490000000
2014-02-05,174.419998,1391576400000
2014-02-06,178.380005,1391662800000
2014-02-07,186.529999,1391749200000
2014-02-10,196.559998,1392008400000
2014-02-11,196.619995,1392094800000
2014-02-12,195.320007,1392181200000
2014-02-13,199.630005,1392267600000
2014-02-14,198.229996,1392354000000
2014-02-18,203.699997,1392699600000
2014-02-19,193.639999,1392786000000
2014-02-20,209.97000099999997,1392872400000
2014-02-21,209.600006,1392958800000
2014-02-24,217.649994,1393218000000
2014-02-25,248.0,1393304400000
2014-02-26,253.0,1393390800000
2014-02-27,252.539993,1393477200000
2014-02-28,244.809998,1393563600000
2014-03-03,250.559998,1393822800000
2014-03-04,254.83999599999999,1393909200000
2014-03-05,252.66000400000001,1393995600000
2014-03-06,252.940002,1394082000000
2014-03-07,246.210007,1394168400000
2014-03-10,238.83999599999999,1394424000000
2014-03-11,234.41000400000001,1394510400000
2014-03-12,241.49000499999997,1394596800000
2014-03-13,237.789993,1394683200000
2014-03-14,230.97000099999997,1394769600000
2014-03-17,233.979996,1395028800000
2014-03-18,240.039993,1395115200000
2014-03-19,235.83999599999999,1395201600000
2014-03-20,234.91000400000001,1395288000000
2014-03-21,228.88999900000002,1395374400000
2014-03-24,220.169998,1395633600000
2014-03-25,220.440002,1395720000000
2014-03-26,212.960007,1395806400000
2014-03-27,207.320007,1395892800000
2014-03-28,212.36999500000002,1395979200000
2014-03-31,208.449997,1396238400000
2014-04-01,216.97000099999997,1396324800000
2014-04-02,230.289993,1396411200000
2014-04-03,225.399994,1396497600000
2014-04-04,212.229996,1396584000000
2014-04-07,207.520004,1396843200000
2014-04-08,215.460007,1396929600000
2014-04-09,216.92999300000002,1397016000000
2014-04-10,204.190002,1397102400000
2014-04-11,203.779999,1397188800000
2014-04-14,198.08999599999999,1397448000000
2014-04-15,193.91000400000001,1397534400000
2014-04-16,199.110001,1397620800000
2014-04-17,198.119995,1397707200000
2014-04-18,204.380005,1397793600000
2014-04-21,218.63999900000002,1398052800000
2014-04-22,207.990005,1398139200000
2014-04-23,207.860001,1398225600000
2014-04-24,199.850006,1398312000000
2014-04-25,198.509995,1398398400000
2014-04-28,206.919998,1398657600000
2014-04-29,207.889999,1398744000000
2014-04-30,207.729996,1398830400000
2014-05-01,210.91000400000001,1398916800000
2014-05-02,216.61000099999998,1399003200000
2014-05-05,207.279999,1399262400000
2014-05-06,201.350006,1399348800000
2014-05-07,178.58999599999999,1399435200000
2014-05-08,182.259995,1399521600000
2014-05-09,184.669998,1399608000000
2014-05-12,190.16000400000001,1399867200000
2014-05-13,190.619995,1399953600000
2014-05-14,188.58999599999999,1400040000000
2014-05-15,191.559998,1400126400000
2014-05-16,196.08999599999999,1400212800000
2014-05-19,195.300003,1400472000000
2014-05-20,199.449997,1400558400000
2014-05-21,204.880005,1400644800000
2014-05-22,207.300003,1400731200000
2014-05-23,211.559998,1400817600000
2014-05-27,210.24000499999997,1401163200000
2014-05-28,210.24000499999997,1401249600000
2014-05-29,207.770004,1401336000000
2014-05-30,204.699997,1401422400000
2014-06-02,204.940002,1401681600000
2014-06-03,203.990005,1401768000000
2014-06-04,206.899994,1401854400000
2014-06-05,208.169998,1401940800000
2014-06-06,205.309998,1402027200000
2014-06-09,202.300003,1402286400000
2014-06-10,204.470001,1402372800000
2014-06-11,203.520004,1402459200000
2014-06-12,206.419998,1402545600000
2014-06-13,224.61000099999998,1402632000000
2014-06-16,231.669998,1402891200000
2014-06-17,227.11999500000002,1402977600000
2014-06-18,227.789993,1403064000000
2014-06-19,229.58999599999999,1403150400000
2014-06-20,237.22000099999997,1403236800000
2014-06-23,232.5,1403496000000
2014-06-24,236.88999900000002,1403582400000
2014-06-25,235.600006,1403668800000
2014-06-26,239.059998,1403755200000
2014-06-27,240.059998,1403841600000
2014-06-30,239.72000099999997,1404100800000
2014-07-01,229.42999300000002,1404187200000
2014-07-02,229.25,1404273600000
2014-07-03,222.66000400000001,1404360000000
2014-07-07,219.07000699999998,1404705600000
2014-07-08,223.059998,1404792000000
2014-07-09,219.460007,1404878400000
2014-07-10,218.13000499999998,1404964800000
2014-07-11,226.69999700000002,1405051200000
2014-07-14,219.580002,1405310400000
2014-07-15,217.16000400000001,1405396800000
2014-07-16,215.399994,1405483200000
2014-07-17,220.020004,1405569600000
2014-07-18,220.539993,1405656000000
2014-07-21,219.580002,1405915200000
2014-07-22,222.49000499999997,1406001600000
2014-07-23,223.539993,1406088000000
2014-07-24,223.57000699999998,1406174400000
2014-07-25,224.82000699999998,1406260800000
2014-07-28,225.00999500000003,1406520000000
2014-07-29,228.919998,1406606400000
2014-07-30,223.30000299999998,1406692800000
2014-07-31,233.270004,1406779200000
2014-08-01,238.520004,1406865600000
2014-08-04,238.49000499999997,1407124800000
2014-08-05,248.92999300000002,1407211200000
2014-08-06,252.38999900000002,1407297600000
2014-08-07,248.13000499999998,1407384000000
2014-08-08,259.320007,1407470400000
2014-08-11,259.959991,1407729600000
2014-08-12,260.309998,1407816000000
2014-08-13,261.380005,1407902400000
2014-08-14,262.01001,1407988800000
2014-08-15,259.940002,1408075200000
2014-08-18,256.76001,1408334400000
2014-08-19,255.710007,1408420800000
2014-08-20,254.33999599999999,1408507200000
2014-08-21,256.77999900000003,1408593600000
2014-08-22,262.549988,1408680000000
2014-08-25,261.73999,1408939200000
2014-08-26,263.25,1409025600000
2014-08-27,263.859985,1409112000000
2014-08-28,269.700012,1409198400000
2014-08-29,284.119995,1409284800000
2014-09-02,281.190002,1409630400000
2014-09-03,286.040009,1409716800000
2014-09-04,277.390015,1409803200000
2014-09-05,282.109985,1409889600000
2014-09-08,278.480011,1410148800000
2014-09-09,281.100006,1410235200000
2014-09-10,280.309998,1410321600000
2014-09-11,279.200012,1410408000000
2014-09-12,253.86000099999998,1410494400000
2014-09-15,260.73999,1410753600000
2014-09-16,261.380005,1410840000000
2014-09-17,263.820007,1410926400000
2014-09-18,259.320007,1411012800000
2014-09-19,250.02999900000003,1411099200000
2014-09-22,250.41000400000001,1411358400000
2014-09-23,252.13999900000002,1411444800000
2014-09-24,246.94999700000002,1411531200000
2014-09-25,246.600006,1411617600000
2014-09-26,245.25999500000003,1411704000000
2014-09-29,242.67999300000002,1411963200000
2014-09-30,240.24000499999997,1412049600000
2014-10-01,251.419998,1412136000000
2014-10-02,255.210007,1412222400000
2014-10-03,260.619995,1412308800000
2014-10-06,259.570007,1412568000000
2014-10-07,259.27999900000003,1412654400000
2014-10-08,257.01001,1412740800000
2014-10-09,236.91000400000001,1412827200000
2014-10-10,224.58999599999999,1412913600000
2014-10-13,227.059998,1413172800000
2014-10-14,229.69999700000002,1413259200000
2014-10-15,226.350006,1413345600000
2014-10-16,227.479996,1413432000000
2014-10-17,230.47000099999997,1413518400000
2014-10-20,235.33999599999999,1413777600000
2014-10-21,231.100006,1413864000000
2014-10-22,235.289993,1413950400000
2014-10-23,235.24000499999997,1414036800000
2014-10-24,221.669998,1414123200000
2014-10-27,242.770004,1414382400000
2014-10-28,238.100006,1414468800000
2014-10-29,238.66000400000001,1414555200000
2014-10-30,241.69999700000002,1414641600000
2014-10-31,242.58999599999999,1414728000000
2014-11-03,238.92999300000002,1414990800000
2014-11-04,230.97000099999997,1415077200000
2014-11-05,241.22000099999997,1415163600000
2014-11-06,240.19999700000002,1415250000000
2014-11-07,241.92999300000002,1415336400000
2014-11-10,251.080002,1415595600000
2014-11-11,249.100006,1415682000000
2014-11-12,251.69999700000002,1415768400000
2014-11-13,258.679993,1415854800000
2014-11-14,253.979996,1415941200000
2014-11-17,257.700012,1416200400000
2014-11-18,247.74000499999997,1416286800000
2014-11-19,248.710007,1416373200000
2014-11-20,242.77999900000003,1416459600000
2014-11-21,246.72000099999997,1416546000000
2014-11-24,248.08999599999999,1416805200000
2014-11-25,248.440002,1416891600000
2014-11-26,244.520004,1416978000000
2014-11-28,231.63999900000002,1417150800000
2014-12-01,231.42999300000002,1417410000000
2014-12-02,229.30000299999998,1417496400000
2014-12-03,228.27999900000003,1417582800000
2014-12-04,223.710007,1417669200000
2014-12-05,214.36000099999998,1417755600000
2014-12-08,216.88999900000002,1418014800000
2014-12-09,209.83999599999999,1418101200000
2014-12-10,208.880005,1418187600000
2014-12-11,207.0,1418274000000
2014-12-12,204.03999299999998,1418360400000
2014-12-15,197.809998,1418619600000
2014-12-16,205.820007,1418706000000
2014-12-17,218.25999500000003,1418792400000
2014-12-18,219.289993,1418878800000
2014-12-19,222.600006,1418965200000
2014-12-22,220.97000099999997,1419224400000
2014-12-23,222.25999500000003,1419310800000
2014-12-24,227.82000699999998,1419397200000
2014-12-26,225.710007,1419570000000
2014-12-29,222.229996,1419829200000
2014-12-30,222.41000400000001,1419915600000
2014-12-31,219.309998,1420002000000
2015-01-02,210.08999599999999,1420174800000
2015-01-05,211.27999900000003,1420434000000
2015-01-06,210.94999700000002,1420520400000
2015-01-07,210.61999500000002,1420606800000
2015-01-08,206.66000400000001,1420693200000
2015-01-09,202.21000700000002,1420779600000
2015-01-12,204.25,1421038800000
2015-01-13,192.690002,1421125200000
2015-01-14,191.869995,1421211600000
2015-01-15,193.070007,1421298000000
2015-01-16,191.929993,1421384400000
2015-01-20,196.570007,1421730000000
2015-01-21,201.619995,1421816400000
2015-01-22,201.28999299999998,1421902800000
2015-01-23,206.550003,1421989200000
2015-01-26,205.979996,1422248400000
2015-01-27,199.369995,1422334800000
2015-01-28,205.199997,1422421200000
2015-01-29,203.600006,1422507600000
2015-01-30,210.940002,1422594000000
2015-02-02,218.36000099999998,1422853200000
2015-02-03,218.55000299999998,1422939600000
2015-02-04,220.99000499999997,1423026000000
2015-02-05,217.36000099999998,1423112400000
2015-02-06,202.880005,1423198800000
2015-02-09,217.479996,1423458000000
2015-02-10,216.289993,1423544400000
2015-02-11,212.80000299999998,1423630800000
2015-02-12,202.880005,1423717200000
2015-02-13,203.770004,1423803600000
2015-02-17,204.350006,1424149200000
2015-02-18,204.46000700000002,1424235600000
2015-02-19,211.710007,1424322000000
2015-02-20,217.11000099999998,1424408400000
2015-02-23,207.33999599999999,1424667600000
2015-02-24,204.110001,1424754000000
2015-02-25,203.759995,1424840400000
2015-02-26,207.190002,1424926800000
2015-02-27,203.33999599999999,1425013200000
2015-03-02,197.330002,1425272400000
2015-03-03,199.559998,1425358800000
2015-03-04,202.440002,1425445200000
2015-03-05,200.630005,1425531600000
2015-03-06,193.880005,1425618000000
2015-03-09,190.880005,1425873600000
2015-03-10,190.320007,1425960000000
2015-03-11,193.740005,1426046400000
2015-03-12,191.070007,1426132800000
2015-03-13,188.679993,1426219200000
2015-03-16,195.699997,1426478400000
2015-03-17,194.729996,1426564800000
2015-03-18,200.71000700000002,1426651200000
2015-03-19,195.649994,1426737600000
2015-03-20,198.080002,1426824000000
2015-03-23,199.630005,1427083200000
2015-03-24,201.720001,1427169600000
2015-03-25,194.300003,1427256000000
2015-03-26,190.41000400000001,1427342400000
2015-03-27,185.0,1427428800000
2015-03-30,190.570007,1427688000000
2015-03-31,188.770004,1427774400000
2015-04-01,187.58999599999999,1427860800000
2015-04-02,191.0,1427947200000
2015-04-03,203.100006,1428033600000
2015-04-06,203.25,1428292800000
2015-04-07,207.669998,1428379200000
2015-04-08,210.08999599999999,1428465600000
2015-04-09,210.899994,1428552000000
2015-04-10,209.77999900000003,1428638400000
2015-04-13,207.46000700000002,1428897600000
2015-04-14,207.830002,1428984000000
2015-04-15,206.699997,1429070400000
2015-04-16,206.78999299999998,1429156800000
2015-04-17,205.270004,1429243200000
2015-04-20,209.41000400000001,1429502400000
2015-04-21,219.440002,1429588800000
2015-04-22,218.600006,1429675200000
2015-04-23,218.42999300000002,1429761600000
2015-04-24,231.55000299999998,1429848000000
2015-04-27,230.479996,1430107200000
2015-04-28,232.44999700000002,1430193600000
2015-04-29,226.05000299999998,1430280000000
2015-04-30,226.02999900000003,1430366400000
2015-05-01,230.50999500000003,1430452800000
2015-05-04,232.94999700000002,1430712000000
2015-05-05,230.42999300000002,1430798400000
2015-05-06,236.80000299999998,1430884800000
2015-05-07,236.61000099999998,1430971200000
2015-05-08,239.49000499999997,1431057600000
2015-05-11,244.74000499999997,1431316800000
2015-05-12,243.17999300000002,1431403200000
2015-05-13,244.100006,1431489600000
2015-05-14,248.83999599999999,1431576000000
2015-05-15,248.75,1431662400000
2015-05-18,247.13999900000002,1431921600000
2015-05-19,244.350006,1432008000000
2015-05-20,245.61999500000002,1432094400000
2015-05-21,247.729996,1432180800000
2015-05-22,247.460007,1432267200000
2015-05-26,247.42999300000002,1432612800000
2015-05-27,251.44999700000002,1432699200000
2015-05-28,250.80000299999998,1432785600000
2015-05-29,249.44999700000002,1432872000000
2015-06-01,248.350006,1433131200000
2015-06-02,248.99000499999997,1433217600000
2015-06-03,245.919998,1433304000000
2015-06-04,249.13999900000002,1433390400000
2015-06-05,256.290009,1433476800000
2015-06-08,256.0,1433736000000
2015-06-09,250.69999700000002,1433822400000
2015-06-10,251.41000400000001,1433908800000
2015-06-11,250.690002,1433995200000
2015-06-12,250.38000499999998,1434081600000
2015-06-15,253.11999500000002,1434340800000
2015-06-16,260.410004,1434427200000
2015-06-17,261.890015,1434513600000
2015-06-18,262.51001,1434600000000
2015-06-19,259.790009,1434686400000
2015-06-22,267.670013,1434945600000
2015-06-23,265.170013,1435032000000
2015-06-24,268.790009,1435118400000
2015-06-25,267.089996,1435204800000
2015-06-26,262.019989,1435291200000
2015-06-29,268.26001,1435550400000
2015-06-30,269.149994,1435636800000
2015-07-01,280.019989,1435723200000
2015-07-02,279.72000099999997,1435809600000
2015-07-06,267.880005,1436155200000
2015-07-07,254.960007,1436241600000
2015-07-08,257.920013,1436328000000
2015-07-09,259.149994,1436414400000
2015-07-10,262.160004,1436500800000
2015-07-13,265.649994,1436760000000
2015-07-14,263.140015,1436846400000
2015-07-15,266.679993,1436932800000
2015-07-16,274.660004,1437019200000
2015-07-17,282.26001,1437105600000
2015-07-20,266.769989,1437364800000
2015-07-21,267.869995,1437451200000
2015-07-22,267.200012,1437537600000
2015-07-23,265.410004,1437624000000
2015-07-24,253.00999500000003,1437710400000
2015-07-27,264.820007,1437969600000
2015-07-28,263.820007,1438056000000
2015-07-29,266.790009,1438142400000
2015-07-30,266.149994,1438228800000
2015-07-31,259.98999,1438315200000
2015-08-03,266.27999900000003,1438574400000
2015-08-04,270.130005,1438660800000
2015-08-05,246.13000499999998,1438747200000
2015-08-06,242.50999500000003,1438833600000
2015-08-07,241.13999900000002,1438920000000
2015-08-10,237.36999500000002,1439179200000
2015-08-11,238.169998,1439265600000
2015-08-12,242.50999500000003,1439352000000
2015-08-13,243.149994,1439438400000
2015-08-14,254.99000499999997,1439524800000
2015-08-17,260.72000099999997,1439784000000
2015-08-18,255.25,1439870400000
2015-08-19,242.17999300000002,1439956800000
2015-08-20,230.770004,1440043200000
2015-08-21,218.86999500000002,1440129600000
2015-08-24,220.02999900000003,1440388800000
2015-08-25,224.83999599999999,1440475200000
2015-08-26,242.99000499999997,1440561600000
2015-08-27,248.479996,1440648000000
2015-08-28,249.059998,1440734400000
2015-08-31,238.63000499999998,1440993600000
2015-09-01,247.690002,1441080000000
2015-09-02,245.57000699999998,1441166400000
2015-09-03,241.92999300000002,1441252800000
2015-09-04,248.169998,1441339200000
2015-09-08,248.91000400000001,1441684800000
2015-09-09,248.479996,1441771200000
2015-09-10,250.24000499999997,1441857600000
2015-09-11,253.190002,1441944000000
2015-09-14,253.57000699999998,1442203200000
2015-09-15,262.25,1442289600000
2015-09-16,262.070007,1442376000000
2015-09-17,260.619995,1442462400000
2015-09-18,264.200012,1442548800000
2015-09-21,260.940002,1442808000000
2015-09-22,261.059998,1442894400000
2015-09-23,263.119995,1442980800000
2015-09-24,256.910004,1443067200000
2015-09-25,248.42999300000002,1443153600000
2015-09-28,246.649994,1443412800000
2015-09-29,248.399994,1443499200000
2015-09-30,239.88000499999998,1443585600000
2015-10-01,247.57000699999998,1443672000000
2015-10-02,246.149994,1443758400000
2015-10-05,241.460007,1444017600000
2015-10-06,231.960007,1444104000000
2015-10-07,226.72000099999997,1444190400000
2015-10-08,220.690002,1444276800000
2015-10-09,215.580002,1444363200000
2015-10-12,219.25,1444622400000
2015-10-13,216.88000499999998,1444708800000
2015-10-14,221.309998,1444795200000
2015-10-15,227.00999500000003,1444881600000
2015-10-16,228.100006,1444968000000
2015-10-19,213.02999900000003,1445227200000
2015-10-20,210.08999599999999,1445313600000
2015-10-21,211.72000099999997,1445400000000
2015-10-22,209.08999599999999,1445486400000
2015-10-23,215.25999500000003,1445572800000
2015-10-26,210.350006,1445832000000
2015-10-27,212.960007,1445918400000
2015-10-28,211.63000499999998,1446004800000
2015-10-29,206.929993,1446091200000
2015-10-30,213.789993,1446177600000
2015-11-02,208.350006,1446440400000
2015-11-03,231.63000499999998,1446526800000
2015-11-04,231.770004,1446613200000
2015-11-05,232.36000099999998,1446699600000
2015-11-06,225.330002,1446786000000
2015-11-09,216.5,1447045200000
2015-11-10,219.080002,1447131600000
2015-11-11,212.940002,1447218000000
2015-11-12,207.190002,1447304400000
2015-11-13,214.309998,1447390800000
2015-11-16,214.0,1447650000000
2015-11-17,221.07000699999998,1447736400000
2015-11-18,221.80000299999998,1447822800000
2015-11-19,220.00999500000003,1447909200000
2015-11-20,217.75,1447995600000
2015-11-23,218.25,1448254800000
2015-11-24,229.63999900000002,1448341200000
2015-11-25,231.61000099999998,1448427600000
2015-11-27,230.25999500000003,1448600400000
2015-11-30,237.190002,1448859600000
2015-12-01,231.99000499999997,1448946000000
2015-12-02,232.710007,1449032400000
2015-12-03,230.38000499999998,1449118800000
2015-12-04,231.13000499999998,1449205200000
2015-12-07,226.72000099999997,1449464400000
2015-12-08,224.520004,1449550800000
2015-12-09,227.07000699999998,1449637200000
2015-12-10,217.020004,1449723600000
2015-12-11,218.580002,1449810000000
2015-12-14,221.08999599999999,1450069200000
2015-12-15,234.50999500000003,1450155600000
2015-12-16,233.38999900000002,1450242000000
2015-12-17,230.460007,1450328400000
2015-12-18,232.559998,1450414800000
2015-12-21,229.94999700000002,1450674000000
2015-12-22,229.69999700000002,1450760400000
2015-12-23,230.57000699999998,1450846800000
2015-12-24,228.94999700000002,1450933200000
2015-12-28,237.190002,1451278800000
2015-12-29,238.08999599999999,1451365200000
2015-12-30,240.00999500000003,1451451600000
2015-12-31,223.41000400000001,1451538000000
2016-01-04,223.42999300000002,1451883600000
2016-01-05,219.039993,1451970000000
2016-01-06,215.649994,1452056400000
2016-01-07,211.0,1452142800000
2016-01-08,207.850006,1452229200000
2016-01-11,209.97000099999997,1452488400000
2016-01-12,200.309998,1452574800000
2016-01-13,206.179993,1452661200000
2016-01-14,204.990005,1452747600000
2016-01-15,204.720001,1452834000000
2016-01-19,198.699997,1453179600000
2016-01-20,199.970001,1453266000000
2016-01-21,202.550003,1453352400000
2016-01-22,196.380005,1453438800000
2016-01-25,193.559998,1453698000000
2016-01-26,188.070007,1453784400000
2016-01-27,189.699997,1453870800000
2016-01-28,191.199997,1453957200000
2016-01-29,196.940002,1454043600000
2016-02-01,182.779999,1454302800000
2016-02-02,173.479996,1454389200000
2016-02-03,175.330002,1454475600000
2016-02-04,162.600006,1454562000000
2016-02-05,147.990005,1454648400000
2016-02-08,148.25,1454907600000
2016-02-09,143.669998,1454994000000
2016-02-10,150.470001,1455080400000
2016-02-11,151.03999299999998,1455166800000
2016-02-12,155.169998,1455253200000
2016-02-16,168.679993,1455598800000
2016-02-17,166.770004,1455685200000
2016-02-18,166.580002,1455771600000
2016-02-19,177.740005,1455858000000
2016-02-22,177.21000700000002,1456117200000
2016-02-23,179.0,1456203600000
2016-02-24,187.429993,1456290000000
2016-02-25,190.33999599999999,1456376400000
2016-02-26,191.929993,1456462800000
2016-02-29,186.350006,1456722000000
2016-03-01,188.33999599999999,1456808400000
2016-03-02,195.740005,1456894800000
2016-03-03,201.03999299999998,1456981200000
2016-03-04,205.28999299999998,1457067600000
2016-03-07,202.600006,1457326800000
2016-03-08,208.720001,1457413200000
2016-03-09,205.179993,1457499600000
2016-03-10,207.5,1457586000000
2016-03-11,215.149994,1457672400000
2016-03-14,218.33999599999999,1457928000000
2016-03-15,221.92999300000002,1458014400000
2016-03-16,226.38000499999998,1458100800000
2016-03-17,232.74000499999997,1458187200000
2016-03-18,238.32000699999998,1458273600000
2016-03-21,234.24000499999997,1458532800000
2016-03-22,222.580002,1458619200000
2016-03-23,227.75,1458705600000
2016-03-24,230.25999500000003,1458792000000
2016-03-25,230.13000499999998,1458878400000
2016-03-28,226.88999900000002,1459137600000
2016-03-29,229.770004,1459224000000
2016-03-30,237.58999599999999,1459310400000
2016-03-31,246.99000499999997,1459396800000
2016-04-01,249.919998,1459483200000
2016-04-04,255.47000099999997,1459742400000
2016-04-05,265.420013,1459828800000
2016-04-06,257.200012,1459915200000
2016-04-07,250.07000699999998,1460001600000
2016-04-08,249.919998,1460088000000
2016-04-11,247.82000699999998,1460347200000
2016-04-12,254.52999900000003,1460433600000
2016-04-13,251.86000099999998,1460520000000
2016-04-14,254.50999500000003,1460606400000
2016-04-15,253.88000499999998,1460692800000
2016-04-18,247.36999500000002,1460952000000
2016-04-19,249.97000099999997,1461038400000
2016-04-20,248.289993,1461124800000
2016-04-21,253.75,1461211200000
2016-04-22,251.82000699999998,1461297600000
2016-04-25,253.74000499999997,1461556800000
2016-04-26,251.47000099999997,1461643200000
2016-04-27,247.710007,1461729600000
2016-04-28,240.75999500000003,1461816000000
2016-04-29,241.80000299999998,1461902400000
2016-05-02,232.32000699999998,1462161600000
2016-05-03,222.559998,1462248000000
2016-05-04,211.52999900000003,1462334400000
2016-05-05,214.92999300000002,1462420800000
2016-05-06,208.919998,1462507200000
2016-05-09,208.690002,1462766400000
2016-05-10,208.96000700000002,1462852800000
2016-05-11,207.279999,1462939200000
2016-05-12,207.610001,1463025600000
2016-05-13,208.28999299999998,1463112000000
2016-05-16,204.66000400000001,1463371200000
2016-05-17,211.169998,1463457600000
2016-05-18,215.210007,1463544000000
2016-05-19,220.27999900000003,1463630400000
2016-05-20,216.22000099999997,1463716800000
2016-05-23,217.91000400000001,1463976000000
2016-05-24,219.580002,1464062400000
2016-05-25,225.11999500000002,1464148800000
2016-05-26,223.039993,1464235200000
2016-05-27,223.229996,1464321600000
2016-05-31,219.559998,1464667200000
2016-06-01,218.960007,1464753600000
2016-06-02,218.99000499999997,1464840000000
2016-06-03,220.67999300000002,1464926400000
2016-06-06,232.33999599999999,1465185600000
2016-06-07,235.520004,1465272000000
2016-06-08,229.36000099999998,1465358400000
2016-06-09,218.789993,1465444800000
2016-06-10,217.86999500000002,1465531200000
2016-06-13,214.960007,1465790400000
2016-06-14,217.69999700000002,1465876800000
2016-06-15,217.92999300000002,1465963200000
2016-06-16,215.47000099999997,1466049600000
2016-06-17,219.69999700000002,1466136000000
2016-06-20,219.61000099999998,1466395200000
2016-06-21,196.66000400000001,1466481600000
2016-06-22,196.399994,1466568000000
2016-06-23,193.149994,1466654400000
2016-06-24,198.550003,1466740800000
2016-06-27,201.78999299999998,1467000000000
2016-06-28,210.190002,1467086400000
2016-06-29,212.27999900000003,1467172800000
2016-06-30,216.5,1467259200000
2016-07-01,213.979996,1467345600000
2016-07-05,214.440002,1467691200000
2016-07-06,215.940002,1467777600000
2016-07-07,216.77999900000003,1467864000000
2016-07-08,224.77999900000003,1467950400000
2016-07-11,224.649994,1468209600000
2016-07-12,222.52999900000003,1468296000000
2016-07-13,221.52999900000003,1468382400000
2016-07-14,220.399994,1468468800000
2016-07-15,226.25,1468555200000
2016-07-18,225.25999500000003,1468814400000
2016-07-19,228.36000099999998,1468900800000
2016-07-20,220.5,1468987200000
2016-07-21,222.270004,1469073600000
2016-07-22,230.00999500000003,1469160000000
2016-07-25,229.50999500000003,1469419200000
2016-07-26,228.49000499999997,1469505600000
2016-07-27,230.61000099999998,1469592000000
2016-07-28,234.789993,1469678400000
2016-07-29,230.00999500000003,1469764800000
2016-08-01,227.19999700000002,1470024000000
2016-08-02,225.789993,1470110400000
2016-08-03,230.61000099999998,1470196800000
2016-08-04,230.02999900000003,1470283200000
2016-08-05,226.16000400000001,1470369600000
2016-08-08,229.080002,1470628800000
2016-08-09,225.649994,1470715200000
2016-08-10,224.91000400000001,1470801600000
2016-08-11,225.61000099999998,1470888000000
2016-08-12,225.58999599999999,1470974400000
2016-08-15,223.61000099999998,1471233600000
2016-08-16,223.24000499999997,1471320000000
2016-08-17,223.50999500000003,1471406400000
2016-08-18,225.0,1471492800000
2016-08-19,222.92999300000002,1471579200000
2016-08-22,224.83999599999999,1471838400000
2016-08-23,222.61999500000002,1471924800000
2016-08-24,220.960007,1472011200000
2016-08-25,219.99000499999997,1472097600000
2016-08-26,215.19999700000002,1472184000000
2016-08-29,211.33999599999999,1472443200000
2016-08-30,212.00999500000003,1472529600000
2016-08-31,200.770004,1472616000000
2016-09-01,197.779999,1472702400000
2016-09-02,202.830002,1472788800000
2016-09-06,201.71000700000002,1473134400000
2016-09-07,197.360001,1473220800000
2016-09-08,194.470001,1473307200000
2016-09-09,198.300003,1473393600000
2016-09-12,196.050003,1473652800000
2016-09-13,196.41000400000001,1473739200000
2016-09-14,200.419998,1473825600000
2016-09-15,205.399994,1473912000000
2016-09-16,206.33999599999999,1473998400000
2016-09-19,204.639999,1474257600000
2016-09-20,205.220001,1474344000000
2016-09-21,206.429993,1474430400000
2016-09-22,207.449997,1474516800000
2016-09-23,208.990005,1474603200000
2016-09-26,205.809998,1474862400000
2016-09-27,206.270004,1474948800000
2016-09-28,200.699997,1475035200000
2016-09-29,204.029999,1475121600000
2016-09-30,213.69999700000002,1475208000000
2016-10-03,211.41000400000001,1475467200000
2016-10-04,208.46000700000002,1475553600000
2016-10-05,201.0,1475640000000
2016-10-06,196.610001,1475726400000
2016-10-07,200.949997,1475812800000
2016-10-10,200.100006,1476072000000
2016-10-11,201.509995,1476158400000
2016-10-12,200.240005,1476244800000
2016-10-13,196.509995,1476331200000
2016-10-14,193.96000700000002,1476417600000
2016-10-17,199.100006,1476676800000
2016-10-18,203.559998,1476763200000
2016-10-19,199.100006,1476849600000
2016-10-20,200.08999599999999,1476936000000
2016-10-21,202.759995,1477022400000
2016-10-24,202.33999599999999,1477281600000
2016-10-25,202.240005,1477368000000
2016-10-26,204.009995,1477454400000
2016-10-27,199.970001,1477540800000
2016-10-28,197.729996,1477627200000
2016-10-31,190.78999299999998,1477886400000
2016-11-01,188.020004,1477972800000
2016-11-02,187.419998,1478059200000
2016-11-03,190.559998,1478145600000
2016-11-04,193.21000700000002,1478232000000
2016-11-07,194.940002,1478494800000
2016-11-08,190.059998,1478581200000
2016-11-09,185.350006,1478667600000
2016-11-10,188.559998,1478754000000
2016-11-11,181.449997,1478840400000
2016-11-14,183.770004,1479099600000
2016-11-15,183.929993,1479186000000
2016-11-16,188.66000400000001,1479272400000
2016-11-17,185.020004,1479358800000
2016-11-18,184.520004,1479445200000
2016-11-21,191.169998,1479704400000
2016-11-22,193.139999,1479790800000
2016-11-23,196.649994,1479877200000
2016-11-25,196.119995,1480050000000
2016-11-28,189.570007,1480309200000
2016-11-29,189.399994,1480395600000
2016-11-30,181.880005,1480482000000
2016-12-01,181.470001,1480568400000
2016-12-02,186.800003,1480654800000
2016-12-05,185.850006,1480914000000
2016-12-06,193.149994,1481000400000
2016-12-07,192.28999299999998,1481086800000
2016-12-08,192.179993,1481173200000
2016-12-09,192.429993,1481259600000
2016-12-12,198.149994,1481518800000
2016-12-13,198.690002,1481605200000
2016-12-14,197.580002,1481691600000
2016-12-15,202.490005,1481778000000
2016-12-16,202.729996,1481864400000
2016-12-19,208.78999299999998,1482123600000
2016-12-20,207.699997,1482210000000
2016-12-21,208.449997,1482296400000
2016-12-22,213.33999599999999,1482382800000
2016-12-23,219.52999900000003,1482469200000
2016-12-27,219.74000499999997,1482814800000
2016-12-28,214.67999300000002,1482901200000
2016-12-29,213.690002,1482987600000
2016-12-30,216.99000499999997,1483074000000
2017-01-03,226.99000499999997,1483419600000
2017-01-04,226.75,1483506000000
2017-01-05,229.00999500000003,1483592400000
2017-01-06,231.27999900000003,1483678800000
2017-01-09,229.86999500000002,1483938000000
2017-01-10,229.729996,1484024400000
2017-01-11,229.58999599999999,1484110800000
2017-01-12,237.75,1484197200000
2017-01-13,235.580002,1484283600000
2017-01-17,238.36000099999998,1484629200000
2017-01-18,243.75999500000003,1484715600000
2017-01-19,244.729996,1484802000000
2017-01-20,248.919998,1484888400000
2017-01-23,254.61000099999998,1485147600000
2017-01-24,254.47000099999997,1485234000000
2017-01-25,252.50999500000003,1485320400000
2017-01-26,252.94999700000002,1485406800000
2017-01-27,250.63000499999998,1485493200000
2017-01-30,251.92999300000002,1485752400000
2017-01-31,249.24000499999997,1485838800000
2017-02-01,251.55000299999998,1485925200000
2017-02-02,251.330002,1486011600000
2017-02-03,257.769989,1486098000000
2017-02-06,257.480011,1486357200000
2017-02-07,262.079987,1486443600000
2017-02-08,269.200012,1486530000000
2017-02-09,269.230011,1486616400000
2017-02-10,280.600006,1486702800000
2017-02-13,280.980011,1486962000000
2017-02-14,279.76001,1487048400000
2017-02-15,268.950012,1487134800000
2017-02-16,272.230011,1487221200000
2017-02-17,277.390015,1487307600000
2017-02-21,273.51001,1487653200000
2017-02-22,255.99000499999997,1487739600000
2017-02-23,257.0,1487826000000
2017-02-24,246.229996,1487912400000
2017-02-27,249.99000499999997,1488171600000
2017-02-28,250.020004,1488258000000
2017-03-01,250.479996,1488344400000
2017-03-02,251.57000699999998,1488430800000
2017-03-03,251.210007,1488517200000
2017-03-06,248.58999599999999,1488776400000
2017-03-07,246.86999500000002,1488862800000
2017-03-08,244.899994,1488949200000
2017-03-09,243.690002,1489035600000
2017-03-10,246.169998,1489122000000
2017-03-13,258.0,1489377600000
2017-03-14,255.729996,1489464000000
2017-03-15,262.049988,1489550400000
2017-03-16,261.5,1489636800000
2017-03-17,261.920013,1489723200000
2017-03-20,250.67999300000002,1489982400000
2017-03-21,255.00999500000003,1490068800000
2017-03-22,254.77999900000003,1490155200000
2017-03-23,263.160004,1490241600000
2017-03-24,270.22000099999997,1490328000000
2017-03-27,277.450012,1490587200000
2017-03-28,277.380005,1490673600000
2017-03-29,277.920013,1490760000000
2017-03-30,278.299988,1490846400000
2017-03-31,298.519989,1490932800000
2017-04-03,303.700012,1491192000000
2017-04-04,295.0,1491278400000
2017-04-05,298.700012,1491364800000
2017-04-06,302.540009,1491451200000
2017-04-07,312.390015,1491537600000
2017-04-10,308.709991,1491796800000
2017-04-11,296.839996,1491883200000
2017-04-12,304.0,1491969600000
2017-04-13,301.440002,1492056000000
2017-04-14,300.25,1492142400000
2017-04-17,305.519989,1492401600000
2017-04-18,302.51001,1492488000000
2017-04-19,305.600006,1492574400000
2017-04-20,308.02999900000003,1492660800000
2017-04-21,313.790009,1492747200000
2017-04-24,310.170013,1493006400000
2017-04-25,308.630005,1493092800000
2017-04-26,314.070007,1493179200000
2017-04-27,322.829987,1493265600000
2017-04-28,318.890015,1493352000000
2017-05-01,311.019989,1493611200000
2017-05-02,295.459991,1493697600000
2017-05-03,308.350006,1493784000000
2017-05-04,307.190002,1493870400000
2017-05-05,321.26001,1493956800000
2017-05-08,325.22000099999997,1494216000000
2017-05-09,323.100006,1494302400000
2017-05-10,324.809998,1494388800000
2017-05-11,315.880005,1494475200000
2017-05-12,317.01001,1494561600000
2017-05-15,306.109985,1494820800000
2017-05-16,313.059998,1494907200000
2017-05-17,310.829987,1494993600000
2017-05-18,310.350006,1495080000000
2017-05-19,303.859985,1495166400000
2017-05-22,310.22000099999997,1495425600000
2017-05-23,316.829987,1495512000000
2017-05-24,325.140015,1495598400000
2017-05-25,352.850006,1495684800000
2017-05-26,335.100006,1495771200000
2017-05-30,341.01001,1496116800000
2017-05-31,340.369995,1496203200000
2017-06-01,339.850006,1496289600000
2017-06-02,347.320007,1496376000000
2017-06-05,352.850006,1496635200000
2017-06-06,359.649994,1496721600000
2017-06-07,370.0,1496808000000
2017-06-08,357.320007,1496894400000
2017-06-09,359.01001,1496980800000
2017-06-12,375.950012,1497240000000
2017-06-13,380.660004,1497326400000
2017-06-14,375.339996,1497412800000
2017-06-15,371.399994,1497499200000
2017-06-16,369.799988,1497585600000
2017-06-19,372.23999,1497844800000
2017-06-20,376.399994,1497931200000
2017-06-21,382.609985,1498017600000
2017-06-22,383.450012,1498104000000
2017-06-23,377.48999,1498190400000
2017-06-26,362.369995,1498449600000
2017-06-27,371.23999,1498536000000
2017-06-28,360.75,1498622400000
2017-06-29,361.609985,1498708800000
2017-06-30,352.619995,1498795200000
2017-07-03,327.089996,1499054400000
2017-07-05,308.829987,1499227200000
2017-07-06,313.22000099999997,1499313600000
2017-07-07,316.049988,1499400000000
2017-07-10,327.22000099999997,1499659200000
2017-07-11,329.519989,1499745600000
2017-07-12,323.410004,1499832000000
2017-07-13,327.77999900000003,1499918400000
2017-07-14,319.570007,1500004800000
2017-07-17,328.23999,1500264000000
2017-07-18,325.26001,1500350400000
2017-07-19,329.920013,1500436800000
2017-07-20,328.399994,1500523200000
2017-07-21,342.519989,1500609600000
2017-07-24,339.600006,1500868800000
2017-07-25,343.850006,1500955200000
2017-07-26,334.459991,1501041600000
2017-07-27,335.070007,1501128000000
2017-07-28,323.47000099999997,1501214400000
2017-07-31,319.570007,1501473600000
2017-08-01,325.890015,1501560000000
2017-08-02,347.089996,1501646400000
2017-08-03,356.910004,1501732800000
2017-08-04,355.170013,1501819200000
2017-08-07,365.22000099999997,1502078400000
2017-08-08,363.52999900000003,1502164800000
2017-08-09,355.399994,1502251200000
2017-08-10,357.869995,1502337600000
2017-08-11,363.799988,1502424000000
2017-08-14,362.329987,1502683200000
2017-08-15,362.910004,1502769600000
2017-08-16,351.920013,1502856000000
2017-08-17,347.459991,1502942400000
2017-08-18,337.859985,1503028800000
2017-08-21,341.350006,1503288000000
2017-08-22,352.769989,1503374400000
2017-08-23,352.929993,1503460800000
2017-08-24,348.049988,1503547200000
2017-08-25,345.660004,1503633600000
2017-08-28,347.359985,1503892800000
2017-08-29,353.179993,1503979200000
2017-08-30,355.899994,1504065600000
2017-08-31,355.399994,1504152000000
2017-09-01,349.589996,1504238400000
2017-09-05,344.52999900000003,1504584000000
2017-09-06,350.609985,1504670400000
2017-09-07,343.399994,1504756800000
2017-09-08,363.690002,1504843200000
2017-09-11,362.75,1505102400000
2017-09-12,366.230011,1505188800000
2017-09-13,377.640015,1505275200000
2017-09-14,379.809998,1505361600000
2017-09-15,385.0,1505448000000
2017-09-18,375.100006,1505707200000
2017-09-19,373.910004,1505793600000
2017-09-20,366.480011,1505880000000
2017-09-21,351.089996,1505966400000
2017-09-22,344.98999,1506052800000
2017-09-25,345.25,1506312000000
2017-09-26,340.97000099999997,1506398400000
2017-09-27,339.600006,1506484800000
2017-09-28,341.100006,1506571200000
2017-09-29,341.52999900000003,1506657600000
2017-10-02,348.140015,1506916800000
2017-10-03,355.01001,1507003200000
2017-10-04,355.329987,1507089600000
2017-10-05,356.880005,1507176000000
2017-10-06,342.940002,1507262400000
2017-10-09,355.589996,1507521600000
2017-10-10,354.600006,1507608000000
2017-10-11,355.679993,1507694400000
2017-10-12,355.570007,1507780800000
2017-10-13,350.600006,1507867200000
2017-10-16,355.75,1508126400000
2017-10-17,359.649994,1508212800000
2017-10-18,351.809998,1508299200000
2017-10-19,345.100006,1508385600000
2017-10-20,337.019989,1508472000000
2017-10-23,337.339996,1508731200000
2017-10-24,325.839996,1508817600000
2017-10-25,326.170013,1508904000000
2017-10-26,320.869995,1508990400000
2017-10-27,320.079987,1509076800000
2017-10-30,331.52999900000003,1509336000000
2017-10-31,321.079987,1509422400000
2017-11-01,299.26001,1509508800000
2017-11-02,306.089996,1509595200000
2017-11-03,302.77999900000003,1509681600000
2017-11-06,306.049988,1509944400000
2017-11-07,304.390015,1510030800000
2017-11-08,302.98999,1510117200000
2017-11-09,302.98999,1510203600000
2017-11-13,315.399994,1510549200000
2017-11-14,308.700012,1510635600000
2017-11-15,311.299988,1510722000000
2017-11-16,312.5,1510808400000
2017-11-17,315.049988,1510894800000
2017-11-20,308.73999,1511154000000
2017-11-21,317.809998,1511240400000
2017-11-22,312.600006,1511326800000
2017-11-24,315.549988,1511499600000
2017-11-27,316.809998,1511758800000
2017-11-28,317.549988,1511845200000
2017-11-29,307.540009,1511931600000
2017-11-30,308.850006,1512018000000
2017-12-01,306.52999900000003,1512104400000
2017-12-04,305.200012,1512363600000
2017-12-05,303.700012,1512450000000
2017-12-06,313.26001,1512536400000
2017-12-07,311.23999,1512622800000
2017-12-08,315.130005,1512709200000
2017-12-11,328.910004,1512968400000
2017-12-12,341.02999900000003,1513054800000
2017-12-13,339.02999900000003,1513141200000
2017-12-14,337.890015,1513227600000
2017-12-15,343.450012,1513314000000
2017-12-18,338.869995,1513573200000
2017-12-19,331.100006,1513659600000
2017-12-20,328.980011,1513746000000
2017-12-21,331.660004,1513832400000
2017-12-22,325.200012,1513918800000
2017-12-26,317.290009,1514264400000
2017-12-27,311.640015,1514350800000
2017-12-28,315.359985,1514437200000
2017-12-29,311.350006,1514523600000
2018-01-02,320.52999900000003,1514869200000
2018-01-03,317.25,1514955600000
2018-01-04,314.619995,1515042000000
2018-01-05,316.579987,1515128400000
2018-01-08,336.410004,1515387600000
2018-01-09,333.690002,1515474000000
2018-01-10,334.799988,1515560400000
2018-01-11,337.950012,1515646800000
2018-01-12,336.22000099999997,1515733200000
2018-01-16,340.059998,1516078800000
2018-01-17,347.160004,1516165200000
2018-01-18,344.570007,1516251600000
2018-01-19,350.019989,1516338000000
2018-01-22,351.559998,1516597200000
2018-01-23,352.790009,1516683600000
2018-01-24,345.890015,1516770000000
2018-01-25,337.640015,1516856400000
2018-01-26,342.850006,1516942800000
2018-01-29,349.52999900000003,1517202000000
2018-01-30,345.820007,1517288400000
2018-01-31,354.309998,1517374800000
2018-02-01,349.25,1517461200000
2018-02-02,343.75,1517547600000
2018-02-05,333.130005,1517806800000
2018-02-06,333.97000099999997,1517893200000
2018-02-07,345.0,1517979600000
2018-02-08,315.230011,1518066000000
2018-02-09,310.420013,1518152400000
2018-02-12,315.730011,1518411600000
2018-02-13,323.660004,1518498000000
2018-02-14,322.309998,1518584400000
2018-02-15,334.070007,1518670800000
2018-02-16,335.48999,1518757200000
2018-02-20,334.769989,1519102800000
2018-02-21,333.299988,1519189200000
2018-02-22,346.170013,1519275600000
2018-02-23,352.049988,1519362000000
2018-02-26,357.420013,1519621200000
2018-02-27,350.98999,1519707600000
2018-02-28,343.059998,1519794000000
2018-03-01,330.929993,1519880400000
2018-03-02,335.119995,1519966800000
2018-03-05,333.350006,1520226000000
2018-03-06,328.200012,1520312400000
2018-03-07,332.299988,1520398800000
2018-03-08,329.100006,1520485200000
2018-03-09,327.170013,1520571600000
2018-03-12,345.51001,1520827200000
2018-03-13,341.839996,1520913600000
2018-03-14,326.630005,1521000000000
2018-03-15,325.600006,1521086400000
2018-03-16,321.350006,1521172800000
2018-03-19,313.559998,1521432000000
2018-03-20,310.549988,1521518400000
2018-03-21,316.52999900000003,1521604800000
2018-03-22,309.100006,1521691200000
2018-03-23,301.540009,1521777600000
2018-03-26,304.179993,1522036800000
2018-03-27,279.179993,1522123200000
2018-03-28,257.77999900000003,1522209600000
2018-03-29,266.130005,1522296000000
2018-03-30,252.479996,1522382400000
2018-04-02,267.52999900000003,1522641600000
2018-04-03,286.940002,1522728000000
2018-04-04,305.72000099999997,1522814400000
2018-04-05,299.299988,1522900800000
2018-04-06,289.660004,1522987200000
2018-04-09,304.700012,1523246400000
2018-04-10,300.929993,1523332800000
2018-04-11,294.079987,1523419200000
2018-04-12,300.339996,1523505600000
2018-04-13,291.209991,1523592000000
2018-04-16,287.690002,1523851200000
2018-04-17,293.350006,1523937600000
2018-04-18,300.079987,1524024000000
2018-04-19,290.23999,1524110400000
2018-04-20,283.369995,1524196800000
2018-04-23,283.459991,1524456000000
2018-04-24,280.690002,1524542400000
2018-04-25,285.480011,1524628800000
2018-04-26,294.079987,1524715200000
2018-04-27,293.899994,1524801600000
2018-04-30,299.920013,1525060800000
2018-05-01,301.149994,1525147200000
2018-05-02,284.450012,1525233600000
2018-05-03,294.089996,1525320000000
2018-05-04,302.769989,1525406400000
2018-05-07,301.97000099999997,1525665600000
2018-05-08,306.850006,1525752000000
2018-05-09,305.019989,1525838400000
2018-05-10,301.059998,1525924800000
2018-05-11,291.97000099999997,1526011200000
2018-05-14,284.179993,1526270400000
2018-05-15,286.480011,1526356800000
2018-05-16,284.540009,1526443200000
2018-05-17,276.820007,1526529600000
2018-05-18,284.48999,1526616000000
2018-05-21,275.01001,1526875200000
2018-05-22,279.070007,1526961600000
2018-05-23,277.850006,1527048000000
2018-05-24,278.850006,1527134400000
2018-05-25,283.76001,1527220800000
2018-05-29,291.72000099999997,1527566400000
2018-05-30,284.730011,1527652800000
2018-05-31,291.820007,1527739200000
2018-06-01,296.73999,1527825600000
2018-06-04,291.130005,1528084800000
2018-06-05,319.5,1528171200000
2018-06-06,316.089996,1528257600000
2018-06-07,317.660004,1528344000000
2018-06-08,332.100006,1528430400000
2018-06-11,342.769989,1528689600000
2018-06-12,344.77999900000003,1528776000000
2018-06-13,357.72000099999997,1528862400000
2018-06-14,358.170013,1528948800000
2018-06-15,370.829987,1529035200000
2018-06-18,352.549988,1529294400000
2018-06-19,362.22000099999997,1529380800000
2018-06-20,347.51001,1529467200000
2018-06-21,333.630005,1529553600000
2018-06-22,333.01001,1529640000000
2018-06-25,342.0,1529899200000
2018-06-26,344.5,1529985600000
2018-06-27,349.929993,1530072000000
2018-06-28,342.950012,1530158400000
2018-06-29,335.070007,1530244800000
2018-07-02,310.859985,1530504000000
2018-07-03,309.160004,1530590400000
2018-07-05,308.899994,1530763200000
2018-07-06,318.51001,1530849600000
2018-07-09,322.47000099999997,1531108800000
2018-07-10,318.959991,1531195200000
2018-07-11,316.709991,1531281600000
2018-07-12,318.869995,1531368000000
2018-07-13,310.100006,1531454400000
2018-07-16,322.690002,1531713600000
2018-07-17,323.850006,1531800000000
2018-07-18,323.850006,1531886400000
