,Unnamed: 0,Date,Price,12-Day,12-Day-Vol-Mean,12-Day-Vol-No-Mean,12-Day,90%-Spot-Vol-Mean-B-S-Call,90%-Spot-Vol-Mean-B-S-Put,90%-Spot-Vol-No-Mean-B-S-Call,90%-Spot-Vol-No-Mean-B-S-Put,95%-Spot-Vol-Mean-B-S-Call,95%-Spot-Vol-Mean-B-S-Put,95%-Spot-Vol-No-Mean-B-S-Call,95%-Spot-Vol-No-Mean-B-S-Put,100%-Spot-Vol-Mean-B-S-Call,100%-Spot-Vol-Mean-B-S-Put,100%-Spot-Vol-No-Mean-B-S-Call,100%-Spot-Vol-No-Mean-B-S-Put,105%-Spot-Vol-Mean-B-S-Call,105%-Spot-Vol-Mean-B-S-Put,105%-Spot-Vol-No-Mean-B-S-Call,105%-Spot-Vol-No-Mean-B-S-Put,110%-Spot-Vol-Mean-B-S-Call,110%-Spot-Vol-Mean-B-S-Put,110%-Spot-Vol-No-Mean-B-S-Call,110%-Spot-Vol-No-Mean-B-S-Put
0,0,1/1/18,13412.44,1.4986126086956522,,,,,,,,,,,,,,,,,,,,,,,
1,1,1/2/18,14740.7563,1.4980691304347826,,,,,,,,,,,,,,,,,,,,,,,
2,2,1/3/18,15134.6513,1.4903582608695651,,,,,,,,,,,,,,,,,,,,,,,
3,3,1/4/18,15155.2263,1.488251304347826,,,,,,,,,,,,,,,,,,,,,,,
4,4,1/5/18,16937.1738,1.4877,,,,,,,,,,,,,,,,,,,,,,,
5,5,1/6/18,17135.8363,1.4868917391304348,,,,,,,,,,,,,,,,,,,,,,,
6,6,1/7/18,16178.495,1.4838082608695653,,,,,,,,,,,,,,,,,,,,,,,
7,7,1/8/18,14970.3575,1.4840586956521735,,,,,,,,,,,,,,,,,,,,,,,
8,8,1/9/18,14439.4738,1.4850473913043478,,,,,,,,,,,,,,,,,,,,,,,
9,9,1/10/18,14890.7225,1.4861708695652174,,,,,,,,,,,,,,,,,,,,,,,
10,10,1/11/18,13287.26,1.485564347826087,,,,,,,,,,,,,,,,,,,,,,,
11,11,1/12/18,13812.715,1.4856404347826089,,,,,,,,,,,,,,,,,,,,,,,
12,12,1/13/18,14188.785,1.4853747826086956,1.2632749611258558,0.0,,,,,,,,,,,,,,,,,,,,,
13,13,1/14/18,13619.0288,1.4861669565217392,1.27029228333642,0.0,,,,,,,,,,,,,,,,,,,,,
14,14,1/15/18,13585.9013,1.4866817391304348,1.1682914073667674,0.2360821121325994,,,,,,,,,,,,,,,,,,,,,
15,15,1/16/18,11348.02,1.4863556521739132,1.1520083264470202,0.2364985658427053,10213.218,11348.019817434119,6.528663865807201e-07,11348.019816781254,6.4281405394106584e-108,11348.01980731964,7.172067122375172e-07,11348.019806602435,2.8130118665789903e-107,11348.019797207593,7.83977879420275e-07,11348.019796423616,1.136646694353677e-106,11348.01978709793,8.531331394627597e-07,11348.019786244797,4.274752568143867e-106,11348.019776990604,9.246285025161285e-07,11348.019776065978,1.5066091976294196e-105
16,16,1/17/18,11141.2488,1.486438695652174,1.4841897312040515,1.0634353512574335,10027.12392,11141.248644909192,2.4610363050649775e-05,11141.24862041297,1.1413981272668331e-07,11141.2486367268,2.6411368299123023e-05,11141.248610442135,1.2670498864524882e-07,11141.248628571397,2.823936467069123e-05,11141.24860047191,1.3987622230584775e-07,11141.24862044187,3.009323399470194e-05,11141.248590502282,1.5364782807250537e-07,11141.248612337191,3.1971953458255514e-05,11141.24858053325,1.6801434029326274e-07
17,17,1/18/18,11250.6475,1.48595,1.2451097634310542,1.0686979434879942,10125.58275,11250.647320082062,2.6150673362997987e-06,11250.647317597863,1.3086769727640026e-07,11250.64731017443,2.8481588337363937e-06,11250.647307471443,1.451702750724219e-07,11250.647300273626,3.088074480852747e-06,11250.647297345702,1.6015238126306818e-07,11250.647290379455,3.3346277017423768e-06,11250.647287220634,1.7580717955310494e-07,11250.647280491748,3.5876449218109053e-06,11250.647277096232,1.9212811250518884e-07
18,18,1/19/18,11514.925,1.489608260869565,1.2428061156575927,1.070179177994333,10363.432499999999,11514.924823625837,2.422682083409089e-06,11514.924821330313,1.2715726240219594e-07,11514.924813909418,2.6394199996817886e-06,11514.924811411045,1.4104931527233318e-07,11514.924804199407,2.8625680720419135e-06,11514.92480149244,1.5560095445569865e-07,11514.924794495633,3.091952941940557e-06,11514.924791574487,1.7080553053500908e-07,11514.924784797937,3.3274132712925636e-06,11514.92478165718,1.8665666601971361e-07
19,19,1/20/18,12759.6413,1.4892978260869565,1.2738023573612127,1.0785042878940887,11483.677169999999,12759.64110512565,3.989131975329326e-06,12759.641101306284,1.6976850248831008e-07,12759.64109442386,4.335313197876772e-06,12759.641090276655,1.8811067014576156e-07,12759.64108373147,4.690896877392777e-06,12759.641079247878,2.0730359632877465e-07,12759.64107304821,5.0556068586500525e-06,12759.64106821994,2.2733782744987135e-07,12759.641062373817,5.429186894736899e-06,12759.641057192835,2.4820432333076867e-07
20,20,1/21/18,11522.8588,1.4905326086956523,1.421767074831669,1.229944053966511,10370.57292,11522.858638202479,1.5148867028703134e-05,11522.858625058125,2.00451365045678e-06,11522.858629532342,1.6309085379519334e-05,11522.858615409514,2.1862573589547546e-06,11522.858620883113,1.749021318938308e-05,11522.858605766474,2.3735739171062914e-06,11522.858612253993,1.869144884058754e-05,11522.858596128865,2.566318436496002e-06,11522.858603644247,1.991205646926475e-05,11522.858586496546,2.7643558912101e-06
21,21,1/22/18,10772.15,1.4917826086956525,1.5009668862273289,1.3629663565677437,9694.935,10772.149861450527,2.4406184541286474e-05,10772.149845382386,8.338043106484596e-06,10772.14985416641,2.6175157916032728e-05,10772.149836998373,9.007121532738006e-06,10772.149846907709,2.796954900699304e-05,10772.149828628604,9.690445883450323e-06,10772.149839673357,2.9788289001804462e-05,10772.149820272583,1.0387516345128623e-05,10772.149832462377,3.1630400938753776e-05,10772.149811929847,1.1097872350612329e-05
22,22,1/23/18,10839.8263,1.4939339130434783,1.4909664794633353,1.4171359447950511,9755.84367,10839.826162463416,2.2263783799446364e-05,10839.826153184835,1.2985202554912986e-05,10839.826155210989,2.3889152597813123e-05,10839.826145306064,1.3984229476484864e-05,10839.82614798267,2.5538634231018966e-05,10839.82613744561,1.5001573482326146e-05,10839.826140777464,2.72112264953292e-05,10839.826129602776,1.603653824574188e-05,10839.826133594453,2.8906012807532254e-05,10839.826121776923,1.7088484321748735e-05
23,23,1/24/18,11399.52,1.4935060869565218,1.4031504627617235,1.417595074511066,10259.568000000001,11399.519843337352,1.2253684506791512e-05,11399.519844886969,1.3803302140349662e-05,11399.51983490586,1.3206433237766119e-05,11399.519836564186,1.4864761379779697e-05,11399.51982649253,1.4177344781433265e-05,11399.519828260833,1.59456471531273e-05,11399.519818096687,1.5165741876236951e-05,11399.519819976165,1.704522029050899e-05,11399.519809717704,1.617100205774571e-05,11399.519811709504,1.8162802030110528e-05
24,24,1/25/18,11137.2375,1.4927943478260868,1.4197415789041683,1.446954266216976,10023.51375,11137.237347436792,1.3882200205961713e-05,11137.237350681717,1.712712312168004e-05,11137.237339255393,1.4947767466815889e-05,11137.237342723363,1.8415737426985363e-05,11137.23733109336,1.603270170028279e-05,11137.237334786685,1.9726026749067216e-05,11137.237322949954,1.713626351374446e-05,11137.237326870825,2.1057134015337912e-05,11137.237314824499,1.8257774041343043e-05,11137.237318974998,2.2408273553993567e-05
25,25,1/26/18,11090.0638,1.4929186956521738,1.3962470560408196,1.453153542768973,9981.057420000001,11090.063645859658,1.1352927908074022e-05,11090.06365232197,1.7815240125676048e-05,11090.063637552885,1.2240225585736248e-05,11090.063644462412,1.914975354882939e-05,11090.063629263346,1.3144758197441047e-05,11090.063636624911,2.0506322335989463e-05,11090.063620990406,1.4065889241335538e-05,11090.063628808588,2.188406782685192e-05,11090.06361273348,1.5003033469755693e-05,11090.063621012632,2.328218483589159e-05
26,26,1/27/18,11407.1538,1.4927739130434785,1.3927806487495114,1.4340565885642067,10266.43842,11407.153640840472,1.1361573911693754e-05,11407.153645396078,1.5917178412452662e-05,11407.153632257427,1.2251922453511944e-05,11407.153637131521,1.7126017125835918e-05,11407.153623691842,1.3159731493104484e-05,11407.15362888806,1.8355950927184804e-05,11407.153615143076,1.40843594345599e-05,11407.153620664874,1.960615909287913e-05,11407.153606610536,1.502521621817284e-05,11407.153612461208,2.0875888719171818e-05
27,27,1/28/18,11694.4675,1.492786956521739,1.4135808849303486,1.44315363156585,10525.020750000001,11694.46733908108,1.3869761961099717e-05,11694.46734269434,1.748302138476708e-05,11694.467330440175,1.4939339043244679e-05,11694.467334302852,1.8802016454925395e-05,11694.467321819053,1.6028697719798593e-05,11694.467325933792,2.01434397439627e-05,11694.467313216961,1.7137089096069263e-05,11694.46731758628,2.150640855847122e-05,11694.467304633215,1.826382532627822e-05,11694.467309259504,2.289011356702682e-05
28,28,1/29/18,11158.3938,1.4929926086956522,1.012798402653945,1.014032197838285,10042.55442,11158.393633663514,2.8826117362120492e-08,11158.393633664458,2.976968221147293e-08,11158.393624424416,3.224319940639899e-08,11158.393624425464,3.329225003408836e-08,11158.393615185505,3.585135865161394e-08,11158.393615186667,3.7011109284656795e-08,11158.393605946787,3.96501801570133e-08,11158.393605948062,4.0925798072488604e-08,11158.393596708258,4.363923228417987e-08,11158.393596709655,4.5035839351255225e-08
29,29,1/30/18,10034.9975,1.4941234782608694,1.0440763889347258,1.0440795200232609,9031.49775,10034.997352455544,5.5014872803757325e-08,10034.99735245555,5.501896663728094e-08,10034.997344261814,6.125491390479047e-08,10034.99734426182,6.125944491717714e-08,10034.997336068405,6.781489733538483e-08,10034.997336068409,6.781988514473157e-08,10034.997327875311,7.469273896106774e-08,10034.997327875317,7.469820292337105e-08,10034.997319682536,8.188640998459517e-08,10034.997319682541,8.189236920573261e-08
30,30,1/31/18,10166.5063,1.495058260869565,1.1934852984100703,1.2085371882192335,9149.855669999999,10166.506153089696,9.554536139254078e-07,10166.506153330627,1.1963838939155736e-06,10166.506144965117,1.0456389627820946e-06,10166.506145226977,1.307498128301131e-06,10166.506136843607,1.1388931670363012e-06,10166.506137126955,1.4222413483530844e-06,10166.506128725097,1.2351463357589177e-06,10166.506129030477,1.5405261726770982e-06,10166.50612060952,1.3343330502210132e-06,10166.506120937456,1.6622709591877558e-06
31,31,2/1/18,9052.5763,1.4960365217391305,1.185498715261424,1.2034529519563262,8147.318670000001,9052.576170609605,7.373269291261673e-07,9052.576170841734,9.694559201151698e-07,9052.576163450522,8.07561873462971e-07,9052.576163702977,1.0600180957116924e-06,9052.576156293882,8.802418294718327e-07,9052.576156567226,1.1535823063403605e-06,9052.576149139637,9.553129428918962e-07,9052.576149434402,1.2500776742014833e-06,9052.57614198773,1.0327247520465632e-06,9052.576142304444,1.3494379344082234e-06
32,32,2/2/18,8827.63,1.4971517391304343,1.104451554277868,1.2432142762406897,7944.866999999999,8827.629874960487,1.6782140207549563e-07,8827.629876409992,1.617326479167258e-06,8827.629868022123,1.8541822387839457e-07,8827.629869599068,1.7623651175432942e-06,8827.62986108452,2.037805288319524e-07,8827.629862792463,1.9117226077352087e-06,8827.629854147675,2.22897750563751e-07,8827.629855990059,2.065283065376708e-06,8827.629847211574,2.4275984973751473e-07,8827.629849191753,2.2229386144155214e-06
33,33,2/3/18,9224.3913,1.49658,1.0126047868240255,1.105294741514172,8301.95217,9224.391168286129,2.1682346416938104e-08,9224.39116844504,1.8059355867549485e-07,9224.391160970063,2.4257582302379794e-08,9224.39116114531,1.9950492377254955e-07,9224.39115365414,2.6977370243582376e-08,9224.3911538464,2.192366024786929e-07,9224.391146338363,2.984142635838862e-08,9224.3911465483,2.39777174300194e-07,9224.39113902273,3.284945252854613e-08,9224.391139250996,2.611157910204206e-07
34,34,2/4/18,8186.6488,1.497880434782609,1.0337730173327906,1.0654652625619858,7367.98392,8186.648684926954,3.1952339509290364e-08,8186.648684962272,6.727039820784302e-08,8186.648678535916,3.563552053523264e-08,8186.648678574973,7.4693147648144e-08,8186.648672145072,3.9513739481667574e-08,8186.648672188034,8.247574347449246e-08,8186.648665754422,4.358603449724289e-08,8186.648665801451,9.061490257397782e-08,8186.648659363966,4.7851458275357107e-08,8186.648659415222,9.910746653684849e-08
35,35,2/5/18,6914.26,1.4997604347826086,1.1784038135327295,1.2674949315097772,6222.834000000001,6914.259905420155,4.666362938793883e-07,6914.259906601179,1.6476606538925116e-06,6914.259900184663,5.11503830264276e-07,6914.259901465222,1.7920636848201646e-06,6914.259894950768,5.579697476449313e-07,6914.259896333301,1.94050193045857e-06,6914.259889718438,6.060000886715833e-07,6914.259891205298,2.0928600294561896e-06,6914.259884487641,6.555629995988648e-07,6914.259886081109,2.249030834871721e-06
36,36,2/6/18,7700.3863,1.4992673913043475,1.3334127146857473,1.5713805106639611,6930.34767,7700.386197430467,3.911525792133581e-06,7700.386216913294,2.3394354285845883e-05,7700.386191837494,4.234167421801785e-06,7700.386212624476,2.5021149009364333e-05,7700.386186252041,4.56432884922505e-06,7700.386208354804,2.6667092086893308e-05,7700.38618067386,4.901761257533706e-06,7700.3862041034245,2.833132653103506e-05,7700.386175102718,5.246234824071973e-06,7700.386199869555,3.0013071407667606e-05
37,37,2/7/18,7581.8038,1.4997847826086956,1.5682726297124323,1.6840526290775168,6823.62342,7581.803718292903,2.2485290567647172e-05,7581.803733593706,3.778609393185749e-05,7581.803714071055,2.405190921255996e-05,7581.803730282447,4.026330025747659e-05,7581.803709867835,2.563715496923401e-05,7581.803726991706,4.2761025768858075e-05,7581.803705682411,2.7240196575427326e-05,7581.803723720488,4.527827330128853e-05,7581.803701514025,2.8860276429719086e-05,7581.803720467887,4.7814138090283105e-05
38,38,2/8/18,8237.2363,1.5037391304347825,1.5631737014741145,1.6862465029762654,7413.512670000001,8237.236214449951,2.2403457887196616e-05,8237.236231193356,3.914686248048042e-05,8237.236210019719,2.397064409122e-05,8237.23622776188,4.1712802395652495e-05,8237.236205608515,2.5556854284391095e-05,8237.236224351633,4.429997341274959e-05,8237.236201215486,2.716124472922585e-05,8237.236220961586,4.6907343784274245e-05,8237.23619683987,2.8783046219417168e-05,8237.236217590802,4.9533977370452916e-05
39,39,2/9/18,8689.8388,1.507,1.658935230449576,1.7450418486541008,7820.85492,8689.83872591464,3.5429442082800925e-05,8689.838738774404,4.828920630702751e-05,8689.838722185243,3.778420124111851e-05,8689.838735776068,5.137502507789177e-05,8689.838718477218,4.016033026944665e-05,8689.838732798868,5.4481981166690086e-05,8689.838714789543,4.255681028266098e-05,8689.838729841744,5.760901227918742e-05,8689.838711121292,4.49727158668495e-05,8689.838726903732,6.0755156343087704e-05
40,40,2/10/18,8556.6125,1.5116304347826086,1.6957972736685556,1.766232253856526,7700.951249999999,8556.6124356961,3.770341290551695e-05,8556.612445590588,4.7597898311836794e-05,8556.612432493494,4.016787679284787e-05,8556.612442941532,5.0615915392946416e-05,8556.612429310893,4.265234951324241e-05,8556.612440311861,5.365331768392882e-05,8556.612426147325,4.5155855583491035e-05,8556.61243770059,5.6709121174184004e-05,8556.612423001907,4.7677510075653615e-05,8556.612435106832,5.9782435191771405e-05
41,41,2/11/18,8070.7963,1.5161260869565218,1.6910167339050246,1.7476943889194845,7263.71667,8070.796241629074,3.279164673994505e-05,8070.796248726043,3.988861598087989e-05,8070.79623871472,3.4941881259911795e-05,8070.7962462121095,4.243927053900099e-05,8070.796235818219,3.710996688755451e-05,8070.7962437157485,4.500749637640419e-05,8070.796232938703,3.9295037305493e-05,8070.796241236077,4.759241168905573e-05,8070.796230075384,4.149630642610105e-05,8070.7962387722955,5.0193217808689215e-05
42,42,2/12/18,8891.2125,1.5203413043478262,1.6318628657551009,1.6715796367888494,8002.0912499999995,8891.21243113947,2.661529789981593e-05,8891.212436071131,3.154695774949871e-05,8891.212427634331,2.841437180681792e-05,8891.212432856784,3.363682415733316e-05,8891.212424147314,3.023156672294253e-05,8891.212429661018,3.574527192324637e-05,8891.212420677573,3.20660393769558e-05,8891.212426482947,3.7871411942528195e-05,8891.212417224344,3.391702288867536e-05,8891.212423321758,4.001443684074752e-05
43,43,2/13/18,8516.2438,1.5228695652173914,1.7463878418718797,1.7605532191314797,7664.61942,8516.243749480707,3.819720838012235e-05,8516.243751217156,3.993365956122737e-05,8516.243746999038,4.064423393188252e-05,8516.243748831703,4.247689981462676e-05,8516.243744534484,4.310837344689472e-05,8516.24374646321,4.503709977110417e-05,8516.243742086186,4.5588770538603515e-05,8516.243744110818,4.7613404132939705e-05,8516.24373965337,4.808464944021373e-05,8516.243741773758,5.020503845598263e-05
44,44,2/14/18,9477.84,1.5240469565217392,1.644373629206913,1.6475068271794164,8530.056,9477.839931086464,2.84350566386699e-05,9477.839931479335,2.882792683222492e-05,9477.839927589432,3.0346279338640805e-05,9477.839928005587,3.076243495902956e-05,9477.839924111011,3.227611582341594e-05,9477.839924550497,3.2715600137213804e-05,9477.839920650335,3.422369324089004e-05,9477.839921113187,3.4686545527061403e-05,9477.839917206604,3.618821813031448e-05,9477.839917692858,3.667447413654324e-05
45,45,2/15/18,10016.4888,1.5267321739130435,1.7490187921773028,1.7530069340919208,9014.83992,10016.488743338596,4.2957490896164445e-05,10016.488743887636,4.350653127079822e-05,10016.4887405552,4.57084775181508e-05,10016.488741134746,4.628802257198325e-05,10016.488737790993,4.847865244136022e-05,10016.488738400998,4.9088657497868774e-05,10016.488735045012,5.126705525365393e-05,10016.48873568543,5.190747575089455e-05,10016.48873231639,5.407281596984423e-05,10016.48873298718,5.4743607556724766e-05
46,46,2/16/18,10178.7125,1.5293065217391304,1.758270704589766,1.7635991936402184,9160.84125,10178.712445233248,4.3386062239150466e-05,10178.712445955807,4.41086208305433e-05,10178.712442549398,4.615514774514695e-05,10178.712443311904,4.691765423778865e-05,10178.712439884352,4.8943034406143654e-05,10178.712440686737,4.974542062388838e-05,10178.71243723716,5.174877713944465e-05,10178.71243807936,5.2590975602070196e-05,10178.71243460697,5.45715200525288e-05,10178.712435488913,5.545346404845117e-05
47,47,2/17/18,11092.1475,1.53344,1.5858926225333745,1.6267200465308946,9982.93275,11092.147420056746,2.1841746669465402e-05,11092.147425006668,2.6791668895427137e-05,11092.147415921181,2.3360904050102114e-05,11092.147421173495,2.8613216801382018e-05,11092.147411803544,2.489798945090544e-05,11092.147417359309,3.045375303033164e-05,11092.147407703034,2.6452202707808814e-05,11092.147413563232,3.231240192102638e-05,11092.147403618923,2.802281459625496e-05,11092.147409784477,3.418836677407923e-05
48,48,2/18/18,10396.63,1.5364282608695652,1.1518484333125372,1.3944490173532043,9356.966999999999,10396.629908165243,2.0751173555254813e-07,10396.629912992676,5.034945107456609e-06,10396.629903072659,2.283863669195564e-07,10396.629908278772,5.434500481748316e-06,10396.629897980902,2.5008936470260155e-07,10396.62990357307,5.842258519408505e-06,10396.62989288996,2.726063866245619e-07,10396.629898875279,6.25792617386906e-06,10396.629887799818,2.959238985321764e-07,10396.629894185127,6.681233637713203e-06
49,49,2/19/18,11159.7238,1.5407217391304346,1.2040100240423397,1.3034010621503889,10043.75142,11159.723706656552,4.932168767499255e-07,11159.723708093674,1.9303389855064713e-06,11159.723701490255,5.40065886140238e-07,11159.723703046457,2.0962695436960856e-06,11159.723696325576,5.885363931242534e-07,11159.723698003632,2.26659128459599e-06,11159.723691162482,6.385925436322676e-07,11159.723692965064,2.4411728292287404e-06,11159.723686000943,6.902007528792574e-07,11159.723687930635,2.6198923704678715e-06
50,50,2/20/18,11228.2413,1.5446378260869564,1.20172235770851,1.3628387955643315,10105.41717,11228.241210363505,4.421885221564608e-07,11228.241213402049,3.480733051831761e-06,11228.241205401304,4.843588440097327e-07,11228.241208681919,3.764974992984345e-06,11228.241200440576,5.280034003382282e-07,11228.241203968215,4.055641557339669e-06,11228.24119548129,5.73090094255708e-07,11228.24119926072,4.35251645188824e-06,11228.241190523418,6.195888462837058e-07,11228.24119455923,4.655400053556099e-06
51,51,2/21/18,10456.1725,1.5513260869565215,1.1683860092658185,1.2768939158875001,9410.555250000001,10456.172422789576,2.0490062981643268e-07,10456.172423652732,1.0680553428787412e-06,10456.172418509064,2.2523966168233947e-07,10456.172419446382,1.162557567219552e-06,10456.172414229335,2.463615672256031e-07,10456.172415242749,1.2597762448279988e-06,10456.172409950374,2.6825193602881015e-07,10456.172411041758,1.3596361439449838e-06,10456.172405672169,2.908971951263724e-07,10456.172406843338,1.462067321276851e-06
52,52,2/22/18,9830.4263,1.574488695652174,1.2685602710663335,1.3053434187133122,8847.38367,9830.426245458166,5.787544225810513e-07,9830.426245814606,9.351942076041197e-07,9830.426242447973,6.308148424930075e-07,9830.426242833546,1.0163872015876928e-06,9830.426239439344,6.844418872978024e-07,9830.426239854698,1.0997940055429632e-06,9830.426236432242,7.395942788083724e-07,9830.426236877998,1.1853502729572452e-06,9830.426233426626,7.962335768928351e-07,9830.42623390339,1.2729962875677415e-06
53,53,2/23/18,10149.4625,1.6366991304347829,1.330077862111801,1.3499489012674344,9134.51625,10149.462473440777,4.1647749604140716e-07,10149.4624735553,5.310025609882616e-07,10149.462471978222,4.5257380951427667e-07,10149.462472101852,5.762028192493244e-07,10149.46247051665,4.896512104434629e-07,10149.462470649567,6.225685124302566e-07,10149.46246905603,5.276812348760238e-07,10149.462469198414,6.70064256383572e-07,10149.462467596335,5.666374695298702e-07,10149.462467748355,7.18657270488118e-07
54,54,2/24/18,9682.3825,1.6717543478260868,1.2639690057926836,1.3201661087045389,8714.14425,9682.382483182542,7.996580104733052e-08,9682.382483284187,1.8161178015241738e-07,9682.382482251278,8.74481563983933e-08,9682.382482361518,1.9768714962159132e-07,9682.382481320266,9.518073851074524e-08,9682.382481439312,2.1422663117507095e-07,9682.382480389497,1.0315780643033443e-07,9682.382480517557,2.312175487875388e-07,9682.382479458967,1.1137399143404187e-07,9682.382479596241,2.486481157432237e-07
55,55,2/25/18,9586.46,1.7128465217391304,1.2187706472783826,1.226986243224431,8627.814,9586.459989798204,1.567187644710162e-08,9586.459989800785,1.8253986675046317e-08,9586.45998923213,1.723421381702165e-08,9586.459989234952,2.005720247919011e-08,9586.459988666116,1.8857519539701013e-08,9586.459988669187,2.192930481894248e-08,9586.459988100161,2.0540722354831332e-08,9586.45998810349,2.3869029794203085e-08,9586.459987534266,2.2282812724003557e-08,9586.459987537859,2.5875187777657053e-08
56,56,2/26/18,10313.0825,1.7419539130434782,1.1867737128482712,1.2029878545980108,9281.77425,10313.08249225336,4.743782014236776e-09,10313.08249225526,6.644414025614935e-09,10313.082491823221,5.239724966108027e-09,10313.08249182531,7.326026913840511e-09,10313.082491393108,5.757220081658597e-09,10313.082491395387,8.036046015178542e-09,10313.082490963014,6.295979904463945e-09,10313.082490965491,8.774044798071525e-09,10313.082490532941,6.855731539994138e-09,10313.082490535624,9.53961962674649e-09
57,57,2/27/18,10564.4188,1.7595108695652173,1.106714097610832,1.1155894320464843,9507.97692,10564.41879356859,4.6830396509083e-10,10564.418793568717,5.94750345291896e-10,10564.418793211316,5.228292763957298e-10,10564.418793211458,6.631833513717341e-10,10564.418792854049,5.803144050066726e-10,10564.418792854203,7.352458020738169e-10,10564.418792496785,6.407500006202771e-10,10564.418792496952,8.109220018847817e-10,10564.41879213952,7.041267075851324e-10,10564.418792139706,8.901964955531133e-10
58,58,2/28/18,10309.6413,1.7698626086956522,1.0744992356249183,1.0781428590829665,9278.677169999999,10309.641294456598,1.3952821799610656e-10,10309.641294456615,1.557516030061022e-10,10309.64129414864,1.5658167017961083e-10,10309.641294148658,1.7469031539382048e-10,10309.641293840685,1.7465094194155948e-10,10309.641293840703,1.9474633501980364e-10,10309.641293532728,1.9373785128006226e-10,10309.641293532752,2.1592106684137534e-10,10309.641293224773,2.1384395051747305e-10,10309.641293224799,2.382156524936963e-10
59,59,3/1/18,10907.59,1.7669060869565216,1.0831206884290083,1.0833291847270603,9816.831,10907.589993923328,2.0599098460966412e-10,10907.58999392333,2.0726091497961326e-10,10907.589993585749,2.308349718499733e-10,10907.589993585749,2.3225079701864358e-10,10907.58999324817,2.5712221520659123e-10,10907.589993248173,2.586916124147061e-10,10907.589992910593,2.848533064788185e-10,10907.589992910594,2.865839128858193e-10,10907.589992573017,3.1402855789786187e-10,10907.589992573021,3.1592797128585456e-10
60,60,3/2/18,11019.5213,1.7668217391304348,1.016480399912981,1.0168632395707289,9917.56917,11019.521293854568,2.3688765432717742e-11,11019.52129385457,2.401792099936543e-11,11019.521293513157,2.6839899016447428e-11,11019.521293513157,2.7210944739256585e-11,11019.521293171747,3.020974349728309e-11,11019.521293171747,3.062535717271794e-11,11019.521292830337,3.3800692218813584e-11,11019.521292830337,3.426356614651044e-11,11019.521292488926,3.761500190807034e-11,11019.521292488927,3.8127841680385505e-11
61,61,3/3/18,11438.6513,1.7629086956521738,0.9428500349918768,0.9478017321162916,10294.78617,11438.651293314113,1.3977019192733582e-12,11438.651293314115,1.7467747176448826e-12,11438.651292942675,1.6072326531060548e-12,11438.651292942677,2.0063878466779117e-12,11438.651292571238,1.834533071708658e-12,11438.651292571238,2.2877132508925687e-12,11438.651292199798,2.080051392903137e-12,11438.6512921998,2.5912749816853167e-12,11438.65129182836,2.344220166511306e-12,11438.65129182836,2.917578082513097e-12
62,62,3/4/18,11479.7313,1.7709521739130434,0.8811441135999786,0.8820998516406813,10331.75817,11479.731293907476,4.7368952385733347e-14,11479.731293907476,4.998711153458739e-14,11479.731293569004,5.535514405764412e-14,11479.731293569004,5.839907025743255e-14,11479.73129323053,6.415486990191781e-14,11479.73129323053,6.766553231260023e-14,11479.731292892056,7.380150318843339e-14,11479.731292892056,7.782132604535677e-14,11479.731292553583,8.432782725631403e-14,11479.731292553583,8.89006547040646e-14
63,63,3/5/18,11432.9825,1.775028260869565,0.8808669871091769,0.8816367715089737,10289.68425,11432.982494221937,4.0325063426885265e-14,11432.982494221937,4.212138729004451e-14,11432.982493900934,4.714022198972387e-14,11432.982493900934,4.922947595269343e-14,11432.98249357993,5.4652207429338166e-14,11432.98249357993,5.706270085426076e-14,11432.982493258927,6.288985428975236e-14,11432.982493258927,6.565091318230602e-14,11432.982492937923,7.188149843326098e-14,11432.982492937923,7.5023441327947e-14
64,64,3/6/18,10709.5275,1.775028260869565,0.7664069382356348,0.7806632824059511,9638.57475,10709.52749458756,1.22073414658224e-17,10709.52749458756,4.048018836383375e-17,10709.52749428687,1.485032541205872e-17,10709.52749428687,4.8953121510134715e-17,10709.527493986177,1.7878141871457055e-17,10709.527493986177,5.86041036638966e-17,10709.527493685488,2.1322106858308144e-17,10709.527493685488,6.952187108560363e-17,10709.527493384796,2.5214215556983993e-17,10709.527493384796,8.179657380377193e-17
65,65,3/7/18,9906.8,1.775028260869565,0.7775449150314092,0.7904819581869529,8916.119999999999,9906.799994993245,2.897221730580394e-17,9906.799994993245,8.234212551527434e-17,9906.799994715093,3.5080936514926953e-17,9906.799994715093,9.918949638428319e-17,9906.79999443694,4.2047560791137135e-17,9906.79999443694,1.183068679769827e-16,9906.799994158788,4.993782035238439e-17,9906.799994158788,1.398562377415715e-16,9906.799993880635,5.881857359841648e-17,9906.799993880635,1.6400157127665755e-16
66,66,3/8/18,9299.2838,1.7703843478260868,0.8892804379003765,0.8901904260867705,8369.35542,9299.28379503094,6.150043986569258e-14,9299.28379503094,6.463919206794709e-14,9299.283794754881,7.170476760651685e-14,9299.283794754881,7.534562324765778e-14,9299.283794478823,8.292368651138838e-14,9299.283794478823,8.711374343610761e-14,9299.283794202764,9.519652831332359e-14,9299.283794202764,9.998445116845697e-14,9299.283793926705,1.0856183775466855e-13,9299.283793926705,1.1399781626582238e-13
67,67,3/9/18,9237.05,1.7756804347826087,0.9204185759099242,0.9228634572135604,8313.345,9237.049995368121,2.5970846854839864e-13,9237.049995368121,2.9303670823887263e-13,9237.049995110794,3.0046320657166355e-13,9237.049995110792,3.388177856858982e-13,9237.049994853465,3.4493565244707455e-13,9237.049994853465,3.88746039667382e-13,9237.04999459614,3.9324174164793903e-13,9237.04999459614,4.4294836365097973e-13,9237.049994338813,4.4549415490214396e-13,9237.049994338813,5.01548006430709e-13
68,68,3/10/18,8787.1638,1.7766717391304347,0.9198216553701049,0.9218914448052244,7908.44742,8787.16379564582,2.322607166706195e-13,8787.16379564582,2.5735477457606013e-13,8787.163795403922,2.6876414916418017e-13,8787.16379540392,2.976501767750299e-13,8787.163795162021,3.086055416390784e-13,8787.163795162021,3.416085722178735e-13,8787.163794920121,3.518896751432176e-13,8787.163794920121,3.893431182452195e-13,8787.163794678223,3.9871841335555046e-13,8787.163794678223,4.4096375944363097e-13
69,69,3/11/18,9532.7413,1.7770934782608694,0.827398793792199,0.8691858029959144,8579.46717,9532.741295300219,1.104654659065572e-15,9532.741295300219,1.5896568284955984e-14,9532.741295039119,1.3131059918388412e-15,9532.741295039119,1.8648302000124625e-14,9532.741294778021,1.5466192115798924e-15,9532.741294778021,2.169168802908251e-14,9532.741294516922,1.8066476023498485e-15,9532.741294516922,2.503980432737204e-14,9532.741294255822,2.0946433536345447e-15,9532.741294255822,2.870554879666268e-14
70,70,3/12/18,9118.2713,1.7736734782608694,0.9628742963473228,0.9779189445585152,8206.44417,9118.27129531623,1.9421235753630974e-12,9118.271295316232,3.6544591985902206e-12,9118.27129505602,2.224747832801106e-12,9118.271295056024,4.17304923640828e-12,9118.271294795812,2.530212560337031e-12,9118.271294795813,4.7318382394085564e-12,9118.271294535603,2.8590098153038566e-12,9118.271294535605,5.331569215671023e-12,9118.271294275393,3.211612234756393e-12,9118.271294275397,5.9729527632830584e-12
71,71,3/13/18,9144.1475,1.773075652173913,0.9800102160689396,1.0010582253074742,8229.73275,9144.147495269122,4.062665042482783e-12,9144.147495269128,9.308984568727495e-12,9144.147495006295,4.637048098673741e-12,9144.147495006302,1.0581012800155053e-11,9144.147494743469,5.255679414559248e-12,9144.147494743476,1.1945539064668348e-11,9144.147494480645,5.9193571057492585e-12,9144.14749448065,1.3403860962434888e-11,9144.147494217817,6.628843957777301e-12,9144.147494217827,1.4957210302175205e-11
72,72,3/14/18,8196.8975,1.7733473913043478,0.9005120280799551,0.9470539581536522,7377.20775,8196.897495773,8.978014651582199e-14,8196.897495773,8.769340721355296e-13,8196.897495538167,1.0438208396669016e-13,8196.897495538167,1.0080421498225213e-12,8196.897495303334,1.2039216868840538e-13,8196.897495303334,1.150222333283477e-12,8196.8974950685,1.378611004742287e-13,8196.8974950685,1.3037504386990163e-12,8196.897494833667,1.5683841859610378e-13,8196.897494833667,1.4688925527948988e-12
73,73,3/15/18,8256.9938,1.774104347826087,1.0237936681755269,1.1359058044920705,7431.29442,8256.99379578053,1.8859157463848984e-11,8256.993795781069,5.561440167225835e-10,8256.993795546117,2.134731514057157e-11,8256.993795546716,6.188142435491596e-10,8256.993795311704,2.400571706732808e-11,8256.993795312366,6.846736393558371e-10,8256.993795077291,2.6836072428029483e-11,8256.993795078019,7.537020843092714e-10,8256.993794842878,2.9839989125420915e-11,8256.993794843675,8.258800615342619e-10
74,74,3/16/18,8269.3275,1.7728260869565218,0.9757340194201004,1.116160145293541,7442.3947499999995,8269.32749570889,3.1060440924545953e-12,8269.32749570923,3.4229410793529326e-10,8269.327495470498,3.5482453181701612e-12,8269.327495470876,3.818552178067472e-10,8269.327495232104,4.024910081214147e-12,8269.327495232523,4.2353351772692143e-10,8269.327494993708,4.536688771251571e-12,8269.327494994172,4.67320851819601e-10,8269.327494755315,5.084203762732287e-12,8269.327494755822,5.132091479718855e-10
75,75,3/17/18,7862.1088,1.775491304347826,0.973612266952248,1.116002221924509,7075.89792,7862.108796048624,2.498999821148544e-12,7862.108796048925,3.037241768798007e-10,7862.108795829103,2.8564467473566015e-12,7862.108795829439,3.388714881030098e-10,7862.108795609583,3.2419705891883844e-12,7862.108795609955,3.7590449315093124e-10,7862.1087953900615,3.656117277010605e-12,7862.1087953904735,4.148161730940302e-10,7862.108795170541,4.099409670457461e-12,7862.108795170993,4.555995697448529e-10
76,76,3/18/18,8196.0225,1.7753039130434782,0.9704742400345684,1.1530501924810874,7376.420249999999,8196.02249587153,2.2971343238967685e-12,8196.022495872348,8.223737179753457e-10,8196.02249564217,2.627405722901525e-12,8196.022495643081,9.130882979984633e-10,8196.02249541281,2.9838421488734805e-12,8196.022495413816,1.0082229079561823e-09,8196.022495183452,3.3669687109782597e-12,8196.022495184556,1.1077407158887993e-09,8196.022494954093,3.7772887750583744e-12,8196.022494955301,1.2116063071209917e-09
77,77,3/19/18,8594.1913,1.7761021739130434,1.0233779768796958,1.1158601420586622,7734.77217,8594.191295712253,1.8305163366671005e-11,8594.19129571256,3.258529339045591e-10,8594.191295474046,2.0723794170606825e-11,8594.19129547439,3.635771355532837e-10,8594.19129523584,2.3308346156588666e-11,8594.191295236218,4.03327004443678e-10,8594.191294997634,2.6060513350439768e-11,8594.191294998052,4.450950890945519e-10,8594.191294759428,2.8981890182917123e-11,8594.191294759887,4.888739982358367e-10
78,78,3/20/18,8915.9038,1.776360869565217,1.030789184412943,1.0575390311914978,8024.31342,8915.90379556554,2.4490573696134755e-11,8915.903795565575,6.000683032917336e-11,8915.903795319182,2.7690407549236345e-11,8915.903795319222,6.754150807970867e-11,8915.903795072825,3.110545892951622e-11,8915.90379507287,7.55479891350505e-11,8915.903794826469,3.4737656676771355e-11,8915.90379482652,8.40284642101305e-11,8915.903794580112,3.858880949046076e-11,8915.903794580167,9.298493973932842e-11
79,79,3/21/18,8895.4,1.7760760869565215,1.0126269077168588,1.015044045108611,8005.86,8895.399995560581,1.2837656098684048e-11,8895.399995560581,1.4029898875318845e-11,8895.399995313946,1.4562343045521805e-11,8895.399995313948,1.5907666885150984e-11,8895.399995067313,1.6408833020555923e-11,8895.399995067315,1.7917183498171877e-11,8895.399994820678,1.837859847796457e-11,8895.39999482068,2.0059984977075407e-11,8895.399994574047,2.0473031715505443e-11,8895.399994574049,2.233752254374715e-11
80,80,3/22/18,8712.8913,1.7770891304347824,1.0124556958562492,1.0143935012671044,7841.602169999999,8712.891295704205,1.2145462652014318e-11,8712.891295704205,1.3043940153351073e-11,8712.89129546555,1.3778290482315152e-11,8712.891295465552,1.479226251883238e-11,8712.891295226897,1.5526574659769357e-11,8712.891295226897,1.6663560490301386e-11,8712.891294988241,1.7391720356123392e-11,8712.891294988243,1.8659288451873562e-11,8712.891294749588,1.9375056503293757e-11,8712.89129474959,2.0780820817875112e-11
81,81,3/23/18,8918.7438,1.776360869565217,0.9799646701291209,0.9800663180394544,8026.86942,8918.743795564105,3.591054818784524e-12,8918.743795564105,3.606003003467974e-12,8918.743795317669,4.099520471084442e-12,8918.743795317669,4.116499700094777e-12,8918.743795071228,4.647256162683762e-12,8918.743795071228,4.666412256941687e-12,8918.743794824792,5.234977584662068e-12,8918.743794824792,5.256458231785947e-12,8918.743794578355,5.8633689571981686e-12,8918.743794578353,5.88732360864748e-12
82,82,3/24/18,8535.8938,1.7806260869565218,0.86387947520779,0.8709445182256427,7682.30442,8535.893795966347,9.134181381326895e-15,8535.893795966347,1.3935398674824053e-14,8535.893795742255,1.0734829794898247e-14,8535.893795742255,1.6343198906821682e-14,8535.893795518163,1.2508254501031092e-14,8535.893795518163,1.9005506524995825e-14,8535.893795294072,1.4462515656934866e-14,8535.893795294072,2.1933667822024526e-14,8535.89379506998,1.6605577229860032e-14,8535.89379506998,2.513887005130607e-14
83,83,3/25/18,8449.835,1.7822886956521735,0.8630226116962553,0.8699730385827842,7604.8515,8449.834996085889,8.086398457161945e-15,8449.834996085889,1.22783756619743e-14,8449.83499586844,9.506984439554977e-15,8449.83499586844,1.4405613392935365e-14,8449.834995650988,1.1081482292021429e-14,8449.834995650988,1.6758615084987916e-14,8449.834995433537,1.2817129779424815e-14,8449.834995433537,1.934753569618344e-14,8449.834995216088,1.472108105078202e-14,8449.834995216088,2.218239199663057e-14
84,84,3/26/18,8138.3363,1.7856039130434782,0.861829913631677,0.8717762089125909,7324.50267,8138.3362963772115,6.42610115502921e-15,8138.3362963772115,1.1700172603670933e-14,8138.336296175945,7.559485720166417e-15,8138.336296175945,1.3723109685391513e-14,8138.336295974679,8.816390203276023e-15,8138.336295974679,1.596009785263652e-14,8138.3362957734125,1.0202696796721779e-14,8138.3362957734125,1.842070350531426e-14,8138.336295572147,1.1724223314003003e-14,8138.336295572147,2.1114360196940313e-14
85,85,3/27/18,7790.1575,1.7846347826086957,0.6401846319612915,0.6402956462746472,7011.141750000001,7790.157496491639,2.9274911612287067e-24,7790.157496491639,2.9765866061021273e-24,7790.157496296731,3.828280072247792e-24,7790.157496296731,3.892163240108652e-24,7790.157496101821,4.9351521818288566e-24,7790.157496101821,5.017116836447767e-24,7790.157495906912,6.2806362599345906e-24,7790.157495906912,6.3844773070603996e-24,7790.157495712004,7.900293851856289e-24,7790.157495712004,8.030351317373421e-24
86,86,3/28/18,7937.205,1.7848865217391303,0.6799120996277883,0.6867652677801579,7143.4845000000005,7937.204996436197,6.803491735895328e-22,7937.204996436197,1.5841534100904065e-21,7937.204996238208,8.661817162324645e-22,7937.204996238208,2.0084789048353658e-21,7937.204996040219,1.0886760946956469e-21,7937.204996040219,2.5144716917469747e-21,7937.204995842229,1.3525589767470741e-21,7937.204995842229,3.1122991163700574e-21,7937.204995644241,1.6628706411106422e-21,7937.204995644241,3.812761132010118e-21
87,87,3/29/18,7086.4875,1.7873343478260868,0.6917584138581017,0.6951087013600001,6377.83875,7086.487496910273,2.268720591279552e-21,7086.487496910273,3.37263991233068e-21,7086.487496738621,2.8687017702598074e-21,7086.487496738621,4.256256981296976e-21,7086.48749656697,3.582300395410808e-21,7086.48749656697,5.30521897971858e-21,7086.487496395318,4.423338821634679e-21,7086.487496395318,6.5393000443259876e-21,7086.487496223666,5.4064628728588834e-21,7086.487496223666,7.979414256794637e-21
88,88,3/30/18,6844.3213,1.790478260869565,0.8917498678570228,0.9083216100395392,6159.8891699999995,6844.321297126343,2.6102317661287383e-14,6844.321297126343,6.386961206378114e-14,6844.321296966695,3.0452801770285704e-14,6844.321296966695,7.418670881600857e-14,6844.3212968070475,3.5238912568889986e-14,6844.3212968070475,8.548851352417084e-14,6844.321296647399,4.047783638806815e-14,6844.3212966474,9.780960561564387e-14,6844.321296487752,4.618642926272338e-14,6844.321296487752,1.1118374292923168e-13
89,89,3/31/18,6926.0175,1.7925434782608696,0.8473122237002501,0.8987534088207295,6233.41575,6926.017497163223,1.6953553449604931e-15,6926.017497163223,3.617403398006704e-14,6926.017497005624,2.0043852569751557e-15,6926.017497005624,4.212887890399242e-14,6926.017496848025,2.348763547181408e-15,6926.017496848026,4.8668849879021e-14,6926.017496690427,2.7303502684656015e-15,6926.017496690427,5.581602036493019e-14,6926.017496532828,3.150994384699689e-15,6926.017496532828,6.359200016775305e-14
90,90,4/1/18,6816.74,,0.780375359387765,0.8589293849893146,6135.066,,,,,,,,,,,,,,,,,,,,
91,91,4/2/18,7049.7938,,0.7085607250037675,0.8374591859215615,6344.814420000001,,,,,,,,,,,,,,,,,,,,
92,92,4/3/18,7417.8875,,0.7675552005253017,0.8594538370952686,6676.09875,,,,,,,,,,,,,,,,,,,,
93,93,4/4/18,6789.3013,,0.8595114989359718,0.9001971122171525,6110.37117,,,,,,,,,,,,,,,,,,,,
94,94,4/5/18,6774.7513,,0.920124193261132,1.025875886245189,6097.27617,,,,,,,,,,,,,,,,,,,,
95,95,4/6/18,6620.4088,,0.9170868414838323,0.9943331629387696,5958.367920000001,,,,,,,,,,,,,,,,,,,,
96,96,4/7/18,6896.2813,,0.9155882087981044,1.0014559687762576,6206.65317,,,,,,,,,,,,,,,,,,,,
97,97,4/8/18,7022.7088,,0.9672491846913625,1.0056857807019908,6320.43792,,,,,,,,,,,,,,,,,,,,
98,98,4/9/18,6773.9388,,0.9639365692658416,0.9792426724541559,6096.54492,,,,,,,,,,,,,,,,,,,,
99,99,4/10/18,6830.9038,,0.9597014691084118,0.9952260416030686,6147.81342,,,,,,,,,,,,,,,,,,,,
100,100,4/11/18,6939.55,,0.7500549961456419,0.7525380482808363,6245.595,,,,,,,,,,,,,,,,,,,,
101,101,4/12/18,7916.3725,,0.7307062670191102,0.7310674322155087,7124.735250000001,,,,,,,,,,,,,,,,,,,,
102,102,4/13/18,7889.2313,,1.0275692240930714,1.0513273238580738,7100.30817,,,,,,,,,,,,,,,,,,,,
103,103,4/14/18,8003.6813,,1.0189461436387874,1.0475151567786698,7203.31317,,,,,,,,,,,,,,,,,,,,
104,104,4/15/18,8357.0375,,1.0110100224357963,1.0327983607668278,7521.333750000001,,,,,,,,,,,,,,,,,,,,
105,105,4/16/18,8051.345,,1.0016761224616595,1.0211025813040735,7246.2105,,,,,,,,,,,,,,,,,,,,
106,106,4/17/18,7890.15,,0.8649818367695767,0.9102575756206834,7101.135,,,,,,,,,,,,,,,,,,,,
107,107,4/18/18,8163.69,,0.8819039494520008,0.917598957857958,7347.321,,,,,,,,,,,,,,,,,,,,
108,108,4/19/18,8273.7413,,0.8611027721615583,0.928927629898038,7446.3671699999995,,,,,,,,,,,,,,,,,,,,
109,109,4/20/18,8863.5025,,0.8496199953447489,0.901971287115386,7977.152250000001,,,,,,,,,,,,,,,,,,,,
110,110,4/21/18,8917.5963,,0.9000371425150605,0.9797538170586604,8025.83667,,,,,,,,,,,,,,,,,,,,
111,111,4/22/18,8792.83,,0.8419945292117196,0.9581147023289852,7913.5470000000005,,,,,,,,,,,,,,,,,,,,
112,112,4/23/18,8938.3038,,0.8636995483142276,0.9603354356244768,8044.47342,,,,,,,,,,,,,,,,,,,,
113,113,4/24/18,9652.1563,,0.8635793462570345,0.9606853204183208,8686.94067,,,,,,,,,,,,,,,,,,,,
114,114,4/25/18,8864.0875,,0.6592671878697035,0.7370958132203335,7977.67875,,,,,,,,,,,,,,,,,,,,
115,115,4/26/18,9278.9975,,0.8637713634370227,0.8852323350019953,8351.097749999999,,,,,,,,,,,,,,,,,,,,
116,116,4/27/18,8978.3325,,0.8864221323670388,0.9198863682684214,8080.499250000001,,,,,,,,,,,,,,,,,,,,
117,117,4/28/18,9342.4713,,0.8977982575971676,0.9056826632826216,8408.22417,,,,,,,,,,,,,,,,,,,,
118,118,4/29/18,9392.0313,,0.8749063921414131,0.9091916190993652,8452.82817,,,,,,,,,,,,,,,,,,,,
119,119,4/30/18,9244.3225,,0.8544187935220123,0.9022120159320974,8319.89025,,,,,,,,,,,,,,,,,,,,
120,120,5/1/18,9067.715,,0.8608432594642145,0.8853153172196377,8160.9435,,,,,,,,,,,,,,,,,,,,
121,121,5/2/18,9219.8638,,0.8757633948168612,0.8889205070261824,8297.877419999999,,,,,,,,,,,,,,,,,,,,
122,122,5/3/18,9734.675,,0.7985953597681001,0.8012808742898008,8761.2075,,,,,,,,,,,,,,,,,,,,
123,123,5/4/18,9692.7175,,0.8470710934475831,0.8595239456352971,8723.44575,,,,,,,,,,,,,,,,,,,,
