Datetime,Timestamp,Price,VIX,1-Year-LIBOR,1-Year-VM,100-Calls,100-Calls-P,100-Calls-ROI,100-Puts,100-Puts-P,100-Puts-ROI,100-Calls,100-Calls-P,100-Calls-ROI
2015-11-19,1447909200000,13.07,16.99,0.94735,,,,,,,,,,
2015-11-20,1447995600000,12.85,15.47,0.96135,,,,,,,,,,
2015-11-23,1448254800000,12.12,15.62,0.9666,,,,,,,,,,
2015-11-24,1448341200000,12.02,15.93,0.97335,,,,,,,,,,
2015-11-25,1448427600000,11.9,15.19,0.9776,,,,,,,,,,
2015-11-27,1448600400000,12.05,15.12,0.97385,,,,,,,,,,
2015-11-30,1448859600000,12.04,16.13,0.9806,,,,,,,,,,
2015-12-01,1448946000000,11.91,14.67,0.98435,,,,,,,,,,
2015-12-02,1449032400000,11.93,15.91,0.9896,,,,,,,,,,
2015-12-03,1449118800000,11.92,18.11,1.0112,,,,,,,,,,
2015-12-04,1449205200000,12.04,14.81,1.0177,,,,,,,,,,
2015-12-07,1449464400000,12.36,15.84,1.0402,,,,,,,,,,
2015-12-08,1449550800000,12.12,17.6,1.04495,,,,,,,,,,
2015-12-09,1449637200000,11.99,19.61,1.05245,,,,,,,,,,
2015-12-10,1449723600000,12.05,19.34,1.0547,,,,,,,,,,
2015-12-11,1449810000000,11.95,24.39,1.06675,,,,,,,,,,
2015-12-14,1450069200000,12.33,22.73,1.06425,,,,,,,,,,
2015-12-15,1450155600000,12.47,20.95,1.0735,,,,,,,,,,
2015-12-16,1450242000000,12.27,17.86,1.0835,,,,,,,,,,
2015-12-17,1450328400000,12.32,18.94,1.109,,,,,,,,,,
2015-12-18,1450414800000,12.34,20.7,1.11425,,,,,,,,,,
2015-12-21,1450674000000,12.24,18.7,1.12575,,,,,,,,,,
2015-12-22,1450760400000,12.46,16.6,1.131,,,,,,,,,,
2015-12-23,1450846800000,12.5,15.57,1.1440000000000001,,,,,,,,,,
2015-12-24,1450933200000,12.6,15.74,1.1475,,,,,,,,,,
2015-12-28,1451278800000,12.83,16.91,1.1475,,,,,,,,,,
2015-12-29,1451365200000,12.74,16.08,1.1475,,,,,,,,,,
2015-12-30,1451451600000,12.78,17.29,1.1595,,,,,,,,,,
2015-12-31,1451538000000,13.09,18.21,1.178,,,,,,,,,,
2016-01-04,1451883600000,12.16,20.7,1.178,,,,,,,,,,
2016-01-05,1451970000000,11.51,19.34,1.16925,,,,,,,,,,
2016-01-06,1452056400000,11.52,20.59,1.1731,,,,,,,,,,
2016-01-07,1452142800000,11.16,24.99,1.16535,,,,,,,,,,
2016-01-08,1452229200000,11.31,27.01,1.1471,,,,,,,,,,
2016-01-11,1452488400000,11.84,24.3,1.1551,,,,,,,,,,
2016-01-12,1452574800000,12.09,22.47,1.1536,,,,,,,,,,
2016-01-13,1452661200000,11.61,25.22,1.1561,,,,,,,,,,
2016-01-14,1452747600000,10.82,23.95,1.1631,,,,,,,,,,
2016-01-15,1452834000000,10.27,27.02,1.1586,,,,,,,,,,
2016-01-19,1453179600000,9.47,26.05,1.1451,,,,,,,,,,
2016-01-20,1453266000000,9.49,27.59,1.1463,,,,,,,,,,
2016-01-21,1453352400000,10.02,26.69,1.15045,,,,,,,,,,
2016-01-22,1453438800000,9.85,22.34,1.14045,,,,,,,,,,
2016-01-25,1453698000000,9.81,24.15,1.1437,,,,,,,,,,
2016-01-26,1453784400000,9.54,22.5,1.15595,,,,,,,,,,
2016-01-27,1453870800000,9.05,23.11,1.1529,,,,,,,,,,
2016-01-28,1453957200000,8.74,22.42,1.1512,,,,,,,,,,
2016-01-29,1454043600000,8.77,20.2,1.15045,,,,,,,,,,
2016-02-01,1454302800000,8.76,19.98,1.15105,,,,,,,,,,
2016-02-02,1454389200000,8.47,21.98,1.13975,,,,,,,,,,
2016-02-03,1454475600000,8.43,21.65,1.14025,,,,,,,,,,
2016-02-04,1454562000000,8.9,21.84,1.13785,,,,,,,,,,
2016-02-05,1454648400000,8.63,23.38,1.1304,,,,,,,,,,
2016-02-08,1454907600000,8.37,26.0,1.1285,,,,,,,,,,
2016-02-09,1454994000000,8.62,26.54,1.1355,,,,,,,,,,
2016-02-10,1455080400000,8.88,26.29,1.13995,,,,,,,,,,
2016-02-11,1455166800000,8.62,28.14,1.13355,,,,,,,,,,
2016-02-12,1455253200000,9.3,25.4,1.117,,,,,,,,,,
2016-02-16,1455598800000,9.93,24.11,1.1156,,,,,,,,,,
2016-02-17,1455685200000,9.84,22.31,1.12825,,,,,,,,,,
2016-02-18,1455771600000,9.98,21.64,1.13215,,,,,,,,,,
2016-02-19,1455858000000,9.97,20.53,1.13465,,,,,,,,,,
2016-02-22,1456117200000,10.38,19.38,1.1420000000000001,,,,,,,,,,
2016-02-23,1456203600000,9.71,20.98,1.13975,,,,,,,,,,
2016-02-24,1456290000000,9.89,20.72,1.1585,,,,,,,,,,
2016-02-25,1456376400000,10.26,19.11,1.157,,,,,,,,,,
2016-02-26,1456462800000,10.32,19.81,1.15475,,,,,,,,,,
2016-02-29,1456722000000,10.44,20.55,1.1602,,,,,,,,,,
2016-03-01,1456808400000,10.72,17.7,1.161,,,,,,,,,,
2016-03-02,1456894800000,11.97,17.09,1.17875,,,,,,,,,,
2016-03-03,1456981200000,12.25,16.7,1.179,,,,,,,,,,
2016-03-04,1457067600000,12.01,16.86,1.1955,,,,,,,,,,
2016-03-07,1457326800000,12.26,17.35,1.20045,,,,,,,,,,
2016-03-08,1457413200000,11.48,18.67,1.194,,,,,,,,,,
2016-03-09,1457499600000,12.03,18.34,1.21225,,,,,,,,,,
2016-03-10,1457586000000,11.3,18.05,1.207,,,,,,,,,,
2016-03-11,1457672400000,11.1,16.5,1.209,,,,,,,,,,
2016-03-14,1457928000000,11.61,16.92,1.2109999999999999,,,,,,,,,,
2016-03-15,1458014400000,11.95,16.84,1.2245,,,,,,,,,,
2016-03-16,1458100800000,11.87,14.99,1.2312,,,,,,,,,,
2016-03-17,1458187200000,11.95,14.44,1.237,,,,,,,,,,
2016-03-18,1458273600000,12.04,14.02,1.2447,,,,,,,,,,
2016-03-21,1458532800000,13.4,13.79,1.2022,,,,,,,,,,
2016-03-22,1458619200000,13.06,14.17,1.21145,,,,,,,,,,
2016-03-23,1458705600000,12.59,14.94,1.2244,,,,,,,,,,
2016-03-24,1458792000000,12.88,14.74,1.2374,,,,,,,,,,
2016-03-25,1458878400000,13.4,15.24,1.23115,,,,,,,,,,
2016-03-28,1459137600000,13.74,13.82,1.23115,,,,,,,,,,
2016-03-29,1459224000000,15.02,13.56,1.23115,,,,,,,,,,
2016-03-30,1459310400000,15.28,13.95,1.23865,,,,,,,,,,
2016-03-31,1459396800000,14.22,13.1,1.21415,,,,,,,,,,
2016-04-01,1459483200000,14.28,14.12,1.2104,,,,,,,,,,
2016-04-04,1459742400000,14.26,15.42,1.2134,,,,,,,,,,
2016-04-05,1459828800000,14.97,14.09,1.2215,,,,,,,,,,
2016-04-06,1459915200000,14.81,16.16,1.2053,,,,,,,,,,
2016-04-07,1460001600000,15.13,15.36,1.2116,,,,,,,,,,
2016-04-08,1460088000000,15.36,16.26,1.20555,,,,,,,,,,
2016-04-11,1460347200000,15.48,14.85,1.20455,,,,,,,,,,
2016-04-12,1460433600000,15.01,13.84,1.20755,,,,,,,,,,
2016-04-13,1460520000000,14.82,13.72,1.20905,,,,,,,,,,
2016-04-14,1460606400000,14.33,13.62,1.21755,,,,,,,,,,
2016-04-15,1460692800000,14.51,13.35,1.2208,,,,,,,,,,
2016-04-18,1460952000000,14.09,13.24,1.22125,,,,,,,,,,
2016-04-19,1461038400000,13.63,13.28,1.2183,,,,,,,,,,
2016-04-20,1461124800000,13.24,13.95,1.2247,,,,,,,,,,
2016-04-21,1461211200000,13.34,13.22,1.2248,,,,,,,,,,
2016-04-22,1461297600000,13.59,14.08,1.23935,,,,,,,,,,
2016-04-25,1461556800000,14.18,13.96,1.23635,,,,,,,,,,
2016-04-26,1461643200000,14.69,13.77,1.23885,,,,,,,,,,
2016-04-27,1461729600000,15.35,15.22,1.2426,,,,,,,,,,
2016-04-28,1461816000000,14.89,15.7,1.2441,,,,,,,,,,
2016-04-29,1461902400000,14.0,14.68,1.23,,,,,,,,,,
2016-05-02,1462161600000,13.45,15.6,1.2295,,,,,,,,,,
2016-05-03,1462248000000,13.39,16.05,1.2318,,,,,,,,,,
2016-05-04,1462334400000,13.05,15.91,1.23005,,,,,,,,,,
2016-05-05,1462420800000,10.22,14.72,1.2303,,,,,,,,,,
2016-05-06,1462507200000,9.85,14.57,1.2303,,,,,,,,,,
2016-05-09,1462766400000,10.0,13.63,1.22715,,,,,,,,,,
2016-05-10,1462852800000,9.68,14.69,1.2244,,,,,,,,,,
2016-05-11,1462939200000,9.28,14.41,1.22515,,,,,,,,,,
2016-05-12,1463025600000,9.36,15.04,1.2269,,,,,,,,,,
2016-05-13,1463112000000,9.16,14.68,1.2289,,,,,,,,,,
2016-05-16,1463371200000,9.18,15.57,1.23265,,,,,,,,,,
2016-05-17,1463457600000,9.4,15.95,1.24235,,,,,,,,,,
2016-05-18,1463544000000,9.6,16.33,1.26965,,,,,,,,,,
2016-05-19,1463630400000,9.39,15.2,1.2985,,,,,,,,,,
2016-05-20,1463716800000,9.46,15.82,1.3019999999999998,,,,,,,,,,
2016-05-23,1463976000000,10.14,14.42,1.3030000000000002,,,,,,,,,,
2016-05-24,1464062400000,10.0,13.9,1.31235,,,,,,,,,,
2016-05-25,1464148800000,9.75,13.43,1.3227,,,,,,,,,,
2016-05-26,1464235200000,9.63,13.12,1.3207,,,,,,,,,,
2016-05-27,1464321600000,9.53,14.19,1.3167,,,,,,,,,,
2016-05-31,1464667200000,9.6,14.2,1.3167,,,,,,,,,,
2016-06-01,1464753600000,9.65,13.63,1.3374,,,,,,,,,,
2016-06-02,1464840000000,9.46,13.47,1.3284,,,,,,,,,,
2016-06-03,1464926400000,9.51,13.65,1.3324,,,,,,,,,,
2016-06-06,1465185600000,9.57,14.05,1.3314,,,,,,,,,,
2016-06-07,1465272000000,9.55,14.08,1.2856,,,,,,,,,,
2016-06-08,1465358400000,9.34,14.64,1.2851,,,,,,,,,,
2016-06-09,1465444800000,9.14,17.03,1.27835,,,,,,,,,,
2016-06-10,1465531200000,8.92,20.97,1.2735,,,,,,,,,,
2016-06-13,1465790400000,8.89,20.5,1.25925,,,,,,,,,,
2016-06-14,1465876800000,9.06,20.14,1.25325,,,,,,,,,,
2016-06-15,1465963200000,9.05,19.37,1.26525,,,,,,,,,,
2016-06-16,1466049600000,9.04,19.41,1.2385,,,,,,,,,,
2016-06-17,1466136000000,9.2,18.37,1.24075,,,,,,,,,,
2016-06-20,1466395200000,9.35,18.48,1.2515,,,,,,,,,,
2016-06-21,1466481600000,8.78,21.17,1.2525,,,,,,,,,,
2016-06-22,1466568000000,9.13,17.25,1.251,,,,,,,,,,
2016-06-23,1466654400000,8.77,25.76,1.24975,,,,,,,,,,
2016-06-24,1466740800000,8.62,23.85,1.2052,,,,,,,,,,
2016-06-27,1467000000000,8.9,18.75,1.1957,,,,,,,,,,
2016-06-28,1467086400000,9.3,16.64,1.20475,,,,,,,,,,
2016-06-29,1467172800000,9.05,15.63,1.21625,,,,,,,,,,
2016-06-30,1467259200000,9.27,14.77,1.23025,,,,,,,,,,
2016-07-01,1467345600000,8.94,15.58,1.225,,,,,,,,,,
2016-07-05,1467691200000,9.0,14.96,1.235,,,,,,,,,,
2016-07-06,1467777600000,9.08,14.76,1.23375,,,,,,,,,,
2016-07-07,1467864000000,9.3,13.2,1.2305,,,,,,,,,,
2016-07-08,1467950400000,9.24,13.54,1.2465,,,,,,,,,,
2016-07-11,1468209600000,9.4,13.55,1.253,,,,,,,,,,
2016-07-12,1468296000000,9.29,13.04,1.2695,,,,,,,,,,
2016-07-13,1468382400000,9.37,12.82,1.2845,,,,,,,,,,
2016-07-14,1468468800000,9.17,12.67,1.2934,,,,,,,,,,
2016-07-15,1468555200000,9.27,12.44,1.298,,,,,,,,,,
2016-07-18,1468814400000,9.35,11.97,1.30825,,,,,,,,,,
2016-07-19,1468900800000,9.58,11.77,1.3264,,,,,,,,,,
2016-07-20,1468987200000,9.46,12.74,1.3289,,,,,,,,,,
2016-07-21,1469073600000,9.73,12.02,1.3589,,,,,,,,,,
2016-07-22,1469160000000,9.85,12.87,1.3719,,,,,,,,,,
2016-07-25,1469419200000,10.1,13.05,1.3859,,,,,,,,,,
2016-07-26,1469505600000,10.13,12.83,1.3986,,,,,,,,,,
2016-07-27,1469592000000,10.12,12.72,1.4136,,,,,,,,,,
2016-07-28,1469678400000,10.07,11.87,1.42,,,,,,,,,,
2016-07-29,1469764800000,10.19,12.44,1.4321,,,,,,,,,,
2016-08-01,1470024000000,10.05,13.37,1.4336,,,,,,,,,,
2016-08-02,1470110400000,10.44,12.86,1.4426,,,,,,,,,,
2016-08-03,1470196800000,11.32,12.42,1.4546,,,,,,,,,,
2016-08-04,1470283200000,11.15,11.39,1.4766,,,,,,,,,,
2016-08-05,1470369600000,11.26,11.5,1.4751,,,,,,,,,,
2016-08-08,1470628800000,11.3,11.66,1.5081,,,,,,,,,,
2016-08-09,1470715200000,11.07,12.05,1.5225,,,,,,,,,,
2016-08-10,1470801600000,11.37,11.68,1.5245,,,,,,,,,,
2016-08-11,1470888000000,11.66,11.55,1.5195,,,,,,,,,,
2016-08-12,1470974400000,11.48,11.81,1.5257,,,,,,,,,,
2016-08-15,1471233600000,11.64,12.64,1.50661,,,,,,,,,,
2016-08-16,1471320000000,11.4,12.19,1.49822,,,,,,,,,,
2016-08-17,1471406400000,11.75,11.43,1.5196100000000001,,,,,,,,,,
2016-08-18,1471492800000,11.8,11.34,1.51544,,,,,,,,,,
2016-08-19,1471579200000,11.82,12.27,1.52322,,,,,,,,,,
2016-08-22,1471838400000,12.39,12.38,1.53294,,,,,,,,,,
2016-08-23,1471924800000,12.16,13.45,1.531,,,,,,,,,,
2016-08-24,1472011200000,12.31,13.63,1.5265600000000001,,,,,,,,,,
2016-08-25,1472097600000,12.04,13.65,1.52611,,,,,,,,,,
2016-08-26,1472184000000,12.01,12.94,1.53656,,,,,,,,,,
2016-08-29,1472443200000,12.07,13.12,1.53656,,,,,,,,,,
2016-08-30,1472529600000,12.19,13.42,1.55711,,,,,,,,,,
2016-08-31,1472616000000,12.0,13.48,1.56556,,,,,,,,,,
2016-09-01,1472702400000,12.05,11.98,1.55944,,,,,,,,,,
2016-09-02,1472788800000,11.83,12.02,1.56244,,,,,,,,,,
2016-09-06,1473134400000,11.93,11.94,1.5613299999999999,,,,,,,,,,
2016-09-07,1473220800000,11.78,12.51,1.53922,,,,,,,,,,
2016-09-08,1473307200000,11.27,17.5,1.54033,,,,,,,,,,
2016-09-09,1473393600000,11.33,15.16,1.5567799999999998,,,,,,,,,,
2016-09-12,1473652800000,11.23,17.85,1.56644,,,,,,,,,,
2016-09-13,1473739200000,11.28,18.14,1.554,,,,,,,,,,
2016-09-14,1473825600000,11.38,16.3,1.5562200000000002,,,,,,,,,,
2016-09-15,1473912000000,11.37,15.37,1.55011,,,,,,,,,,
2016-09-16,1473998400000,11.55,15.53,1.5448899999999999,,,,,,,,,,
2016-09-19,1474257600000,11.66,15.92,1.55578,,,,,,,,,,
2016-09-20,1474344000000,11.9,13.3,1.56467,,,,,,,,,,
2016-09-21,1474430400000,11.68,12.02,1.5707799999999998,,,,,,,,,,
2016-09-22,1474516800000,11.83,12.29,1.5613299999999999,,,,,,,,,,
2016-09-23,1474603200000,11.55,14.5,1.55744,,,,,,,,,,
2016-09-26,1474862400000,11.78,13.1,1.55522,,,,,,,,,,
2016-09-27,1474948800000,11.83,12.39,1.55122,,,,,,,,,,
2016-09-28,1475035200000,11.64,14.02,1.55138,,,,,,,,,,
2016-09-29,1475121600000,11.66,13.29,1.55633,,,,,,,,,,
2016-09-30,1475208000000,11.67,13.57,1.55178,,,,,,,,,,
2016-10-03,1475467200000,11.63,13.63,1.5590000000000002,,,,,,,,,,
2016-10-04,1475553600000,11.69,12.99,1.5656700000000001,,,,,,,,,,
2016-10-05,1475640000000,11.52,12.84,1.57267,,,,,,,,,,
2016-10-06,1475726400000,11.48,13.48,1.58122,,,,,,,,,,
2016-10-07,1475812800000,11.47,13.38,1.58711,,,,,,,,,,
2016-10-10,1476072000000,11.18,15.36,1.59122,,,,,,,,,,
2016-10-11,1476158400000,11.27,15.91,1.5956700000000001,,,,,,,,,,
2016-10-12,1476244800000,11.19,16.69,1.58733,,,,,,,,,,
2016-10-13,1476331200000,11.12,16.12,1.5856700000000001,,,,,,,,,,
2016-10-14,1476417600000,10.93,16.21,1.58067,,,,,,,,,,
2016-10-17,1476676800000,11.34,15.28,1.57122,,,,,,,,,,
2016-10-18,1476763200000,11.3,14.41,1.564,,,,,,,,,,
2016-10-19,1476849600000,11.19,13.75,1.5662200000000002,,,,,,,,,,
2016-10-20,1476936000000,11.32,13.34,1.57178,,,,,,,,,,
2016-10-21,1477022400000,11.35,13.02,1.57067,,,,,,,,,,
2016-10-24,1477281600000,11.07,13.46,1.57844,,,,,,,,,,
2016-10-25,1477368000000,11.21,14.24,1.57956,,,,,,,,,,
2016-10-26,1477454400000,11.15,15.36,1.58233,,,,,,,,,,
2016-10-27,1477540800000,11.14,16.19,1.58233,,,,,,,,,,
2016-10-28,1477627200000,11.2,17.06,1.57511,,,,,,,,,,
2016-10-31,1477886400000,11.07,18.56,1.5756700000000001,,,,,,,,,,
2016-11-01,1477972800000,11.78,19.32,1.56511,,,,,,,,,,
2016-11-02,1478059200000,11.99,22.08,1.56011,,,,,,,,,,
2016-11-03,1478145600000,12.18,22.51,1.5590000000000002,,,,,,,,,,
2016-11-04,1478232000000,12.22,18.71,1.56844,,,,,,,,,,
2016-11-07,1478494800000,12.34,18.74,1.56789,,,,,,,,,,
2016-11-08,1478581200000,12.0,14.38,1.5562200000000002,,,,,,,,,,
2016-11-09,1478667600000,11.65,14.74,1.58344,,,,,,,,,,
2016-11-10,1478754000000,11.88,14.17,1.58789,,,,,,,,,,
2016-11-11,1478840400000,12.35,14.48,1.61011,,,,,,,,,,
2016-11-14,1479099600000,12.03,13.37,1.60456,,,,,,,,,,
2016-11-15,1479186000000,12.04,13.72,1.61178,,,,,,,,,,
2016-11-16,1479272400000,12.22,13.35,1.60456,,,,,,,,,,
2016-11-17,1479358800000,12.16,12.85,1.62289,,,,,,,,,,
2016-11-18,1479445200000,12.22,12.42,1.62789,,,,,,,,,,
2016-11-21,1479704400000,12.46,12.41,1.6295600000000001,,,,,,,,,,
2016-11-22,1479790800000,12.43,12.43,1.6434400000000002,,,,,,,,,,
2016-11-23,1479877200000,12.75,12.34,1.6451099999999999,,,,,,,,,,
2016-11-25,1480050000000,12.53,13.15,1.6412200000000001,,,,,,,,,,
2016-11-28,1480309200000,12.46,12.9,1.64067,,,,,,,,,,
2016-11-29,1480395600000,12.94,13.33,1.639,,,,,,,,,,
2016-11-30,1480482000000,12.71,14.07,1.6434400000000002,,,,,,,,,,
2016-12-01,1480568400000,13.06,14.12,1.6445599999999998,,,,,,,,,,
2016-12-02,1480654800000,13.2,12.14,1.6440000000000001,,,,,,,,,,
2016-12-05,1480914000000,13.27,11.79,1.64567,,,,,,,,,,
2016-12-06,1481000400000,14.12,12.22,1.6451099999999999,,,,,,,,,,
2016-12-07,1481086800000,13.94,12.64,1.6445599999999998,,,,,,,,,,
2016-12-08,1481173200000,13.89,11.75,1.6484400000000001,,,,,,,,,,
2016-12-09,1481259600000,13.85,12.64,1.6545599999999998,,,,,,,,,,
2016-12-12,1481518800000,14.07,12.72,1.6540000000000001,,,,,,,,,,
2016-12-13,1481605200000,13.83,13.19,1.6545599999999998,,,,,,,,,,
2016-12-14,1481691600000,14.13,12.79,1.69956,,,,,,,,,,
2016-12-15,1481778000000,14.38,12.2,1.69344,,,,,,,,,,
2016-12-16,1481864400000,14.36,11.71,1.6917799999999998,,,,,,,,,,
2016-12-19,1482123600000,14.48,11.45,1.6906700000000001,,,,,,,,,,
2016-12-20,1482210000000,14.38,11.27,1.68956,,,,,,,,,,
2016-12-21,1482296400000,14.05,11.43,1.6878900000000001,,,,,,,,,,
2016-12-22,1482382800000,14.07,11.44,1.68956,,,,,,,,,,
2016-12-23,1482469200000,14.0,11.99,1.68956,,,,,,,,,,
2016-12-27,1482814800000,13.95,12.95,1.68956,,,,,,,,,,
2016-12-28,1482901200000,13.73,13.37,1.6901099999999998,,,,,,,,,,
2016-12-29,1482987600000,13.63,14.04,1.68567,,,,,,,,,,
2016-12-30,1483074000000,13.81,12.85,1.68567,,,,,,,,,,
2017-01-03,1483419600000,14.25,11.85,1.689,,,,,,,,,,
2017-01-04,1483506000000,14.56,11.67,1.689,,,,,,,,,,
2017-01-05,1483592400000,15.0,11.32,1.689,,,,,,,,,,
2017-01-06,1483678800000,15.06,11.56,1.6845599999999998,,,,,,,,,,
2017-01-09,1483938000000,14.91,11.49,1.7006700000000001,,,,,,,,,,
2017-01-10,1484024400000,14.9,11.26,1.7017799999999998,,,,,,,,,,
2017-01-11,1484110800000,14.74,11.54,1.7028900000000002,,,,,,,,,,
2017-01-12,1484197200000,14.75,11.23,1.6978900000000001,,,,,,,,,,
2017-01-13,1484283600000,14.69,11.87,1.6984400000000002,,,,,,,,,,
2017-01-17,1484629200000,14.64,12.48,1.7017799999999998,,,,,,,,,,
2017-01-18,1484715600000,14.73,12.78,1.70233,,,,,,,,,,
2017-01-19,1484802000000,14.89,11.54,1.71039,,,,,,,,,,
2017-01-20,1484888400000,14.61,11.77,1.72817,,,,,,,,,,
2017-01-23,1485147600000,14.66,11.07,1.73289,,,,,,,,,,
2017-01-24,1485234000000,14.6,10.81,1.72122,,,,,,,,,,
2017-01-25,1485320400000,14.41,10.63,1.70733,,,,,,,,,,
2017-01-26,1485406800000,14.53,10.58,1.71872,,,,,,,,,,
2017-01-27,1485493200000,14.45,11.88,1.72817,,,,,,,,,,
2017-01-30,1485752400000,14.62,11.99,1.724,,,,,,,,,,
2017-01-31,1485838800000,14.36,11.81,1.7248299999999999,,,,,,,,,,
2017-02-01,1485925200000,14.36,11.93,1.71344,,,,,,,,,,
2017-02-02,1486011600000,14.28,10.97,1.71511,,,,,,,,,,
2017-02-03,1486098000000,14.4,11.37,1.71233,,,,,,,,,,
2017-02-06,1486357200000,14.4,11.29,1.71344,,,,,,,,,,
2017-02-07,1486443600000,14.47,11.45,1.70733,,,,,,,,,,
2017-02-08,1486530000000,14.73,10.88,1.70511,,,,,,,,,,
2017-02-09,1486616400000,14.61,10.85,1.694,,,,,,,,,,
2017-02-10,1486702800000,14.5,11.07,1.70261,,,,,,,,,,
2017-02-13,1486962000000,14.33,10.74,1.71039,,,,,,,,,,
2017-02-14,1487048400000,14.31,11.97,1.7078900000000001,,,,,,,,,,
2017-02-15,1487134800000,13.89,11.76,1.724,,,,,,,,,,
2017-02-16,1487221200000,14.47,11.49,1.74511,,,,,,,,,,
2017-02-17,1487307600000,14.63,11.57,1.7353900000000002,,,,,,,,,,
2017-02-21,1487653200000,15.04,11.74,1.7353900000000002,,,,,,,,,,
2017-02-22,1487739600000,17.15,11.71,1.7453900000000002,,,,,,,,,,
2017-02-23,1487826000000,17.43,11.47,1.74567,,,,,,,,,,
2017-02-24,1487912400000,17.93,12.09,1.7442799999999998,,,,,,,,,,
2017-02-27,1488171600000,17.32,12.92,1.7395599999999998,,,,,,,,,,
2017-02-28,1488258000000,17.219998999999998,12.54,1.73983,,,,,,,,,,
2017-03-01,1488344400000,16.99,11.81,1.7562200000000001,,,,,,,,,,
2017-03-02,1488430800000,16.889999,10.96,1.78983,,,,,,,,,,
2017-03-03,1488517200000,16.860001,11.24,1.79817,,,,,,,,,,
2017-03-06,1488776400000,16.76,11.45,1.80817,,,,,,,,,,
2017-03-07,1488862800000,16.83,11.86,1.8001099999999999,,,,,,,,,,
2017-03-08,1488949200000,17.07,12.3,1.7998299999999998,,,,,,,,,,
2017-03-09,1489035600000,16.91,11.66,1.80122,,,,,,,,,,
2017-03-10,1489122000000,16.93,11.35,1.81428,,,,,,,,,,
2017-03-13,1489377600000,16.77,12.3,1.81844,,,,,,,,,,
2017-03-14,1489464000000,16.950001,11.63,1.82122,,,,,,,,,,
2017-03-15,1489550400000,17.209999,11.21,1.8234400000000002,,,,,,,,,,
2017-03-16,1489636800000,17.280001000000002,11.28,1.82761,,,,,,,,,,
2017-03-17,1489723200000,17.24,11.34,1.81428,,,,,,,,,,
2017-03-20,1489982400000,16.51,12.47,1.8131700000000002,,,,,,,,,,
2017-03-21,1490068800000,16.41,12.47,1.81594,,,,,,,,,,
2017-03-22,1490155200000,16.610001,12.81,1.8067799999999998,,,,,,,,,,
2017-03-23,1490241600000,16.610001,13.12,1.80372,,,,,,,,,,
2017-03-24,1490328000000,16.59,12.96,1.80289,,,,,,,,,,
2017-03-27,1490587200000,17.25,12.5,1.7970599999999999,,,,,,,,,,
2017-03-28,1490673600000,17.23,11.53,1.79817,,,,,,,,,,
2017-03-29,1490760000000,17.219998999999998,11.42,1.794,,,,,,,,,,
2017-03-30,1490846400000,17.32,11.54,1.7934400000000001,,,,,,,,,,
2017-03-31,1490932800000,17.280001000000002,12.37,1.80178,,,,,,,,,,
2017-04-03,1491192000000,17.030001000000002,12.38,1.8026099999999998,,,,,,,,,,
2017-04-04,1491278400000,17.040001,11.79,1.79178,,,,,,,,,,
2017-04-05,1491364800000,16.75,12.89,1.79594,,,,,,,,,,
2017-04-06,1491451200000,17.0,12.39,1.79817,,,,,,,,,,
2017-04-07,1491537600000,16.690001000000002,12.87,1.7990000000000002,,,,,,,,,,
2017-04-10,1491796800000,16.99,14.05,1.7990000000000002,,,,,,,,,,
2017-04-11,1491883200000,16.92,15.07,1.7890000000000001,,,,,,,,,,
2017-04-12,1491969600000,17.299999,15.77,1.7834400000000001,,,,,,,,,,
2017-04-13,1492056000000,16.92,15.96,1.77178,,,,,,,,,,
2017-04-14,1492142400000,17.08,14.66,1.77178,,,,,,,,,,
2017-04-17,1492401600000,16.98,14.42,1.77178,,,,,,,,,,
2017-04-18,1492488000000,17.200001,14.93,1.76122,,,,,,,,,,
2017-04-19,1492574400000,17.709999,14.15,1.73567,,,,,,,,,,
2017-04-20,1492660800000,17.49,14.63,1.73928,,,,,,,,,,
2017-04-21,1492747200000,17.85,10.84,1.7445599999999999,,,,,,,,,,
2017-04-24,1493006400000,18.219998999999998,10.76,1.76817,,,,,,,,,,
2017-04-25,1493092800000,18.08,10.85,1.77483,,,,,,,,,,
2017-04-26,1493179200000,18.23,10.36,1.78289,,,,,,,,,,
2017-04-27,1493265600000,18.24,10.82,1.7765,,,,,,,,,,
2017-04-28,1493352000000,18.610001,10.11,1.774,,,,,,,,,,
2017-05-01,1493611200000,18.809998999999998,10.59,1.7801099999999999,,,,,,,,,,
2017-05-02,1493697600000,18.280001000000002,10.68,1.7701099999999999,,,,,,,,,,
2017-05-03,1493784000000,19.9,10.46,1.78067,47.89870572909626,3.911514372186305,,,3.5602973306668324,,,,,
2017-05-04,1493870400000,19.780001000000002,10.57,1.7790000000000001,47.643837380476064,3.868431583987261,,,3.519656915296508,,,,,
2017-05-05,1493956800000,19.559998999999998,9.77,1.78817,47.64850276095694,3.826496414313755,,,3.4798390289550967,,,,,
2017-05-08,1494216000000,19.799999,9.96,1.79067,47.64758683068202,3.8735820855512517,,,3.5221850139981576,,,,,
2017-05-09,1494302400000,19.950001,10.21,1.78761,47.641329700903775,3.9021962421069865,,,3.5487366808912832,,,,,
2017-05-10,1494388800000,19.709999,10.6,1.78567,47.654158709345246,3.856065352664002,,,3.5072335747677816,,,,,
2017-05-11,1494475200000,20.08,10.4,1.76567,47.664771044674815,3.9276124780293,,,3.5761776617906462,,,,,
2017-05-12,1494561600000,20.25,10.42,1.74511,47.668315328590204,3.959421048600776,,,3.60910189141995,,,,,
2017-05-15,1494820800000,20.34,10.65,1.7453900000000002,47.66857663646879,3.97706240230902,,,3.625130304427799,,,,,
2017-05-16,1494907200000,19.559998999999998,15.59,1.73289,47.782152405535776,3.8320742177661415,,,3.4960409038748628,,,,,
2017-05-17,1494993600000,19.68,14.66,1.7045599999999999,47.7387906681363,3.850006032559104,,,3.517391485282084,,,,,
2017-05-18,1495080000000,19.91,12.04,1.7228900000000003,47.71472960903431,3.89466612901632,,,3.554576824815196,,,,,
2017-05-19,1495166400000,20.950001,10.93,1.7265,47.881148360513954,4.111808984276685,,,3.7532117154534306,,,,,
2017-05-22,1495425600000,21.639999,10.72,1.7195599999999998,47.949003764252154,4.252254155478028,,,3.883322480129847,,,,,
2017-05-23,1495512000000,21.92,10.02,1.72567,47.95092583139577,4.307988003723226,,,3.9329662650880266,,,,,
2017-05-24,1495598400000,22.33,9.99,1.7228900000000003,47.90798932618878,4.384628016936391,,,4.0032018912301535,,,,,
2017-05-25,1495684800000,22.33,9.81,1.72122,47.901407866117715,4.383909836634564,,,4.002850255172662,,,,,
2017-05-26,1495771200000,22.74,10.38,1.72122,47.89827749338589,4.4641291678374335,,,4.076072970683663,,,,,
2017-05-30,1496116800000,22.99,10.41,1.7215,47.90403452329252,4.513742000313084,,,4.121356300670287,,,,,
2017-05-31,1496203200000,23.23,9.89,1.7237200000000001,47.90945776743975,4.561558848275041,,,4.164570009709266,,,,,
2017-06-01,1496289600000,23.200001,9.75,1.7265,47.90307100443228,4.555364836767469,,,4.158254736615357,,,,,
2017-06-02,1496376000000,23.389999,10.07,1.7306700000000002,47.88737046047987,4.5916629078137685,,,4.190341999385652,,,,,
2017-06-05,1496635200000,24.209999,10.45,1.72567,47.96440062418978,4.759299662787631,,,4.34509911911352,,,,,
2017-06-06,1496721600000,24.290001,10.39,1.7228900000000003,47.96182011252839,4.7745077998205145,,,4.35960224788005,,,,,
2017-06-07,1496808000000,24.780001000000002,10.16,1.724,47.96650244042841,4.871382471417737,,,4.447836709035423,,,,,
2017-06-08,1496894400000,23.030001000000002,10.7,1.7284400000000002,48.36473310657527,4.562993343107308,,,4.168353971047138,,,,,
2017-06-09,1496980800000,23.6,11.46,1.73567,48.40175965342148,4.6799844655572125,,,4.2739006773152015,,,,,
2017-06-12,1497240000000,23.48,10.42,1.73567,48.36934691304723,4.653266701977671,,,4.249247746557227,,,,,
2017-06-13,1497326400000,23.469998999999998,10.64,1.73622,47.961113868184796,4.614551581925936,,,4.210577849626388,,,,,
2017-06-14,1497412800000,23.99,10.9,1.7295599999999998,47.756368681302604,4.697267070678889,,,4.28591318703336,,,,,
2017-06-15,1497499200000,23.559998999999998,10.38,1.73233,47.785474338756636,4.615975725209402,,,4.211353608453958,,,,,
2017-06-16,1497585600000,24.200001,10.37,1.7284400000000002,47.74717149626279,4.737418675888374,,,4.322730322271042,,,,,
2017-06-19,1497844800000,23.85,10.86,1.73594,47.758063636151505,4.670637957949841,,,4.260189147789239,,,,,
2017-06-20,1497931200000,24.16,10.75,1.7353900000000002,47.627487796727856,4.719172664054407,,,4.303519473389724,,,,,
2017-06-21,1498017600000,24.280001000000002,10.48,1.73817,47.60201013249819,4.74051457869578,,,4.3221335059696,,,,,
2017-06-22,1498104000000,24.17,10.02,1.73344,47.4737387815761,4.706653239571246,,,4.291291217947265,,,,,
2017-06-23,1498190400000,23.93,9.9,1.7345599999999999,47.09896675124377,4.625559972207876,,,4.2140589475963255,,,,,
2017-06-26,1498449600000,23.32,11.06,1.73289,46.939110407972485,4.493156445827678,,,4.092527750501842,,,,,
2017-06-27,1498536000000,24.299999,10.03,1.73678,46.533773789986036,4.644489024410257,,,4.226095307959486,,,,,
2017-06-28,1498622400000,23.4,11.44,1.7395599999999998,46.654222241364536,4.483582053078734,,,4.080045073061726,,,,,
2017-06-29,1498708800000,23.459999,11.18,1.7384400000000002,46.453608819317246,4.4768659979554615,,,4.07255254721056,,,,,
2017-06-30,1498795200000,22.83,11.22,1.7484400000000002,46.490482518124075,4.360830214217954,,,3.965130726809777,,,,,
2017-07-03,1499054400000,23.76,11.07,1.75122,46.592356999902314,4.548056914621547,,,4.1355891923923656,,,,,
2017-07-05,1499227200000,23.219998999999998,12.54,1.75122,46.571974334580425,4.442871489319176,,,4.039778050864042,,,,,
2017-07-06,1499313600000,23.59,11.19,1.7573299999999998,46.35761922928528,4.494815112253834,,,4.083882263699898,,,,,
2017-07-07,1499400000000,23.940001000000002,11.11,1.75761,46.263068108799324,4.552823613485024,,,4.135727956747717,,,,,
2017-07-10,1499659200000,25.440001000000002,10.89,1.7509400000000002,46.51348615800576,4.8618899389584085,,,4.420327810500275,,,,,
2017-07-11,1499745600000,26.209999,10.3,1.75233,46.56588816864286,5.01447982020804,,,4.55919484250961,,,,,
2017-07-12,1499832000000,25.98,9.9,1.74594,46.476107208483064,4.960815207493266,,,4.5111568008992515,,,,,
2017-07-13,1499918400000,26.33,9.51,1.7378900000000002,46.47942254107919,5.027102081134761,,,4.573468884482509,,,,,
2017-07-14,1500004800000,26.190001000000002,9.82,1.73983,46.288897972942856,4.9813865931181365,,,4.5296660778643485,,,,,
2017-07-17,1500264000000,26.59,9.89,1.73289,46.21428597404358,5.049065718653509,,,4.592259671967659,,,,,
2017-07-18,1500350400000,26.360001,9.79,1.73344,46.139572122136094,4.997873482155646,,,4.544876241552826,,,,,
2017-07-19,1500436800000,26.389999,9.58,1.73344,46.08783409693138,4.998306465516316,,,4.54479370857404,,,,,
2017-07-20,1500523200000,26.85,9.36,1.73567,46.04961663450921,5.081731332334858,,,4.619724988508672,,,,,
2017-07-21,1500609600000,26.75,9.43,1.73567,45.97223661123918,5.054838006794117,,,4.5945523569859015,,,,,
2017-07-24,1500868800000,26.889999,9.43,1.739,45.57043570599618,5.040070291035468,,,4.576495672224973,,,,,
2017-07-25,1500955200000,27.309998999999998,9.6,1.73622,45.283024000159514,5.088244609345042,,,4.618175470222921,,,,,
2017-07-26,1501041600000,25.92,10.11,1.7295599999999998,45.502639737050345,4.85047175839982,,,4.406024377654008,,,,,
2017-07-27,1501128000000,26.200001,10.29,1.729,45.49760225068695,4.902299454077548,,,4.453195131689473,,,,,
2017-07-28,1501214400000,26.35,10.26,1.72733,45.49729552356654,4.930150989031568,,,4.478907981560759,,,,,
2017-07-31,1501473600000,26.809998999999998,10.09,1.72567,45.40563116899721,5.006566864100924,,,4.547883814931758,,,,,
2017-08-01,1501560000000,26.459999,10.28,1.72567,45.05619640392947,4.9055867748712885,,,4.452891755288,,,,,
2017-08-02,1501646400000,25.219998999999998,10.44,1.72567,45.233991903721396,4.692971484448673,,,4.261491198255331,,,,,
2017-08-03,1501732800000,25.209999,10.03,1.7228900000000003,45.14496784137745,4.682170974039339,,,4.251550631557111,,,,,
2017-08-04,1501819200000,25.68,9.93,1.73233,45.16371130741605,4.7723313223345825,,,4.331300065997103,,,,,
2017-08-07,1502078400000,26.02,10.96,1.7301099999999998,45.16611698658181,4.835515906329029,,,4.389213180892473,,,,,
2017-08-08,1502164800000,25.59,11.11,1.7278900000000001,45.14986093045313,4.753765025064075,,,4.315396146648199,,,,,
2017-08-09,1502251200000,24.65,16.04,1.7284400000000002,44.36725296465495,4.5048448064764255,,,4.08244532324222,,,,,
2017-08-10,1502337600000,24.82,15.51,1.7245599999999999,44.33417461041908,4.532342173163349,,,4.107976122279154,,,,,
2017-08-11,1502424000000,25.200001,12.33,1.7178900000000001,44.31079721666418,4.598755463169806,,,4.169544408371209,,,,,
2017-08-14,1502683200000,24.83,12.04,1.7278900000000001,44.3056901231628,4.531788279074084,,,4.106438562346215,,,,,
2017-08-15,1502769600000,24.99,11.74,1.73622,43.94694024164831,4.527287855357494,,,4.097151340644998,,,,,
2017-08-16,1502856000000,24.540001,15.55,1.73289,43.82117316371696,4.433513315487289,,,4.011925468835285,,,,,
2017-08-17,1502942400000,24.83,14.26,1.72622,43.49717968775814,4.4541633697658805,,,4.029221214100865,,,,,
2017-08-18,1503028800000,24.459999,13.19,1.72733,43.488760837049455,4.3871100390653375,,,3.9682332454602878,,,,,
2017-08-21,1503288000000,25.34,11.35,1.72733,43.43081806786949,4.539278544642199,,,4.105331758710115,,,,,
2017-08-22,1503374400000,25.48,12.25,1.7278900000000001,43.3746384111179,4.558892254768365,,,4.122407728702068,,,,,
2017-08-23,1503460800000,25.66,12.23,1.72344,43.370396025149965,4.59019541850291,,,4.151749740968897,,,,,
2017-08-24,1503547200000,24.99,11.28,1.7278900000000001,43.433562877643226,4.476905178333193,,,4.048814585460482,,,,,
2017-08-25,1503633600000,24.91,11.32,1.7278900000000001,43.43332077318461,4.46255007080709,,,4.035829916006799,,,,,
2017-08-28,1503892800000,25.040001,11.7,1.714,42.54362483931431,4.398333673066482,,,3.9728052520741532,,,,,
2017-08-29,1503979200000,25.76,11.22,1.71344,42.53955149080427,4.5243365308750825,,,4.086714290785563,,,,,
2017-08-30,1504065600000,26.110001,10.59,1.7117799999999999,42.429171366060025,4.574488529599803,,,4.131346384493431,,,,,
2017-08-31,1504152000000,25.93,10.13,1.7128900000000002,42.40024041227375,4.54017549931919,,,4.099805416839152,,,,,
2017-09-01,1504238400000,25.77,12.23,1.7145599999999999,42.289192276865684,4.501284067966706,,,4.063208224327839,,,,,
2017-09-05,1504584000000,26.049999,11.63,1.7078900000000001,42.251478287432796,4.545656678884689,,,4.104529060815965,,,,,
2017-09-06,1504670400000,26.299999,11.55,1.709,41.62575033732082,4.525779539986695,,,4.080131466444492,,,,,
2017-09-07,1504756800000,26.530001000000002,12.12,1.69511,41.609700511387686,4.562141196376193,,,4.116218613132865,,,,,
2017-09-08,1504843200000,27.57,10.73,1.699,41.270786987194036,4.705292387675317,,,4.240834827128893,,,,,
2017-09-11,1505102400000,27.27,10.58,1.7095599999999997,41.28389571052304,4.656705196431397,,,4.194470531552527,,,,,
2017-09-12,1505188800000,27.49,10.5,1.71233,41.28631911928805,4.6948560062359315,,,4.228143720050005,,,,,
2017-09-13,1505275200000,28.639999,10.44,1.7195599999999998,41.231429719067705,4.886060425572504,,,4.397788553977669,,,,,
2017-09-14,1505361600000,28.5,10.17,1.73206,41.22199827335329,4.862658680085371,,,4.373272049853616,,,,,
2017-09-15,1505448000000,28.690001000000002,10.15,1.73983,41.19170869027187,4.892667664256352,,,4.397827590200924,,,,,
2017-09-18,1505707200000,28.559998999999998,10.18,1.7442799999999998,41.1800066596008,4.869748151328787,,,4.375901357264117,,,,,
2017-09-19,1505793600000,28.469998999999998,9.78,1.7473299999999998,41.17885060358157,4.8546462289992425,,,4.361502367791719,,,,,
2017-09-20,1505880000000,28.4,9.67,1.76761,41.091208572006714,4.8355453247369615,,,4.337954770652479,,,,,
2017-09-21,1505966400000,28.75,9.59,1.7753900000000002,41.08267633493356,4.89514652674176,,,4.389226219821218,,,,,
2017-09-22,1506052800000,27.450001,10.21,1.77483,41.171563575524814,4.683172536957752,,,4.200279624309273,,,,,
2017-09-25,1506312000000,27.610001,10.17,1.77567,41.1632892378395,4.709685323063798,,,4.22374989105227,,,,,
2017-09-26,1506398400000,28.07,9.87,1.7853900000000003,41.099556449336106,4.782399514943668,,,4.285687856403373,,,,,
2017-09-27,1506484800000,28.49,9.55,1.78678,41.00943076947379,4.844194690735801,,,4.3396619368557365,,,,,
2017-09-28,1506571200000,28.809998999999998,9.51,1.78233,40.93467323599098,4.8897243681550036,,,4.3807840835172165,,,,,
2017-09-29,1506657600000,29.389999,9.45,1.79067,40.9589679758733,4.9919756114505835,,,4.470381666847438,,,,,
2017-10-02,1506916800000,29.940001000000002,9.51,1.79872,40.958895333309954,5.086418890192847,,,4.55269657911967,,,,,
2017-10-03,1507003200000,30.15,9.63,1.7978900000000002,40.822855818650005,5.106122037099659,,,4.568901985767437,,,,,
2017-10-04,1507089600000,30.76,9.19,1.8001099999999999,40.75626376646782,5.201798497283471,,,4.6530386202423895,,,,,
2017-10-05,1507176000000,30.76,9.65,1.80456,40.606610435593744,5.18457593290095,,,4.634471685586852,,,,,
2017-10-06,1507262400000,31.07,10.33,1.8090000000000002,40.52266520765609,5.227326813132754,,,4.670323795195432,,,,,
2017-10-09,1507521600000,31.32,10.08,1.8095599999999998,40.177081981715745,5.22757596272883,,,4.6659188580497535,,,,,
2017-10-10,1507608000000,32.0,9.85,1.80844,40.05395664281762,5.325668423815339,,,4.752168950702206,,,,,
2017-10-11,1507694400000,32.810001,9.91,1.8128900000000001,40.09391109963265,5.466177523501344,,,4.876727480632741,,,,,
2017-10-12,1507780800000,32.810001,9.61,1.8095599999999998,40.025678987300736,5.457041208871198,,,4.868664128214185,,,,,
2017-10-13,1507867200000,33.220001,9.91,1.82122,34.339809492812684,4.7938942433920015,,,4.194360922771359,,,,,
2017-10-16,1508126400000,32.689999,10.31,1.8345599999999997,34.21493010395258,4.703470715910582,,,4.109220673733893,,,,,
2017-10-17,1508212800000,32.52,10.07,1.8278900000000002,34.20797357054573,4.677165814184806,,,4.0881357969544885,,,,,
2017-10-18,1508299200000,32.119999,10.05,1.83122,34.10299101101227,4.60699387618191,,,4.024158813682863,,,,,
2017-10-19,1508385600000,32.5,9.97,1.8351099999999998,33.89885082852767,4.636248227930603,,,4.0452765527680725,,,,,
2017-10-20,1508472000000,32.529999,11.07,1.8345599999999997,33.89677020176457,4.640184586504324,,,4.048843079343135,,,,,
2017-10-23,1508731200000,32.709998999999996,11.16,1.8445599999999998,33.8330707092907,4.659211946591917,,,4.06138695957077,,,,,
2017-10-24,1508817600000,32.900002,11.23,1.8428900000000001,33.83343593486094,4.686077650006906,,,4.085319462014233,,,,,
2017-10-25,1508904000000,34.110001000000004,11.3,1.8478900000000003,33.90051047475876,4.868084876739267,,,4.243557638777739,,,,,
2017-10-26,1508990400000,35.200001,9.8,1.84233,33.94871664296351,5.029375863991987,,,4.386812925146209,,,,,
2017-10-27,1509076800000,35.75,10.5,1.84844,33.89559882672795,5.101545519637161,,,4.446798167964649,,,,,
2017-10-30,1509336000000,37.189999,10.18,1.8559400000000001,34.024700301307014,5.326955967405984,,,4.6430975306505005,,,,,
2017-10-31,1509422400000,36.470001,10.2,1.86317,33.63684201270605,5.16997108448172,,,4.496763938304527,,,,,
2017-11-01,1509508800000,36.07,9.93,1.8628900000000002,33.6273890198227,5.111895303872012,,,4.4461709891247265,,,,,
2017-11-02,1509595200000,36.889998999999996,9.14,1.86428,33.578155675908725,5.221268933330794,,,4.539907040775027,,,,,
2017-11-03,1509681600000,37.18,9.4,1.86844,33.55334748699996,5.2594167764293225,,,4.571180448071652,,,,,
2017-11-06,1509944400000,36.759997999999996,9.89,1.87317,33.55612541353906,5.2011785306964695,,,4.519010307699286,,,,,
2017-11-07,1510030800000,36.709998999999996,9.78,1.88178,33.557393181865955,5.195698105455627,,,4.511355788924738,,,,,
2017-11-08,1510117200000,37.959998999999996,10.5,1.8815,33.648464360431035,5.3860175433213415,,,4.678477220290741,,,,,
2017-11-09,1510203600000,39.209998999999996,11.29,1.88428,33.67462441172605,5.567853359218649,,,4.835944451934997,,,,,
2017-11-13,1510549200000,39.98,11.5,1.89261,33.699226473216015,5.6825082874217285,,,4.932958213018392,,,,,
2017-11-14,1510635600000,39.740002000000004,11.59,1.88622,33.70879320689623,5.6487410373595734,,,4.906182332692411,,,,,
2017-11-15,1510722000000,40.66,13.13,1.90067,33.74192950971808,5.7873771827617695,,,5.021862757605484,,,,,
2017-11-16,1510808400000,41.900002,11.76,1.90622,33.740453817200844,5.964672272479454,,,5.173530462184502,,,,,
2017-11-17,1510894800000,44.18,11.43,1.92733,33.9154272670431,6.323469510392422,,,5.480128206840259,,,,,
2017-11-20,1511154000000,45.209998999999996,10.65,1.9340000000000002,33.86660761052241,6.463657046984338,,,5.5976964963535165,,,,,
2017-11-21,1511240400000,48.060001,9.73,1.9301099999999998,34.186119115631854,6.929990114665053,,,6.0112738672372155,,,,,
2017-11-22,1511326800000,48.810001,9.88,1.93606,34.177300279606015,7.037757266445325,,,6.1018554055812615,,,,,
2017-11-24,1511499600000,48.860001000000004,9.67,1.9429400000000001,34.17529256920594,7.046083971257452,,,6.105926392388049,,,,,
2017-11-27,1511758800000,41.02,9.87,1.93798,37.28620924754149,6.410035547527325,,,5.622729707374283,,,,,
2017-11-28,1511845200000,42.549999,10.03,1.94481,37.367274289087646,6.663769520022536,,,5.8442477851796015,,,,,
2017-11-29,1511931600000,39.130001,10.7,1.9516900000000001,38.062133830303885,6.2347253192342675,,,5.478433247494799,,,,,
2017-11-30,1512018000000,39.220001,11.28,1.9604400000000002,37.653034391770134,6.1883855090737105,,,5.426988671193189,,,,,
2017-12-01,1512104400000,38.220001,11.43,1.9816900000000002,37.62176038115051,6.029517971765021,,,5.2795713846459975,,,,,
2017-12-04,1512363600000,36.869999,11.68,1.9895,37.58874036215124,5.813085655730384,,,5.086805651611062,,,,,
2017-12-05,1512450000000,37.599998,11.33,1.98825,37.569674644480905,5.9251966970381424,,,5.184997624910986,,,,,
2017-12-06,1512536400000,37.610001000000004,11.02,1.99731,37.498784801264314,5.917931733047659,,,5.174195505497492,,,,,
2017-12-07,1512622800000,38.73,10.16,2.01075,37.410357886330424,6.083170563057668,,,5.312184366904601,,,,,
2017-12-08,1512709200000,38.09,9.58,2.01356,37.35962117444692,5.975627632899212,,,5.216332712322683,,,,,
2017-12-11,1512968400000,38.299999,9.34,2.02825,37.32237811109966,6.005510817607199,,,5.236516018625076,,,,,
2017-12-12,1513054800000,38.080002,9.92,2.03856,37.18111151256095,5.951889548829862,,,5.1834648702967625,,,,,
2017-12-13,1513141200000,36.189999,10.18,2.04263,37.45890423281174,5.696085012405892,,,4.964355936306589,,,,,
2017-12-14,1513227600000,37.009997999999996,10.49,2.04763,37.488446439162175,5.830194652476718,,,5.0800728984649375,,,,,
2017-12-15,1513314000000,37.029999,9.42,2.05825,37.4520317146488,5.829844528742432,,,5.0754647174482015,,,,,
2017-12-18,1513573200000,37.75,9.53,2.06888,37.46426036047907,5.946745456440696,,,5.173766827646288,,,,,
2017-12-19,1513659600000,36.919998,10.03,2.08366,37.51034983874445,5.8249783689831,,,5.063650426453009,,,,,
2017-12-20,1513746000000,35.66,9.72,2.09091,37.62440255518196,5.6430693604002045,,,4.905191913614155,,,,,
2017-12-21,1513832400000,35.869999,9.62,2.10216,37.62264110540159,5.67782399962071,,,4.931649596703222,,,,,
2017-12-22,1513918800000,35.139998999999996,9.9,2.10216,37.61802042341432,5.561644305680557,,,4.830655498785237,,,,,
2017-12-26,1514264400000,35.049999,10.25,2.10216,37.616839139451116,5.547239577082215,,,4.818122966956757,,,,,
2017-12-27,1514350800000,35.75,10.47,2.11063,37.63849173285777,5.662350325711483,,,4.91570725445759,,,,,
2017-12-28,1514437200000,35.130001,10.18,2.1063400000000003,37.64013655599416,5.563713799169248,,,4.831495115181057,,,,,
2017-12-29,1514523600000,34.669998,11.04,2.10697,37.64187823934481,5.49119033222755,,,4.768345676363619,,,,,
2018-01-02,1514869200000,36.169998,9.77,2.10933,37.724580302086736,5.740723612090407,,,4.985769224413983,,,,,
2018-01-03,1514955600000,37.310001,9.15,2.11782,37.786618854486704,5.932007783337909,,,5.150157434182882,,,,,
2018-01-04,1515042000000,38.099998,9.22,2.1383400000000004,37.77202962037096,6.058882655718232,,,5.252824009656328,,,,,
2018-01-05,1515128400000,41.139998999999996,9.22,2.14953,38.25759441037275,6.6216436339593185,,,5.746763603925004,,,,,
2018-01-08,1515387600000,40.759997999999996,9.52,2.15075,38.27103973488711,6.562818551139525,,,5.6955328988584375,,,,,
2018-01-09,1515474000000,40.880001,10.08,2.14633,38.264136791018046,6.5802594019103156,,,5.7121888304797706,,,,,
2018-01-10,1515560400000,40.84,9.82,2.15552,38.26039474119877,6.57486863002136,,,5.703974134342655,,,,,
2018-01-11,1515646800000,42.299999,9.88,2.1640599999999997,38.32036677895679,6.821307220716559,,,5.915743672138326,,,,,
2018-01-12,1515733200000,41.25,10.16,2.17313,38.29047058329241,6.648847580141781,,,5.762101425335691,,,,,
2018-01-16,1516078800000,39.32,11.66,2.1886900000000002,37.988383009192866,6.29448429776228,,,5.443240910319352,,,,,
2018-01-17,1516165200000,40.060001,11.91,2.19563,37.977911456637116,6.412540184268765,,,5.542556544999286,,,,,
2018-01-18,1516251600000,40.27,12.22,2.21438,37.974544357596066,6.448936560170555,,,5.567006413976369,,,,,
2018-01-19,1516338000000,42.560001,11.27,2.2275,38.21784207103403,6.858157106983963,,,5.920613739161393,,,,,
2018-01-22,1516597200000,45.290001000000004,11.03,2.2275,38.472634590636744,7.342693592187189,,,6.345011753170606,,,,,
2018-01-23,1516683600000,45.009997999999996,11.1,2.22781,38.43435676939708,7.2906972058991375,,,6.299047024206627,,,,,
2018-01-24,1516770000000,44.32,11.47,2.2246900000000003,38.42590420076618,7.1768791987488285,,,6.201783238158171,,,,,
2018-01-25,1516856400000,45.119999,11.58,2.23063,38.410605573787095,7.304927304473065,,,6.309609271869822,,,,,
2018-01-26,1516942800000,45.970001,11.08,2.24063,38.42146510175277,7.446481072224825,,,6.427917176086688,,,,,
2018-01-29,1517202000000,45.43,13.84,2.24594,38.38878987555334,7.354323488148407,,,6.345365651543072,,,,,
2018-01-30,1517288400000,45.52,14.79,2.2640599999999997,38.32574245742709,7.361402990953145,,,6.342382030464552,,,,,
2018-01-31,1517374800000,46.91,13.54,2.26313,38.38829969485217,7.597345013005277,,,6.547633698514396,,,,,
2018-02-01,1517461200000,44.450001,13.47,2.26671,38.68564970300074,7.2507170156428264,,,6.254497753008604,,,,,
2018-02-02,1517547600000,43.610001000000004,17.31,2.29278,38.561449763338,7.097727250204568,,,6.109221305675824,,,,,
2018-02-05,1517806800000,41.02,37.32,2.29051,38.89089051491622,6.728002524721727,,,5.7991140750629135,,,,,
2018-02-06,1517893200000,41.610001000000004,29.98,2.2930900000000003,38.89446463472479,6.825815687898795,,,5.882517587052018,,,,,
2018-02-07,1517979600000,41.669998,27.73,2.27825,38.836669609383996,6.82365662849071,,,5.885042485432415,,,,,
2018-02-08,1518066000000,39.5,33.46,2.28588,39.120290512257384,6.512903552835574,,,5.620222630486344,,,,,
2018-02-09,1518152400000,39.57,29.06,2.3134900000000003,39.120222522017286,6.5291925131896305,,,5.624252727645876,,,,,
2018-02-12,1518411600000,39.919998,25.61,2.31906,39.119049714090096,6.5877310977020445,,,5.672614456482612,,,,,
2018-02-13,1518498000000,42.110001000000004,24.97,2.32688,39.308243822894774,6.981330734560093,,,6.012793591591175,,,,,
2018-02-14,1518584400000,41.849998,19.26,2.3384400000000003,39.31634313698443,6.941639278339879,,,5.974355933342469,,,,,
2018-02-15,1518670800000,44.290001000000004,19.13,2.38125,39.522170155925004,7.389796755333247,,,6.347599019741054,,,,,
2018-02-16,1518757200000,44.110001000000004,19.46,2.39063,39.52529228597135,7.3620946101299785,,,6.3200925262795735,,,,,
2018-02-20,1519102800000,44.93,20.6,2.39813,39.52125349267217,7.499720472587949,,,6.435057686147123,,,,,
2018-02-21,1519189200000,44.099998,20.02,2.40844,39.36320687861872,7.336260733158895,,,6.286826959953892,,,,,
2018-02-22,1519275600000,44.900002,18.72,2.42563,39.380779580533755,7.475751042177143,,,6.399745832985849,,,,,
2018-02-23,1519362000000,44.860001000000004,16.49,2.4496900000000004,39.36863545826816,7.471690418864696,,,6.386110420036907,,,,,
2018-02-26,1519621200000,46.549999,15.8,2.45969,39.46505972387993,7.7725112661179345,,,6.641492397057274,,,,,
2018-02-27,1519707600000,45.91,18.59,2.46938,39.4903501708718,7.672065364913582,,,6.5522560830173076,,,,,
2018-02-28,1519794000000,46.049999,19.85,2.48125,39.488462533867896,7.697505909448407,,,6.568949363918043,,,,,
2018-03-01,1519880400000,46.009997999999996,22.47,2.50219,39.4779713160216,7.6931547684396335,,,6.5561811402488,,,,,
2018-03-02,1519966800000,46.02,19.59,2.5075,39.476227022327926,7.695582279836997,,,6.555978275451932,,,,,
2018-03-05,1520226000000,50.419998,18.73,2.49669,40.117730049410035,8.553678300703641,,,7.310431838089261,,,,,
2018-03-06,1520312400000,49.599998,18.36,2.4979400000000003,40.109336513176714,8.413231113761785,,,7.189599342627144,,,,,
2018-03-07,1520398800000,50.720001,17.76,2.512,40.13174296996976,8.610682725844054,,,7.352465669018724,,,,,
2018-03-08,1520485200000,52.25,16.54,2.51856,40.12082941299509,8.869719570827037,,,7.570205186567986,,,,,
2018-03-09,1520571600000,52.490002000000004,14.64,2.5326299999999997,40.09983750406542,8.909421965429381,,,7.5967373150011275,,,,,
2018-03-12,1520827200000,53.189999,15.78,2.5445,40.10704929120679,9.032456154756307,,,7.696110389622407,,,,,
2018-03-13,1520913600000,51.830002,16.35,2.56263,40.14918307931197,8.814002291871683,,,7.502665232982738,,,,,
2018-03-14,1521000000000,54.610001000000004,17.23,2.57763,40.347540820861504,9.332035951032877,,,7.9423792283979155,,,,,
2018-03-15,1521086400000,54.84,16.59,2.59013,40.346562154783626,9.374106947822881,,,7.9719173135710655,,,,,
2018-03-16,1521172800000,54.889998999999996,15.8,2.60138,40.34245673214736,9.384465525538149,,,7.974980583640862,,,,,
2018-03-19,1521432000000,54.580002,19.02,2.6145,40.3507948326189,9.336325958928152,,,7.927824671848082,,,,,
2018-03-20,1521518400000,57.689999,18.2,2.63325,40.54346705064697,9.915796932014466,,,8.416501761723705,,,,,
2018-03-21,1521604800000,57.09,17.86,2.65138,40.557010728991536,9.820133276102744,,,8.326350865576812,,,,,
2018-03-22,1521691200000,55.16,23.34,2.677,40.682579950865176,9.52093159971943,,,8.063887941826234,,,,,
2018-03-23,1521777600000,51.669998,24.87,2.6663799999999998,41.017631676006005,8.982760432913787,,,7.623247377802745,,,,,
2018-03-26,1522036800000,53.549999,21.03,2.6719999999999997,41.100111938619584,9.327886228647902,,,7.915977360529432,,,,,
2018-03-27,1522123200000,51.060001,22.5,2.67138,41.31496170623211,8.936204531717447,,,7.5902556231641745,,,,,
2018-03-28,1522209600000,47.389998999999996,22.87,2.6595,41.821247033802216,8.383718321093244,,,7.139993040366222,,,,,
2018-03-29,1522296000000,49.200001,19.97,2.66263,41.87625998354917,8.714990360105723,,,7.422263019881786,,,,,
2018-03-30,1522382400000,47.68,23.62,2.66263,41.89098928839415,8.44844585150781,,,7.195656454575128,,,,,
2018-04-02,1522641600000,47.580002,21.1,2.66263,41.889388713603395,8.430434448338541,,,7.180272493396514,,,,,
2018-04-03,1522728000000,47.669998,20.06,2.67,41.874144954037206,8.44509965922736,,,7.189152222715625,,,,,
2018-04-04,1522814400000,48.02,18.94,2.68094,41.870315966229455,8.508660082821907,,,7.238376547662443,,,,,
2018-04-05,1522900800000,45.869999,21.49,2.70031,42.07389356435666,8.167406465580193,,,6.9453482321093665,,,,,
2018-04-06,1522987200000,45.889998999999996,21.77,2.70825,42.006374077323564,8.160631170399054,,,6.934493650016672,,,,,
2018-04-09,1523246400000,47.799999,20.47,2.70356,42.111962307404255,8.51871252139215,,,7.243723573054048,,,,,
2018-04-10,1523332800000,47.759997999999996,20.24,2.70419,42.10668887666717,8.510745554602785,,,7.236530707962476,,,,,
2018-04-11,1523419200000,49.689999,18.49,2.7095,42.20859751072759,8.87525485548116,,,7.546980391394107,,,,,
2018-04-12,1523505600000,47.5,17.41,2.71719,42.40571217861506,8.521622938599748,,,7.2483348561973235,,,,,
2018-04-13,1523592000000,47.029999,16.56,2.7309400000000004,42.401537899286296,8.439326455452832,,,7.172344402902411,,,,,
2018-04-16,1523851200000,49.130001,15.25,2.7440599999999997,42.25347018488427,8.790997741306228,,,7.461170114004003,,,,,
2018-04-17,1523937600000,51.380001,15.6,2.74606,42.37444544626484,9.217906916878553,,,7.82617757845378,,,,,
2018-04-18,1524024000000,50.630001,15.96,2.7475,42.391524308501275,9.086985292979644,,,7.714861875082295,,,,,
2018-04-19,1524110400000,51.459998999999996,16.88,2.7584400000000002,42.403921602160885,9.24081954515875,,,7.8407255022040525,,,,,
2018-04-20,1524196800000,50.349998,16.34,2.76031,42.45499755445576,9.051770733761627,,,7.680961039940518,,,,,
2018-04-23,1524456000000,46.009997999999996,18.02,2.76875,43.08733527826368,8.384856119855169,,,7.128428237260188,,,,,
2018-04-24,1524542400000,44.75,17.84,2.76875,43.07780012259186,8.153597258076495,,,6.931577040946177,,,,,
2018-04-25,1524628800000,46.740002000000004,16.24,2.77188,43.18474672355753,8.535983907982455,,,7.258198295039063,,,,,
2018-04-26,1524715200000,47.57,15.41,2.76993,43.101486101433984,8.671973325112068,,,7.372399359268215,,,,,
2018-04-27,1524801600000,47.34,15.93,2.78031,43.03516743569559,8.620103392312199,,,7.322033440254412,,,,,
2018-04-30,1525060800000,48.200001,15.49,2.7700400000000003,43.0507463732897,8.777462184504111,,,7.460625528840088,,,,,
2018-05-01,1525147200000,48.66,15.97,2.77685,43.04355146033947,8.861305533929167,,,7.528678481222798,,,,,
2018-05-02,1525233600000,49.209998999999996,15.9,2.77273,43.0418640541679,8.960277560563604,,,7.614559928434797,,,,,
2018-05-03,1525320000000,49.099998,14.77,2.7766599999999997,43.04471778815479,8.94161182155775,,,7.597025499157585,,,,,
2018-05-04,1525406400000,51.119999,14.75,2.7766599999999997,43.13203811617079,9.326598700390925,,,7.926695355048423,,,,,
2018-05-07,1525665600000,53.32,14.71,2.77094,43.245817327203206,9.749945133020292,,,8.292761995790299,,,,,
2018-05-08,1525752000000,54.259997999999996,13.42,2.77094,43.22360054834208,9.91720655768118,,,8.434334199996757,,,,,
2018-05-09,1525838400000,54.650002,13.23,2.7681299999999998,43.18768616297467,9.980302835066093,,,8.488265769623371,,,,,
2018-05-10,1525924800000,54.73,12.65,2.76579,43.18076064714612,9.992910555819034,,,8.499935142088798,,,,,
2018-05-11,1526011200000,54.279999,12.93,2.7574799999999997,43.101084141264685,9.89222579585675,,,8.415913728477939,,,,,
2018-05-14,1526270400000,54.650002,14.63,2.75386,43.06320550608378,9.950868027911048,,,8.46641714532575,,,,,
2018-05-15,1526356800000,56.59,13.42,2.7614799999999997,43.096715353065186,10.313230466731067,,,8.771888803695838,,,,,
2018-05-16,1526443200000,54.82,13.43,2.76648,43.19556790061378,10.012618890442644,,,8.516820435451532,,,,,
2018-05-17,1526529600000,55.040001000000004,13.42,2.7648200000000003,43.19541400160609,10.052377857492312,,,8.551465277230324,,,,,
2018-05-18,1526616000000,56.389998999999996,13.08,2.76523,42.95623264736444,10.247292395953188,,,8.709341169205032,,,,,
2018-05-21,1526875200000,54.630001,13.22,2.76402,43.03538051219007,9.943769287420483,,,8.454462320594692,,,,,
2018-05-22,1526961600000,55.09,12.58,2.75409,43.03275497787503,10.024602177019627,,,8.528076420966363,,,,,
2018-05-23,1527048000000,55.549999,12.53,2.73742,43.03081907197324,10.103931732390663,,,8.60391943601779,,,,,
2018-05-24,1527134400000,55.77,13.22,2.73137,43.01929304298955,10.14003695686035,,,8.637367064777234,,,,,
2018-05-25,1527220800000,56.919998,17.02,2.73137,43.005842082645664,10.346190087059183,,,8.812534586753802,,,,,
2018-05-29,1527566400000,57.91,14.94,2.7075,42.995332016254814,10.517889287907668,,,8.971011391898976,,,,,
2018-05-30,1527652800000,58.25,15.43,2.7,42.98056548736041,10.574470948791204,,,9.022763267583825,,,,,
2018-05-31,1527739200000,59.41,13.46,2.71813,42.998589571304464,10.793771330183619,,,9.200679533417864,,,,,
2018-06-01,1527825600000,61.200001,12.74,2.7241299999999997,43.050439039913904,11.132732730522056,,,9.48806824850617,,,,,
2018-06-04,1528084800000,61.57,12.4,2.74011,43.04123209304488,11.202072390490224,,,9.537890987799614,,,,,
2018-06-05,1528171200000,62.720001,11.64,2.73888,42.99828297974074,11.400636942600773,,,9.706122662061784,,,,,
2018-06-06,1528257600000,60.669998,12.13,2.7408799999999998,43.10948174047957,11.054413949084749,,,9.41410425594654,,,,,
2018-06-07,1528344000000,61.779999,12.18,2.75375,43.11889540104357,11.262294748083818,,,9.584238798237436,,,,,
2018-06-08,1528430400000,61.290001000000004,12.35,2.74025,43.125816937232635,11.171058347499418,,,9.514361577802413,,,,,
2018-06-11,1528689600000,63.209998999999996,12.34,2.7646900000000003,43.1509882931808,11.53371963659182,,,9.810095336019137,,,,,
2018-06-12,1528776000000,62.5,12.94,2.76688,43.159608395939635,11.406820690766232,,,9.701225388674498,,,,,
2018-06-13,1528862400000,63.880001,12.12,2.77188,43.17820151187677,11.664605766866874,,,9.91824413357875,,,,,
2018-06-14,1528948800000,64.480003,11.98,2.77219,43.12101424934084,11.760107471653905,,,9.99714846506691,,,,,
2018-06-15,1529035200000,66.199997,12.31,2.77188,43.13626851262039,12.077592573402608,,,10.267806520259175,,,,,
2018-06-18,1529294400000,65.959999,13.35,2.7625,43.088169399345844,12.018988841148275,,,10.221782079176961,,,,,
2018-06-19,1529380800000,67.589996,12.79,2.7725,43.12134651342208,12.327495584843955,,,10.479301917394169,,,,,
2018-06-20,1529467200000,67.099998,14.64,2.77031,43.115744909091475,12.23605600589618,,,10.40269026027001,,,,,
2018-06-21,1529553600000,65.75,13.77,2.77688,43.161767902486076,12.00333240326469,,,10.202650893857884,,,,,
2018-06-22,1529640000000,61.889998999999996,17.33,2.76594,43.476712741575795,11.37051675275388,,,9.682133980632939,,,,,
2018-06-25,1529899200000,62.549999,15.92,2.77094,43.479397988343145,11.493752223455601,,,9.78432229516315,,,,,
2018-06-26,1529985600000,60.09,17.91,2.76281,43.628419093255815,11.073973396069608,,,9.436524819257087,,,,,
2018-06-27,1530072000000,61.549999,16.85,2.76313,43.65625953140337,11.349690896686935,,,9.672265849902386,,,,,
2018-06-28,1530158400000,61.639998999999996,16.09,2.7640599999999997,43.65635809915475,11.366554478868366,,,9.686119031274227,,,,,
2018-06-29,1530244800000,63.139998999999996,15.6,2.77156,43.684659188606595,11.65202876639237,,,9.926093950236117,,,,,
2018-07-02,1530504000000,61.75,16.14,2.77313,43.69741973879095,11.398948999754273,,,9.710066904109297,,,,,
2018-07-03,1530590400000,64.150002,14.97,2.7734400000000003,43.78959066868651,11.864738471429757,,,10.110022133786694,,,,,
2018-07-05,1530763200000,66.440002,13.37,2.784,43.86007578760323,12.309222270520197,,,10.485043010171694,,,,,
2018-07-06,1530849600000,66.480003,12.69,2.77375,43.83753792523624,12.307986506411615,,,10.489336426074264,,,,,
2018-07-09,1531108800000,64.760002,12.64,2.7759400000000003,43.908876314394824,12.007861913493752,,,10.2348853476771,,,,,
2018-07-10,1531195200000,65.33000200000001,13.63,2.78094,43.90326138926305,12.11353708196328,,,10.321778264969382,,,,,
2018-07-11,1531281600000,67.279999,12.58,2.7784400000000002,43.94904065799553,12.486196147378154,,,10.642592059378256,,,,,
2018-07-12,1531368000000,66.970001,12.18,2.78531,43.916531156447505,12.422279632633266,,,10.582695485226699,,,,,
2018-07-13,1531454400000,66.949997,12.83,2.78688,43.91673684648656,12.419069565666089,,,10.579012669627597,,,,,
2018-07-16,1531713600000,68.33000200000001,12.06,2.78775,43.92965996796233,12.678694949496224,,,10.800131800488307,,,,,
2018-07-17,1531800000000,68.290001,12.1,2.79575,43.930203808189574,12.673741947086265,,,10.790965735412113,,,,,
2018-07-18,1531886400000,68.290001,12.1,2.80088,43.930203808189574,12.675234160125745,,,10.789051345200072,,,,,
